{"annotatable":{"parts":["s1v1"]},"anncomplete":false,"sources":[],"metas":{},"entities":[{"classId":"e_1","part":"s1v1","offsets":[{"start":25,"text":"K könnte einen Anspruch auf Übergabe und Übereignung der Maschine gegen V aus §433 II BGB haben"}],"coordinates":[],"confidence":{"state":"pre-added","who":["user:Frederike"],"prob":1},"fields":{},"normalizations":{}},{"classId":"e_4","part":"s1v1","offsets":[{"start":260,"text":"Ein Kaufvertrag ist ein zweiseitiges Rechtsgeschäft, dass durch zwei korrespondierende Willenserklärungen, Angebot und Annahme, zustande kommt"}],"coordinates":[],"confidence":{"state":"pre-added","who":["user:Frederike"],"prob":1},"fields":{},"normalizations":{}},{"classId":"e_5","part":"s1v1","offsets":[{"start":439,"text":"A schickte der Medizinprodukteherstellerin K per E-Mail ein bis zum 10.03. befristetes Angebot über den Kauf der Maschine zu einem Kaufpreis von 1.000.000€. Durch diesen Prozess ist eine empfangsbedürftige Willenserklärung zustande gekommen"}],"coordinates":[],"confidence":{"state":"pre-added","who":["user:Frederike"],"prob":1},"fields":{},"normalizations":{}},{"classId":"e_7","part":"s1v1","offsets":[{"start":439,"text":"A schickte der Medizinprodukteherstellerin K per E-Mail ein bis zum 10.03. befristetes Angebot über den Kauf der Maschine zu einem Kaufpreis von 1.000.000€"}],"coordinates":[],"confidence":{"state":"pre-added","who":["user:Frederike"],"prob":1},"fields":{},"normalizations":{}},{"classId":"e_6","part":"s1v1","offsets":[{"start":596,"text":"Durch diesen Prozess ist eine empfangsbedürftige Willenserklärung zustande gekommen"}],"coordinates":[],"confidence":{"state":"pre-added","who":["user:Frederike"],"prob":1},"fields":{},"normalizations":{}},{"classId":"e_5","part":"s1v1","offsets":[{"start":718,"text":"Nach Erhalt des Angebots kann K über die Annahme entscheiden. Diese Annahme ist eine empfangsbedürftige Willenserklärung. Dieses Angebot nahm K an und machte dies mit einer E- Mail- Rückmeldung am 10.03. klar. Die Mail landete im Spam Ordner, wo A am 10.03 nicht mehr nachlas. Jedoch wurde die Mail und somit auch das Angebot rechtzeitig angenommen"}],"coordinates":[],"confidence":{"state":"pre-added","who":["user:Frederike"],"prob":1},"fields":{},"normalizations":{}},{"classId":"e_7","part":"s1v1","offsets":[{"start":840,"text":"Dieses Angebot nahm K an und machte dies mit einer E- Mail- Rückmeldung am 10.03. klar"}],"coordinates":[],"confidence":{"state":"pre-added","who":["user:Frederike"],"prob":1},"fields":{},"normalizations":{}},{"classId":"e_7","part":"s1v1","offsets":[{"start":928,"text":"Die Mail landete im Spam Ordner, wo A am 10.03 nicht mehr nachlas"}],"coordinates":[],"confidence":{"state":"pre-added","who":["user:Frederike"],"prob":1},"fields":{},"normalizations":{}},{"classId":"e_6","part":"s1v1","offsets":[{"start":995,"text":"Jedoch wurde die Mail und somit auch das Angebot rechtzeitig angenommen"}],"coordinates":[],"confidence":{"state":"pre-added","who":["user:Frederike"],"prob":1},"fields":{},"normalizations":{}},{"classId":"e_2","part":"s1v1","offsets":[{"start":1073,"text":"Somit ist gemäß §433 Abs. 2 BGB ein Kaufvertrag zustande gekommen und ist rechtswirksam in Kraft getreten"}],"coordinates":[],"confidence":{"state":"pre-added","who":["user:Frederike"],"prob":1},"fields":{},"normalizations":{}},{"classId":"e_5","part":"s1v1","offsets":[{"start":1205,"text":"Im Sachverhalt wird die Herausgabe der Maschine verweigert. Außerdem vertritt V die Ansicht, dass kein wirksamer Kaufvertrag zustande gekommen sei. Außerdem ist zwischen V und A ein Absprachefehler unterlaufen, sodass beide andere preisliche Vorstellungen hatten."}],"coordinates":[],"confidence":{"state":"pre-added","who":["user:Frederike"],"prob":1},"fields":{},"normalizations":{}},{"classId":"e_7","part":"s1v1","offsets":[{"start":1205,"text":"Im Sachverhalt wird die Herausgabe der Maschine verweigert"}],"coordinates":[],"confidence":{"state":"pre-added","who":["user:Frederike"],"prob":1},"fields":{},"normalizations":{}},{"classId":"e_7","part":"s1v1","offsets":[{"start":1265,"text":"Außerdem vertritt V die Ansicht, dass kein wirksamer Kaufvertrag zustande gekommen sei"}],"coordinates":[],"confidence":{"state":"pre-added","who":["user:Frederike"],"prob":1},"fields":{},"normalizations":{}},{"classId":"e_7","part":"s1v1","offsets":[{"start":1353,"text":"Außerdem ist zwischen V und A ein Absprachefehler unterlaufen"}],"coordinates":[],"confidence":{"state":"pre-added","who":["user:Frederike"],"prob":1},"fields":{},"normalizations":{}},{"classId":"e_6","part":"s1v1","offsets":[{"start":1416,"text":"sodass beide andere preisliche Vorstellungen hatten"}],"coordinates":[],"confidence":{"state":"pre-added","who":["user:Frederike"],"prob":1},"fields":{},"normalizations":{}},{"classId":"e_5","part":"s1v1","offsets":[{"start":1494,"text":"Die Annahmeverweigerung von V gegenüber K stellt einen Willensmangel dar und stört somit den Abschluss der Kaufvertragspflichten."}],"coordinates":[],"confidence":{"state":"pre-added","who":["user:Frederike"],"prob":1},"fields":{},"normalizations":{}},{"classId":"e_7","part":"s1v1","offsets":[{"start":1494,"text":"Die Annahmeverweigerung von V gegenüber K stellt einen Willensmangel dar"}],"coordinates":[],"confidence":{"state":"pre-added","who":["user:Frederike"],"prob":1},"fields":{},"normalizations":{}},{"classId":"e_6","part":"s1v1","offsets":[{"start":1567,"text":"und stört somit den Abschluss der Kaufvertragspflichten"}],"coordinates":[],"confidence":{"state":"pre-added","who":["user:Frederike"],"prob":1},"fields":{},"normalizations":{}},{"classId":"e_2","part":"s1v1","offsets":[{"start":1624,"text":"Dies ist somit schon eine hinreichende Anfechtungserklärung"}],"coordinates":[],"confidence":{"state":"pre-added","who":["user:Frederike"],"prob":1},"fields":{},"normalizations":{}},{"classId":"e_5","part":"s1v1","offsets":[{"start":1823,"text":"V wollte aufgrund der Pandemie-Situation 2.000.000€ für die Maschine haben, A jedoch hat als Kaufpreis im Kaufvertrag 1.000.000€ angegeben. Jedoch wurde A von V angewiesen, selbstständig zu handeln und den Kaufvertrag abzuschließen. Außerdem ist nach §166 Abs. 2 gesagt, dass die Person, die jemanden Bevollmächtigt, mit den Konsequenzen der Fehler rechnen muss."}],"coordinates":[],"confidence":{"state":"pre-added","who":["user:Frederike"],"prob":1},"fields":{},"normalizations":{}},{"classId":"e_7","part":"s1v1","offsets":[{"start":1823,"text":"V wollte aufgrund der Pandemie-Situation 2.000.000€ für die Maschine haben, A jedoch hat als Kaufpreis im Kaufvertrag 1.000.000€ angegeben"}],"coordinates":[],"confidence":{"state":"pre-added","who":["user:Frederike"],"prob":1},"fields":{},"normalizations":{}},{"classId":"e_7","part":"s1v1","offsets":[{"start":1963,"text":"Jedoch wurde A von V angewiesen, selbstständig zu handeln und den Kaufvertrag abzuschließen"}],"coordinates":[],"confidence":{"state":"pre-added","who":["user:Frederike"],"prob":1},"fields":{},"normalizations":{}},{"classId":"e_7","part":"s1v1","offsets":[{"start":2056,"text":"Außerdem ist nach §166 Abs. 2 gesagt, dass die Person, die jemanden Bevollmächtigt, mit den Konsequenzen der Fehler rechnen muss"}],"coordinates":[],"confidence":{"state":"pre-added","who":["user:Frederike"],"prob":1},"fields":{},"normalizations":{}},{"classId":"e_2","part":"s1v1","offsets":[{"start":2186,"text":"Somit ist ein Anfechtungsgrund der V nicht gegeben"}],"coordinates":[],"confidence":{"state":"pre-added","who":["user:Frederike"],"prob":1},"fields":{},"normalizations":{}},{"classId":"e_5","part":"s1v1","offsets":[{"start":2456,"text":"Da dies nach einem Tag direkt passierte, ist zusagen, dass die Anfechtungsfrist eingehalten ist"}],"coordinates":[],"confidence":{"state":"pre-added","who":["user:Frederike"],"prob":1},"fields":{},"normalizations":{}},{"classId":"e_7","part":"s1v1","offsets":[{"start":2456,"text":"Da dies nach einem Tag direkt passierte"}],"coordinates":[],"confidence":{"state":"pre-added","who":["user:Frederike"],"prob":1},"fields":{},"normalizations":{}},{"classId":"e_6","part":"s1v1","offsets":[{"start":2497,"text":"ist zusagen, dass die Anfechtungsfrist eingehalten ist"}],"coordinates":[],"confidence":{"state":"pre-added","who":["user:Frederike"],"prob":1},"fields":{},"normalizations":{}},{"classId":"e_2","part":"s1v1","offsets":[{"start":2567,"text":"Eine Anfechtung des Kaufvertrags ist nicht gegeben und lässt die Willenserklärung der V nicht erlöschen"}],"coordinates":[],"confidence":{"state":"pre-added","who":["user:Frederike"],"prob":1},"fields":{},"normalizations":{}},{"classId":"e_2","part":"s1v1","offsets":[{"start":2672,"text":"Der Anspruch der K ist gemäß §433 Abs. 2 gegeben"}],"coordinates":[],"confidence":{"state":"pre-added","who":["user:Frederike"],"prob":1},"fields":{},"normalizations":{}},{"classId":"e_2","part":"s1v1","offsets":[{"start":2722,"text":"Infolgedessen kann K Anspruch auf Übergabe und Übereignung abverlangen"}],"coordinates":[],"confidence":{"state":"pre-added","who":["user:Frederike"],"prob":1},"fields":{},"normalizations":{}},{"classId":"e_2","part":"s1v1","offsets":[{"start":2794,"text":"Außerdem wird K Eigentümer der Maschine"}],"coordinates":[],"confidence":{"state":"pre-added","who":["user:Frederike"],"prob":1},"fields":{},"normalizations":{}}],"relations":[{"classId":"r_8","type":"linked","directed":false,"entities":["s1v1|e_7|439,593","s1v1|e_6|596,678"],"confidence":{"state":"pre-added","who":["user:Frederike"],"prob":1}},{"classId":"r_8","type":"linked","directed":false,"entities":["s1v1|e_7|928,992","s1v1|e_6|995,1065"],"confidence":{"state":"pre-added","who":["user:Frederike"],"prob":1}},{"classId":"r_8","type":"linked","directed":false,"entities":["s1v1|e_7|1353,1413","s1v1|e_6|1416,1466"],"confidence":{"state":"pre-added","who":["user:Frederike"],"prob":1}},{"classId":"r_8","type":"linked","directed":false,"entities":["s1v1|e_7|1494,1565","s1v1|e_6|1567,1621"],"confidence":{"state":"pre-added","who":["user:Frederike"],"prob":1}},{"classId":"r_8","type":"linked","directed":false,"entities":["s1v1|e_7|2456,2494","s1v1|e_6|2497,2550"],"confidence":{"state":"pre-added","who":["user:Frederike"],"prob":1}}]}