{"annotatable":{"parts":["s1v1"]},"anncomplete":true,"sources":[],"metas":{},"entities":[{"classId":"e_1","part":"s1v1","offsets":[{"start":17,"text":"K könnte gem. §433 I BGB einen Anspruch gegen V auf Übergabe und Übereignung der Maschine zur industriellen Herstellung medizinscher Schutzmasken haben"}],"coordinates":[],"confidence":{"state":"pre-added","who":["user:FabianBrese"],"prob":1},"fields":{},"normalizations":{}},{"classId":"e_4","part":"s1v1","offsets":[{"start":249,"text":"Ein Vertrag kommt zustande durch zwei in Bezug aufeinander abgegebene, inhaltlich übereinstimmende Willenserklärungen"}],"coordinates":[],"confidence":{"state":"pre-added","who":["user:FabianBrese"],"prob":1},"fields":{},"normalizations":{}},{"classId":"e_1","part":"s1v1","offsets":[{"start":384,"text":"Fraglich ist, ob ein Angebot durch V vorliegt"}],"coordinates":[],"confidence":{"state":"pre-added","who":["user:FabianBrese"],"prob":1},"fields":{},"normalizations":{}},{"classId":"e_4","part":"s1v1","offsets":[{"start":435,"text":"Ein Angebot ist eine empfangsbedürftige Willenserklärung, durch die einem anderen der Vertragsabschluss unter Festlegung der wesentlichen Vertragsbestandteile (Kaufpreis, Kaufsache, Vertragsparteien) so angetragen wird, dass das Zustandekommen des Vertrages nur von dessen Zustimmung abhängt"}],"coordinates":[],"confidence":{"state":"pre-added","who":["user:FabianBrese"],"prob":1},"fields":{},"normalizations":{}},{"classId":"e_5","part":"s1v1","offsets":[{"start":734,"text":"Im vorliegenden Fall hat die A per E-Mail erklärt, dass sie die Maschine verkaufen möchte. Damit sind sowohl die Vertragsparteien V und K, die Kaufsache Maschine sowie der Kaufpreis von 1.000.000,- € erklärt worden und damit alle wesentlichen Vertragsbestandteile benannt."}],"coordinates":[],"confidence":{"state":"pre-added","who":["user:FabianBrese"],"prob":1},"fields":{},"normalizations":{}},{"classId":"e_7","part":"s1v1","offsets":[{"start":734,"text":"Im vorliegenden Fall hat die A per E-Mail erklärt, dass sie die Maschine verkaufen möchte"}],"coordinates":[],"confidence":{"state":"pre-added","who":["user:FabianBrese"],"prob":1},"fields":{},"normalizations":{}},{"classId":"e_6","part":"s1v1","offsets":[{"start":825,"text":"Damit sind sowohl die Vertragsparteien V und K, die Kaufsache Maschine sowie der Kaufpreis von 1.000.000,- € erklärt worden und damit alle wesentlichen Vertragsbestandteile benannt"}],"coordinates":[],"confidence":{"state":"pre-added","who":["user:FabianBrese"],"prob":1},"fields":{},"normalizations":{}},{"classId":"e_1","part":"s1v1","offsets":[{"start":1014,"text":"Fraglich ist, ob die A für die V ein Angebot abgeben durfte"}],"coordinates":[],"confidence":{"state":"pre-added","who":["user:FabianBrese"],"prob":1},"fields":{},"normalizations":{}},{"classId":"e_4","part":"s1v1","offsets":[{"start":1081,"text":"Um das Angebot im Namen der V abgeben zu dürfen, ist gemäß §167 BGB eine Erteilung der Vollmacht durch Erklärung gegenüber dem zu Bevollmächtigten nötig"}],"coordinates":[],"confidence":{"state":"pre-added","who":["user:FabianBrese"],"prob":1},"fields":{},"normalizations":{}},{"classId":"e_5","part":"s1v1","offsets":[{"start":1241,"text":"Die V hat gegenüber der A die Vollmacht erklärt, in Ihrem Namen eigenverantwortlich den Verkauf der Maschine zu verhandeln und abzuwickeln. Somit durfte die A im Namen der V das Angebot über 1.000.000,- € für die Maschine abgeben."}],"coordinates":[],"confidence":{"state":"pre-added","who":["user:FabianBrese"],"prob":1},"fields":{},"normalizations":{}},{"classId":"e_7","part":"s1v1","offsets":[{"start":1241,"text":"Die V hat gegenüber der A die Vollmacht erklärt, in Ihrem Namen eigenverantwortlich den Verkauf der Maschine zu verhandeln und abzuwickeln"}],"coordinates":[],"confidence":{"state":"pre-added","who":["user:FabianBrese"],"prob":1},"fields":{},"normalizations":{}},{"classId":"e_6","part":"s1v1","offsets":[{"start":1381,"text":"Somit durfte die A im Namen der V das Angebot über 1.000.000,- € für die Maschine abgeben"}],"coordinates":[],"confidence":{"state":"pre-added","who":["user:FabianBrese"],"prob":1},"fields":{},"normalizations":{}},{"classId":"e_2","part":"s1v1","offsets":[{"start":1475,"text":"Es handelt sich somit um das Angebot durch die V"}],"coordinates":[],"confidence":{"state":"pre-added","who":["user:FabianBrese"],"prob":1},"fields":{},"normalizations":{}},{"classId":"e_1","part":"s1v1","offsets":[{"start":1543,"text":"Fraglich ist, ob die K das Angebot angenommen hat"}],"coordinates":[],"confidence":{"state":"pre-added","who":["user:FabianBrese"],"prob":1},"fields":{},"normalizations":{}},{"classId":"e_4","part":"s1v1","offsets":[{"start":1598,"text":"Eine Annahme ist die in Bezug auf ein Angebot abgegebene bedingungslos zustimmende Willenserklärung"}],"coordinates":[],"confidence":{"state":"pre-added","who":["user:FabianBrese"],"prob":1},"fields":{},"normalizations":{}},{"classId":"e_2","part":"s1v1","offsets":[{"start":1703,"text":"Die K hat in Bezug auf das Angebot der A ihre Annahme per E-Mail erklärt"}],"coordinates":[],"confidence":{"state":"pre-added","who":["user:FabianBrese"],"prob":1},"fields":{},"normalizations":{}},{"classId":"e_1","part":"s1v1","offsets":[{"start":1783,"text":"Fraglich ist, ob die K die Annahme rechtzeitig erklärt hat"}],"coordinates":[],"confidence":{"state":"pre-added","who":["user:FabianBrese"],"prob":1},"fields":{},"normalizations":{}},{"classId":"e_4","part":"s1v1","offsets":[{"start":1847,"text":"Wenn gem. §148 BGB eine Annahmefrist durch den Antragenden bestimmt wurde, kann die Annahme nur innerhalb der Frist erfolgen"}],"coordinates":[],"confidence":{"state":"pre-added","who":["user:FabianBrese"],"prob":1},"fields":{},"normalizations":{}},{"classId":"e_5","part":"s1v1","offsets":[{"start":1977,"text":"Im vorliegenden Fall hat die A in ihrem Angebot für die Annahme eine Frist zum 10.03.2020 benannt. Die K hat in Bezug auf das Angebot am Morgen des 10.03.2020 per E-Mail ihre Annahme erklärt. Dass die E-Mail ob des bereits erfolgten Schriftverkehrs im Spam-Ordner der A landet, konnte diese nicht wissen. Die A hätte jedoch am 10.03. sicherheitshalber auch dort nachsehen müssen, da sie dieses explizite Datum ja selbst gewählt und somit gekannt hat."}],"coordinates":[],"confidence":{"state":"pre-added","who":["user:FabianBrese"],"prob":1},"fields":{},"normalizations":{}},{"classId":"e_7","part":"s1v1","offsets":[{"start":2076,"text":"Die K hat in Bezug auf das Angebot am Morgen des 10.03.2020 per E-Mail ihre Annahme erklärt"}],"coordinates":[],"confidence":{"state":"pre-added","who":["user:FabianBrese"],"prob":1},"fields":{},"normalizations":{}},{"classId":"e_6","part":"s1v1","offsets":[{"start":2169,"text":"Dass die E-Mail ob des bereits erfolgten Schriftverkehrs im Spam-Ordner der A landet, konnte diese nicht wissen"}],"coordinates":[],"confidence":{"state":"pre-added","who":["user:FabianBrese"],"prob":1},"fields":{},"normalizations":{}},{"classId":"e_2","part":"s1v1","offsets":[{"start":2428,"text":"Somit liegt eine rechtzeitige Annahme vor"}],"coordinates":[],"confidence":{"state":"pre-added","who":["user:FabianBrese"],"prob":1},"fields":{},"normalizations":{}},{"classId":"e_2","part":"s1v1","offsets":[{"start":2476,"text":"K hat eine Annahme erklärt"}],"coordinates":[],"confidence":{"state":"pre-added","who":["user:FabianBrese"],"prob":1},"fields":{},"normalizations":{}},{"classId":"e_2","part":"s1v1","offsets":[{"start":2507,"text":"Damit ist ein Kaufvertrag entstanden"}],"coordinates":[],"confidence":{"state":"pre-added","who":["user:FabianBrese"],"prob":1},"fields":{},"normalizations":{}},{"classId":"e_2","part":"s1v1","offsets":[{"start":2545,"text":"Somit hat die V gem. §433 I BGB einen Anspruch auf Übergabe und Übereignung der Maschine durch die V"}],"coordinates":[],"confidence":{"state":"pre-added","who":["user:FabianBrese"],"prob":1},"fields":{},"normalizations":{}}],"relations":[{"classId":"r_3","type":"linked","directed":false,"entities":["s1v1|e_2|2428,2468","s1v1|e_1|1783,1840"],"confidence":{"state":"pre-added","who":["user:FabianBrese"],"prob":1}},{"classId":"r_3","type":"linked","directed":false,"entities":["s1v1|e_2|2545,2644","s1v1|e_1|17,167"],"confidence":{"state":"pre-added","who":["user:FabianBrese"],"prob":1}},{"classId":"r_8","type":"linked","directed":false,"entities":["s1v1|e_7|734,822","s1v1|e_6|825,1004"],"confidence":{"state":"pre-added","who":["user:FabianBrese"],"prob":1}},{"classId":"r_8","type":"linked","directed":false,"entities":["s1v1|e_7|1241,1378","s1v1|e_6|1381,1469"],"confidence":{"state":"pre-added","who":["user:FabianBrese"],"prob":1}},{"classId":"r_8","type":"linked","directed":false,"entities":["s1v1|e_7|2076,2166","s1v1|e_6|2169,2279"],"confidence":{"state":"pre-added","who":["user:FabianBrese"],"prob":1}}]}