{"annotatable":{"parts":["s1v1"]},"anncomplete":false,"sources":[],"metas":{},"entities":[{"classId":"e_1","part":"s1v1","offsets":[{"start":25,"text":"Fraglich ist, ob A gegenüber C einen Anspruch auf Übergabe und Übereignung des hochwertigen Stahls nach § 433 (1) S.1 BGB"}],"coordinates":[],"confidence":{"state":"pre-added","who":["user:FabianBrese"],"prob":1},"fields":{},"normalizations":{}},{"classId":"e_1","part":"s1v1","offsets":[{"start":167,"text":"Voraussetzung dafür wäre ein wirksamer Kaufvertrag"}],"coordinates":[],"confidence":{"state":"pre-added","who":["user:FabianBrese"],"prob":1},"fields":{},"normalizations":{}},{"classId":"e_5","part":"s1v1","offsets":[{"start":329,"text":"C bietet B den Kauf von Stahl für 530 € / Tonne an. Mit dem Vertragspartnern, dem Vertragsinhalt und der Gegenleistung sind alle essentialia negotii enthalten."}],"coordinates":[],"confidence":{"state":"pre-added","who":["user:FabianBrese"],"prob":1},"fields":{},"normalizations":{}},{"classId":"e_7","part":"s1v1","offsets":[{"start":329,"text":"C bietet B den Kauf von Stahl für 530 € / Tonne an"}],"coordinates":[],"confidence":{"state":"pre-added","who":["user:FabianBrese"],"prob":1},"fields":{},"normalizations":{}},{"classId":"e_6","part":"s1v1","offsets":[{"start":381,"text":"Mit dem Vertragspartnern, dem Vertragsinhalt und der Gegenleistung sind alle essentialia negotii enthalten"}],"coordinates":[],"confidence":{"state":"pre-added","who":["user:FabianBrese"],"prob":1},"fields":{},"normalizations":{}},{"classId":"e_2","part":"s1v1","offsets":[{"start":489,"text":"Ein wirksames Angebot liegt folglich vor"}],"coordinates":[],"confidence":{"state":"pre-added","who":["user:FabianBrese"],"prob":1},"fields":{},"normalizations":{}},{"classId":"e_4","part":"s1v1","offsets":[{"start":546,"text":"Eine wirksame Annahme, ist eine empfangsbedürftige Willenserklärung, die die Zustimmung zum unterbreiteten Angebot äußert"}],"coordinates":[],"confidence":{"state":"pre-added","who":["user:FabianBrese"],"prob":1},"fields":{},"normalizations":{}},{"classId":"e_5","part":"s1v1","offsets":[{"start":669,"text":"Im vorliegenden Fall stimmt B dem Angebot zu und die Erklärung geht dem C nach § 130 BGB zu."}],"coordinates":[],"confidence":{"state":"pre-added","who":["user:FabianBrese"],"prob":1},"fields":{},"normalizations":{}},{"classId":"e_7","part":"s1v1","offsets":[{"start":669,"text":"Im vorliegenden Fall stimmt B dem Angebot zu und die Erklärung geht dem C nach § 130 BGB zu"}],"coordinates":[],"confidence":{"state":"pre-added","who":["user:FabianBrese"],"prob":1},"fields":{},"normalizations":{}},{"classId":"e_1","part":"s1v1","offsets":[{"start":851,"text":"Damit eine wirksame Annahme vorliegt, müsste daher B den A nach § 164 (1) S.1 BGB wirksam vertreten haben"}],"coordinates":[],"confidence":{"state":"pre-added","who":["user:FabianBrese"],"prob":1},"fields":{},"normalizations":{}},{"classId":"e_1","part":"s1v1","offsets":[{"start":958,"text":"Dafür muss eine eigene Willenserklärung, Offenkundigkeit und Vertretungsmacht erfüllt sein"}],"coordinates":[],"confidence":{"state":"pre-added","who":["user:FabianBrese"],"prob":1},"fields":{},"normalizations":{}},{"classId":"e_4","part":"s1v1","offsets":[{"start":1196,"text":"Davon abzugrenzen ist ein Bote, der nur eine fremde Willenserklärung über- bringt"}],"coordinates":[],"confidence":{"state":"pre-added","who":["user:FabianBrese"],"prob":1},"fields":{},"normalizations":{}},{"classId":"e_5","part":"s1v1","offsets":[{"start":1279,"text":"Hier wurde B vom A beauftragt, die Geschäftsverhandlung mit C zu führen."}],"coordinates":[],"confidence":{"state":"pre-added","who":["user:FabianBrese"],"prob":1},"fields":{},"normalizations":{}},{"classId":"e_7","part":"s1v1","offsets":[{"start":1279,"text":"Hier wurde B vom A beauftragt, die Geschäftsverhandlung mit C zu führen"}],"coordinates":[],"confidence":{"state":"pre-added","who":["user:FabianBrese"],"prob":1},"fields":{},"normalizations":{}},{"classId":"e_2","part":"s1v1","offsets":[{"start":1352,"text":"Somit hat B eine eigene Willenserklärung abgegeben"}],"coordinates":[],"confidence":{"state":"pre-added","who":["user:FabianBrese"],"prob":1},"fields":{},"normalizations":{}},{"classId":"e_4","part":"s1v1","offsets":[{"start":1426,"text":"Das Prinzip der Offenkundigkeit besagt, dass der Vertreter im Namen des Vertretenen auftreten muss"}],"coordinates":[],"confidence":{"state":"pre-added","who":["user:FabianBrese"],"prob":1},"fields":{},"normalizations":{}},{"classId":"e_5","part":"s1v1","offsets":[{"start":1784,"text":"Im vorliegenden Fall hat A den C darüber in Kenntnis gesetzt, dass sich C um die Vertragsverhandlung werde. C war sich daher bei der Verhandlung bewusst, nicht mit B, sondern mit der Unternehmerin A einen Ver- trag abzuschließen."}],"coordinates":[],"confidence":{"state":"pre-added","who":["user:FabianBrese"],"prob":1},"fields":{},"normalizations":{}},{"classId":"e_7","part":"s1v1","offsets":[{"start":1784,"text":"Im vorliegenden Fall hat A den C darüber in Kenntnis gesetzt, dass sich C um die Vertragsverhandlung werde"}],"coordinates":[],"confidence":{"state":"pre-added","who":["user:FabianBrese"],"prob":1},"fields":{},"normalizations":{}},{"classId":"e_6","part":"s1v1","offsets":[{"start":1892,"text":"C war sich daher bei der Verhandlung bewusst, nicht mit B, sondern mit der Unternehmerin A einen Ver- trag abzuschließen"}],"coordinates":[],"confidence":{"state":"pre-added","who":["user:FabianBrese"],"prob":1},"fields":{},"normalizations":{}},{"classId":"e_2","part":"s1v1","offsets":[{"start":2014,"text":"Folglich ist die Offenkundigkeit gegeben"}],"coordinates":[],"confidence":{"state":"pre-added","who":["user:FabianBrese"],"prob":1},"fields":{},"normalizations":{}},{"classId":"e_1","part":"s1v1","offsets":[{"start":2079,"text":"A müsste C die Vertretungsmacht erteilt haben und C müsste im Rahmen seiner Vertretungsum- fangs gehandelt haben"}],"coordinates":[],"confidence":{"state":"pre-added","who":["user:FabianBrese"],"prob":1},"fields":{},"normalizations":{}},{"classId":"e_2","part":"s1v1","offsets":[{"start":2854,"text":"Eine Innenvollmacht liegt vor"}],"coordinates":[],"confidence":{"state":"pre-added","who":["user:FabianBrese"],"prob":1},"fields":{},"normalizations":{}},{"classId":"e_2","part":"s1v1","offsets":[{"start":4634,"text":"Somit liegt eine Genehmigung des Kaufvertrages vor"}],"coordinates":[],"confidence":{"state":"pre-added","who":["user:FabianBrese"],"prob":1},"fields":{},"normalizations":{}},{"classId":"e_2","part":"s1v1","offsets":[{"start":4702,"text":"Es liegt eine Kollusion i.S.d. § 138 (1) BGB vor, die aber durch die Genehmigung von A nicht zur Nichtigkeit führt"}],"coordinates":[],"confidence":{"state":"pre-added","who":["user:FabianBrese"],"prob":1},"fields":{},"normalizations":{}},{"classId":"e_2","part":"s1v1","offsets":[{"start":4831,"text":"C besaß die Vertretungsmacht zur Vertragsverhandlung"}],"coordinates":[],"confidence":{"state":"pre-added","who":["user:FabianBrese"],"prob":1},"fields":{},"normalizations":{}},{"classId":"e_2","part":"s1v1","offsets":[{"start":4899,"text":"Es liegt eine Wirksame Vertretung durch B vor"}],"coordinates":[],"confidence":{"state":"pre-added","who":["user:FabianBrese"],"prob":1},"fields":{},"normalizations":{}},{"classId":"e_2","part":"s1v1","offsets":[{"start":4961,"text":"Es liegen ein wirksames Angebot und eine wirksame Vertretung vor"}],"coordinates":[],"confidence":{"state":"pre-added","who":["user:FabianBrese"],"prob":1},"fields":{},"normalizations":{}},{"classId":"e_2","part":"s1v1","offsets":[{"start":5048,"text":"Es liegt ein wirksamer Kaufvertrag vor"}],"coordinates":[],"confidence":{"state":"pre-added","who":["user:FabianBrese"],"prob":1},"fields":{},"normalizations":{}},{"classId":"e_1","part":"s1v1","offsets":[{"start":5106,"text":"Fraglich ist, ob C den Kaufvertrag anfechten kann"}],"coordinates":[],"confidence":{"state":"pre-added","who":["user:FabianBrese"],"prob":1},"fields":{},"normalizations":{}},{"classId":"e_1","part":"s1v1","offsets":[{"start":5157,"text":"Hierfür müssten ein Anfechtungsgrund und eine Anfechtungserklärung innerhalb der Anfechtungsfrist vorliegen"}],"coordinates":[],"confidence":{"state":"pre-added","who":["user:FabianBrese"],"prob":1},"fields":{},"normalizations":{}},{"classId":"e_1","part":"s1v1","offsets":[{"start":5289,"text":"Es könnte ein Irrtum über verkehrswesentliche Eigenschaften nach § 119 (2) BGB vorliegen"}],"coordinates":[],"confidence":{"state":"pre-added","who":["user:FabianBrese"],"prob":1},"fields":{},"normalizations":{}},{"classId":"e_4","part":"s1v1","offsets":[{"start":5379,"text":"Bei einen derartigen Irrtum muss sich ein Vertragspartner über dauerhafte Merkmale einer Sache geirrt haben, die zur Wertbildung maßgebend waren"}],"coordinates":[],"confidence":{"state":"pre-added","who":["user:FabianBrese"],"prob":1},"fields":{},"normalizations":{}},{"classId":"e_5","part":"s1v1","offsets":[{"start":5525,"text":"C hat sich über die Zukünftige Preisentwicklung des hochwertigen Stahls geirrt. Der Preis ist jedoch kein wertbildender Faktor. Er ist vielmehr das Ergebnis einer Wertbildung."}],"coordinates":[],"confidence":{"state":"pre-added","who":["user:FabianBrese"],"prob":1},"fields":{},"normalizations":{}},{"classId":"e_7","part":"s1v1","offsets":[{"start":5525,"text":"C hat sich über die Zukünftige Preisentwicklung des hochwertigen Stahls geirrt"}],"coordinates":[],"confidence":{"state":"pre-added","who":["user:FabianBrese"],"prob":1},"fields":{},"normalizations":{}},{"classId":"e_2","part":"s1v1","offsets":[{"start":5701,"text":"Ein Anfechtungsgrund liegt daher nicht vor"}],"coordinates":[],"confidence":{"state":"pre-added","who":["user:FabianBrese"],"prob":1},"fields":{},"normalizations":{}},{"classId":"e_2","part":"s1v1","offsets":[{"start":5761,"text":"Ein wirksamer Kaufvertrag liegt vor, der nicht angefochten werden kann"}],"coordinates":[],"confidence":{"state":"pre-added","who":["user:FabianBrese"],"prob":1},"fields":{},"normalizations":{}},{"classId":"e_2","part":"s1v1","offsets":[{"start":5844,"text":"A hat gegenüber C den Anspruch auf Lieferung des Stahls nach § 433 (1) S.1 BGB"}],"coordinates":[],"confidence":{"state":"pre-added","who":["user:FabianBrese"],"prob":1},"fields":{},"normalizations":{}}],"relations":[{"classId":"r_3","type":"linked","directed":false,"entities":["s1v1|e_2|4831,4882","s1v1|e_1|2079,2190"],"confidence":{"state":"pre-added","who":["user:FabianBrese"],"prob":1}},{"classId":"r_3","type":"linked","directed":false,"entities":["s1v1|e_2|5048,5085","s1v1|e_1|167,216"],"confidence":{"state":"pre-added","who":["user:FabianBrese"],"prob":1}},{"classId":"r_3","type":"linked","directed":false,"entities":["s1v1|e_2|5701,5742","s1v1|e_1|5289,5376"],"confidence":{"state":"pre-added","who":["user:FabianBrese"],"prob":1}},{"classId":"r_3","type":"linked","directed":false,"entities":["s1v1|e_2|5844,5921","s1v1|e_1|25,145"],"confidence":{"state":"pre-added","who":["user:FabianBrese"],"prob":1}},{"classId":"r_8","type":"linked","directed":false,"entities":["s1v1|e_7|329,378","s1v1|e_6|381,486"],"confidence":{"state":"pre-added","who":["user:FabianBrese"],"prob":1}},{"classId":"r_8","type":"linked","directed":false,"entities":["s1v1|e_7|1784,1889","s1v1|e_6|1892,2011"],"confidence":{"state":"pre-added","who":["user:FabianBrese"],"prob":1}}]}