{"annotatable":{"parts":["s1v1"]},"anncomplete":true,"sources":[],"metas":{},"entities":[{"classId":"e_1","part":"s1v1","offsets":[{"start":42,"text":"V könnte einen Anspruch nach §433 Abs. 2 BGB auf die 27.000 Euro gegenüber K haben"}],"coordinates":[],"confidence":{"state":"pre-added","who":["user:Frederike"],"prob":1},"fields":{},"normalizations":{}},{"classId":"e_1","part":"s1v1","offsets":[{"start":151,"text":"Dafür müsste ein Kaufvertrag zwischen V und K geschlossen worden sein"}],"coordinates":[],"confidence":{"state":"pre-added","who":["user:Frederike"],"prob":1},"fields":{},"normalizations":{}},{"classId":"e_4","part":"s1v1","offsets":[{"start":222,"text":"Ein Vertrag kommt gemäß §145 ff. BGB durch zwei in Bezug aufeinander abgegebene, inhaltlich übereinstimmende Willenserklärungen (Angebot und Annahme) zustande"}],"coordinates":[],"confidence":{"state":"pre-added","who":["user:Frederike"],"prob":1},"fields":{},"normalizations":{}},{"classId":"e_1","part":"s1v1","offsets":[{"start":395,"text":"Fraglich ist, ob ein Angebot durch A vorliegt"}],"coordinates":[],"confidence":{"state":"pre-added","who":["user:Frederike"],"prob":1},"fields":{},"normalizations":{}},{"classId":"e_4","part":"s1v1","offsets":[{"start":443,"text":"Ein Angebot ist eine empfangsbedürftige Willenserklärung durch die einem anderen der Vertragsschluss unter Festlegung der wesentlichen Vertragsbestandteile (Kaufpreis, Kaufsache, Vertragsparteien) so angetragen wird, dass das Zustandekommen des Vertrages nur von dessen Zustimmung abhängt"}],"coordinates":[],"confidence":{"state":"pre-added","who":["user:Frederike"],"prob":1},"fields":{},"normalizations":{}},{"classId":"e_5","part":"s1v1","offsets":[{"start":734,"text":"A verbreitet der K ein Angebot für das Auto, welches sich K bereits angeschaut hatte, in Höhe von 27.000 Euro. Es handelt sich somit um ein Angebot durch A, wenn folgende Bedingungen der Stellvertretung gegeben sind."}],"coordinates":[],"confidence":{"state":"pre-added","who":["user:Frederike"],"prob":1},"fields":{},"normalizations":{}},{"classId":"e_7","part":"s1v1","offsets":[{"start":734,"text":"A verbreitet der K ein Angebot für das Auto, welches sich K bereits angeschaut hatte, in Höhe von 27.000 Euro"}],"coordinates":[],"confidence":{"state":"pre-added","who":["user:Frederike"],"prob":1},"fields":{},"normalizations":{}},{"classId":"e_6","part":"s1v1","offsets":[{"start":845,"text":"Es handelt sich somit um ein Angebot durch A"}],"coordinates":[],"confidence":{"state":"pre-added","who":["user:Frederike"],"prob":1},"fields":{},"normalizations":{}},{"classId":"e_7","part":"s1v1","offsets":[{"start":891,"text":"wenn folgende Bedingungen der Stellvertretung gegeben sind"}],"coordinates":[],"confidence":{"state":"pre-added","who":["user:Frederike"],"prob":1},"fields":{},"normalizations":{}},{"classId":"e_5","part":"s1v1","offsets":[{"start":989,"text":"Bei dem Abschluss eines Kaufvertrages handelt es sich um kein höchstpersönliches Geschäft, das V nur selbst vornehmen durfte."}],"coordinates":[],"confidence":{"state":"pre-added","who":["user:Frederike"],"prob":1},"fields":{},"normalizations":{}},{"classId":"e_7","part":"s1v1","offsets":[{"start":989,"text":"Bei dem Abschluss eines Kaufvertrages handelt es sich um kein höchstpersönliches Geschäft, das V nur selbst vornehmen durfte"}],"coordinates":[],"confidence":{"state":"pre-added","who":["user:Frederike"],"prob":1},"fields":{},"normalizations":{}},{"classId":"e_2","part":"s1v1","offsets":[{"start":1115,"text":"Die Stellvertretung ist daher zulässig"}],"coordinates":[],"confidence":{"state":"pre-added","who":["user:Frederike"],"prob":1},"fields":{},"normalizations":{}},{"classId":"e_1","part":"s1v1","offsets":[{"start":1184,"text":"A müsste eine eigene Willenserklärung abgegeben haben"}],"coordinates":[],"confidence":{"state":"pre-added","who":["user:Frederike"],"prob":1},"fields":{},"normalizations":{}},{"classId":"e_5","part":"s1v1","offsets":[{"start":1319,"text":"Vorliegend wurde A von V beauftragt, der K ein Angebot zu unterbreiten. Dabei sollte der\n\nKaufpreis nicht unter 25.000 liegen, ansonsten hat A freien Entscheidungsspielraum."}],"coordinates":[],"confidence":{"state":"pre-added","who":["user:Frederike"],"prob":1},"fields":{},"normalizations":{}},{"classId":"e_7","part":"s1v1","offsets":[{"start":1319,"text":"Vorliegend wurde A von V beauftragt, der K ein Angebot zu unterbreiten"}],"coordinates":[],"confidence":{"state":"pre-added","who":["user:Frederike"],"prob":1},"fields":{},"normalizations":{}},{"classId":"e_7","part":"s1v1","offsets":[{"start":1391,"text":"Dabei sollte der\n\nKaufpreis nicht unter 25.000 liegen, ansonsten hat A freien Entscheidungsspielraum"}],"coordinates":[],"confidence":{"state":"pre-added","who":["user:Frederike"],"prob":1},"fields":{},"normalizations":{}},{"classId":"e_2","part":"s1v1","offsets":[{"start":1493,"text":"A hat daher eine eigene Willenserklärung abgegeben"}],"coordinates":[],"confidence":{"state":"pre-added","who":["user:Frederike"],"prob":1},"fields":{},"normalizations":{}},{"classId":"e_5","part":"s1v1","offsets":[{"start":1567,"text":"Da sich K bereits das Auto angeschaut hatte und A Auszubildende in dem Gebrauchtwagenladen ist, handelt A im Namen des Ladens, also im Namen von V."}],"coordinates":[],"confidence":{"state":"pre-added","who":["user:Frederike"],"prob":1},"fields":{},"normalizations":{}},{"classId":"e_7","part":"s1v1","offsets":[{"start":1567,"text":"Da sich K bereits das Auto angeschaut hatte und A Auszubildende in dem Gebrauchtwagenladen ist"}],"coordinates":[],"confidence":{"state":"pre-added","who":["user:Frederike"],"prob":1},"fields":{},"normalizations":{}},{"classId":"e_6","part":"s1v1","offsets":[{"start":1663,"text":"handelt A im Namen des Ladens, also im Namen von V"}],"coordinates":[],"confidence":{"state":"pre-added","who":["user:Frederike"],"prob":1},"fields":{},"normalizations":{}},{"classId":"e_1","part":"s1v1","offsets":[{"start":1737,"text":"A müsste Inhaber einer durch V erteilten Vertretungsmacht sein"}],"coordinates":[],"confidence":{"state":"pre-added","who":["user:Frederike"],"prob":1},"fields":{},"normalizations":{}},{"classId":"e_5","part":"s1v1","offsets":[{"start":1838,"text":"V hat A beauftragt, das Auto an K zu verkaufen und hat ihr somit eine Vollmacht erteilt."}],"coordinates":[],"confidence":{"state":"pre-added","who":["user:Frederike"],"prob":1},"fields":{},"normalizations":{}},{"classId":"e_7","part":"s1v1","offsets":[{"start":1838,"text":"V hat A beauftragt, das Auto an K zu verkaufen"}],"coordinates":[],"confidence":{"state":"pre-added","who":["user:Frederike"],"prob":1},"fields":{},"normalizations":{}},{"classId":"e_6","part":"s1v1","offsets":[{"start":1885,"text":"und hat ihr somit eine Vollmacht erteilt"}],"coordinates":[],"confidence":{"state":"pre-added","who":["user:Frederike"],"prob":1},"fields":{},"normalizations":{}},{"classId":"e_1","part":"s1v1","offsets":[{"start":1927,"text":"Da A erst 16 und somit beschränkt geschäftsfähig ist, ist jedoch fraglich, ob diese auch wirksam geworden ist"}],"coordinates":[],"confidence":{"state":"pre-added","who":["user:Frederike"],"prob":1},"fields":{},"normalizations":{}},{"classId":"e_2","part":"s1v1","offsets":[{"start":2206,"text":"Damit hat V gegenüber dem zu Bevollmächtigenden A wirksam erklärt"}],"coordinates":[],"confidence":{"state":"pre-added","who":["user:Frederike"],"prob":1},"fields":{},"normalizations":{}},{"classId":"e_1","part":"s1v1","offsets":[{"start":2427,"text":"Fraglich ist, ob der Umfang der Vertretungsmacht eingehalten wurde"}],"coordinates":[],"confidence":{"state":"pre-added","who":["user:Frederike"],"prob":1},"fields":{},"normalizations":{}},{"classId":"e_5","part":"s1v1","offsets":[{"start":2495,"text":"Dadurch, dass V der A mittgeteilt hatte, dass sie das Auto nicht für unter 25.000 Euro verkaufen dürfe, galt die Vollmacht nur für über 25.000 Euro. Da A das Auto für 27.000 Euro verkauf hat, liegt sie somit innerhalb der erteilten Vollmacht."}],"coordinates":[],"confidence":{"state":"pre-added","who":["user:Frederike"],"prob":1},"fields":{},"normalizations":{}},{"classId":"e_7","part":"s1v1","offsets":[{"start":2495,"text":"Dadurch, dass V der A mittgeteilt hatte, dass sie das Auto nicht für unter 25.000 Euro verkaufen dürfe, galt die Vollmacht nur für über 25.000 Euro"}],"coordinates":[],"confidence":{"state":"pre-added","who":["user:Frederike"],"prob":1},"fields":{},"normalizations":{}},{"classId":"e_7","part":"s1v1","offsets":[{"start":2644,"text":"Da A das Auto für 27.000 Euro verkauf hat"}],"coordinates":[],"confidence":{"state":"pre-added","who":["user:Frederike"],"prob":1},"fields":{},"normalizations":{}},{"classId":"e_6","part":"s1v1","offsets":[{"start":2687,"text":"liegt sie somit innerhalb der erteilten Vollmacht"}],"coordinates":[],"confidence":{"state":"pre-added","who":["user:Frederike"],"prob":1},"fields":{},"normalizations":{}},{"classId":"e_2","part":"s1v1","offsets":[{"start":2760,"text":"Eine Vollmacht liegt somit vor"}],"coordinates":[],"confidence":{"state":"pre-added","who":["user:Frederike"],"prob":1},"fields":{},"normalizations":{}},{"classId":"e_2","part":"s1v1","offsets":[{"start":2792,"text":"A hat daher eine Willenserklärung für V abgegeben, die wirksam ist"}],"coordinates":[],"confidence":{"state":"pre-added","who":["user:Frederike"],"prob":1},"fields":{},"normalizations":{}},{"classId":"e_1","part":"s1v1","offsets":[{"start":2874,"text":"Fraglich ist, ob K das Angebot angenommen hat"}],"coordinates":[],"confidence":{"state":"pre-added","who":["user:Frederike"],"prob":1},"fields":{},"normalizations":{}},{"classId":"e_4","part":"s1v1","offsets":[{"start":2922,"text":"Eine Annahme ist die in Bezug auf ein Angebot abgegebene, empfangsbedürftige Willenserklärung, durch die ein Kaufvertrag zustande kommt"}],"coordinates":[],"confidence":{"state":"pre-added","who":["user:Frederike"],"prob":1},"fields":{},"normalizations":{}},{"classId":"e_5","part":"s1v1","offsets":[{"start":3060,"text":"K hat das Angebot der A am 24.02. um 23.55 Uhr angenommen. Somit ist das außerhalb der Geschäftszeiten der A und V."}],"coordinates":[],"confidence":{"state":"pre-added","who":["user:Frederike"],"prob":1},"fields":{},"normalizations":{}},{"classId":"e_7","part":"s1v1","offsets":[{"start":3060,"text":"K hat das Angebot der A am 24.02. um 23.55 Uhr angenommen"}],"coordinates":[],"confidence":{"state":"pre-added","who":["user:Frederike"],"prob":1},"fields":{},"normalizations":{}},{"classId":"e_6","part":"s1v1","offsets":[{"start":3119,"text":"Somit ist das außerhalb der Geschäftszeiten der A und V"}],"coordinates":[],"confidence":{"state":"pre-added","who":["user:Frederike"],"prob":1},"fields":{},"normalizations":{}},{"classId":"e_2","part":"s1v1","offsets":[{"start":3176,"text":"Somit wurde das Angebot nicht fristgemäß angenommen"}],"coordinates":[],"confidence":{"state":"pre-added","who":["user:Frederike"],"prob":1},"fields":{},"normalizations":{}},{"classId":"e_5","part":"s1v1","offsets":[{"start":3273,"text":"Da K da Angebot der A nicht fristgerecht angenommen hat, hat K der A nun\n\nein neues Angebot gemacht."}],"coordinates":[],"confidence":{"state":"pre-added","who":["user:Frederike"],"prob":1},"fields":{},"normalizations":{}},{"classId":"e_7","part":"s1v1","offsets":[{"start":3273,"text":"Da K da Angebot der A nicht fristgerecht angenommen hat"}],"coordinates":[],"confidence":{"state":"pre-added","who":["user:Frederike"],"prob":1},"fields":{},"normalizations":{}},{"classId":"e_6","part":"s1v1","offsets":[{"start":3330,"text":"hat K der A nun\n\nein neues Angebot gemacht"}],"coordinates":[],"confidence":{"state":"pre-added","who":["user:Frederike"],"prob":1},"fields":{},"normalizations":{}},{"classId":"e_2","part":"s1v1","offsets":[{"start":3416,"text":"A hat das neue Angebot von K angenommen"}],"coordinates":[],"confidence":{"state":"pre-added","who":["user:Frederike"],"prob":1},"fields":{},"normalizations":{}},{"classId":"e_2","part":"s1v1","offsets":[{"start":3479,"text":"Damit liegt ein Kaufvertrag vor"}],"coordinates":[],"confidence":{"state":"pre-added","who":["user:Frederike"],"prob":1},"fields":{},"normalizations":{}},{"classId":"e_2","part":"s1v1","offsets":[{"start":3512,"text":"Der Anspruch ist entstanden"}],"coordinates":[],"confidence":{"state":"pre-added","who":["user:Frederike"],"prob":1},"fields":{},"normalizations":{}},{"classId":"e_1","part":"s1v1","offsets":[{"start":3557,"text":"Der Kaufvertrag könnte aber gemäß § 142 Abs. 1 BGB ex tunc (= wirkt zurück auf den Zeitpunkt des Vertragsschlusses) nichtig sein, wenn K ihre Willenserklärung wirksam angefochten hat"}],"coordinates":[],"confidence":{"state":"pre-added","who":["user:Frederike"],"prob":1},"fields":{},"normalizations":{}},{"classId":"e_1","part":"s1v1","offsets":[{"start":3934,"text":"Zunächst müsste ein Anfechtungsgrund vorliegen"}],"coordinates":[],"confidence":{"state":"pre-added","who":["user:Frederike"],"prob":1},"fields":{},"normalizations":{}},{"classId":"e_5","part":"s1v1","offsets":[{"start":4064,"text":"A hat auf die Frage von K, ob es ein Unfallwagen sei, mit Nein geantwortet, obwohl A nicht wusste, ob der Wagen jemals in einem Unfall verwickelt war."}],"coordinates":[],"confidence":{"state":"pre-added","who":["user:Frederike"],"prob":1},"fields":{},"normalizations":{}},{"classId":"e_7","part":"s1v1","offsets":[{"start":4064,"text":"A hat auf die Frage von K, ob es ein Unfallwagen sei, mit Nein geantwortet, obwohl A nicht wusste, ob der Wagen jemals in einem Unfall verwickelt war"}],"coordinates":[],"confidence":{"state":"pre-added","who":["user:Frederike"],"prob":1},"fields":{},"normalizations":{}},{"classId":"e_2","part":"s1v1","offsets":[{"start":4215,"text":"Es besteht also ein Anfechtungsgrund nach § 123 Abs. 1 BGB"}],"coordinates":[],"confidence":{"state":"pre-added","who":["user:Frederike"],"prob":1},"fields":{},"normalizations":{}},{"classId":"e_5","part":"s1v1","offsets":[{"start":4301,"text":"Die Anfechtende K hat deutlich gemacht, dass sie sich getäuscht fühle, keinen Unfallwagen haben möchte und daraus folgernd nicht den Kaufpreis zahlen möchte."}],"coordinates":[],"confidence":{"state":"pre-added","who":["user:Frederike"],"prob":1},"fields":{},"normalizations":{}},{"classId":"e_7","part":"s1v1","offsets":[{"start":4301,"text":"Die Anfechtende K hat deutlich gemacht, dass sie sich getäuscht fühle, keinen Unfallwagen haben möchte und daraus folgernd nicht den Kaufpreis zahlen möchte"}],"coordinates":[],"confidence":{"state":"pre-added","who":["user:Frederike"],"prob":1},"fields":{},"normalizations":{}},{"classId":"e_2","part":"s1v1","offsets":[{"start":4459,"text":"Bei der Erklärung der K handelt es sich um eine\n\nAnfechtungserklärung"}],"coordinates":[],"confidence":{"state":"pre-added","who":["user:Frederike"],"prob":1},"fields":{},"normalizations":{}},{"classId":"e_1","part":"s1v1","offsets":[{"start":4562,"text":"K müsste die Anfechtung gegenüber dem richtigen Anfechtungsgegner erklärt haben"}],"coordinates":[],"confidence":{"state":"pre-added","who":["user:Frederike"],"prob":1},"fields":{},"normalizations":{}},{"classId":"e_5","part":"s1v1","offsets":[{"start":4643,"text":"Der Vertragspartner war V, da A nur in Stellvertretung gehandelt hat. Als K zufällig V traf und V der K von dem Unfallschaden berichtete, hat K der V klar gemacht, dass sie den Wagen nicht mehr haben möchte."}],"coordinates":[],"confidence":{"state":"pre-added","who":["user:Frederike"],"prob":1},"fields":{},"normalizations":{}},{"classId":"e_7","part":"s1v1","offsets":[{"start":4643,"text":"Der Vertragspartner war V, da A nur in Stellvertretung gehandelt hat"}],"coordinates":[],"confidence":{"state":"pre-added","who":["user:Frederike"],"prob":1},"fields":{},"normalizations":{}},{"classId":"e_7","part":"s1v1","offsets":[{"start":4713,"text":"Als K zufällig V traf und V der K von dem Unfallschaden berichtete, hat K der V klar gemacht, dass sie den Wagen nicht mehr haben möchte"}],"coordinates":[],"confidence":{"state":"pre-added","who":["user:Frederike"],"prob":1},"fields":{},"normalizations":{}},{"classId":"e_2","part":"s1v1","offsets":[{"start":4851,"text":"K hat somit gegenüber dem richtigen Anfechtungsgegner die Anfechtung erklärt"}],"coordinates":[],"confidence":{"state":"pre-added","who":["user:Frederike"],"prob":1},"fields":{},"normalizations":{}},{"classId":"e_5","part":"s1v1","offsets":[{"start":5140,"text":"K hat in diesem Fall sofort und ohne jegliches Zögern den Kaufvertrag angefochten, als sie von dem Unfall des Wagens hörte."}],"coordinates":[],"confidence":{"state":"pre-added","who":["user:Frederike"],"prob":1},"fields":{},"normalizations":{}},{"classId":"e_7","part":"s1v1","offsets":[{"start":5140,"text":"K hat in diesem Fall sofort und ohne jegliches Zögern den Kaufvertrag angefochten, als sie von dem Unfall des Wagens hörte"}],"coordinates":[],"confidence":{"state":"pre-added","who":["user:Frederike"],"prob":1},"fields":{},"normalizations":{}},{"classId":"e_2","part":"s1v1","offsets":[{"start":5264,"text":"Die Anfechtungsfrist wurde somit eingehalten"}],"coordinates":[],"confidence":{"state":"pre-added","who":["user:Frederike"],"prob":1},"fields":{},"normalizations":{}},{"classId":"e_2","part":"s1v1","offsets":[{"start":5324,"text":"Es liegt eine wirksame Anfechtung und damit eine rechtshindernde\n\nEinwendung vor"}],"coordinates":[],"confidence":{"state":"pre-added","who":["user:Frederike"],"prob":1},"fields":{},"normalizations":{}},{"classId":"e_2","part":"s1v1","offsets":[{"start":5406,"text":"Rechtsfolge ist ex tunc die Nichtigkeit der Willenserklärung der K"}],"coordinates":[],"confidence":{"state":"pre-added","who":["user:Frederike"],"prob":1},"fields":{},"normalizations":{}},{"classId":"e_2","part":"s1v1","offsets":[{"start":5474,"text":"Damit gilt die Willenserklärung der K als von Anfang an nichtig"}],"coordinates":[],"confidence":{"state":"pre-added","who":["user:Frederike"],"prob":1},"fields":{},"normalizations":{}},{"classId":"e_2","part":"s1v1","offsets":[{"start":5553,"text":"V hat gegen K keinen Anspruch auf Zahlung des Kaufpreises in Höhe von 27.000 gemäß §433 Abs. 2 BGB"}],"coordinates":[],"confidence":{"state":"pre-added","who":["user:Frederike"],"prob":1},"fields":{},"normalizations":{}}],"relations":[{"classId":"r_3","type":"linked","directed":false,"entities":["s1v1|e_1|1184,1236","s1v1|e_2|1493,1542"],"confidence":{"state":"pre-added","who":["user:Frederike"],"prob":1}},{"classId":"r_3","type":"linked","directed":false,"entities":["s1v1|e_2|2206,2270","s1v1|e_1|1927,2035"],"confidence":{"state":"pre-added","who":["user:Frederike"],"prob":1}},{"classId":"r_3","type":"linked","directed":false,"entities":["s1v1|e_2|2760,2789","s1v1|e_1|1737,1798"],"confidence":{"state":"pre-added","who":["user:Frederike"],"prob":1}},{"classId":"r_3","type":"linked","directed":false,"entities":["s1v1|e_2|3176,3226","s1v1|e_1|2874,2918"],"confidence":{"state":"pre-added","who":["user:Frederike"],"prob":1}},{"classId":"r_3","type":"linked","directed":false,"entities":["s1v1|e_2|3479,3509","s1v1|e_1|151,219"],"confidence":{"state":"pre-added","who":["user:Frederike"],"prob":1}},{"classId":"r_3","type":"linked","directed":false,"entities":["s1v1|e_1|3934,3979","s1v1|e_2|4215,4272"],"confidence":{"state":"pre-added","who":["user:Frederike"],"prob":1}},{"classId":"r_3","type":"linked","directed":false,"entities":["s1v1|e_1|4562,4640","s1v1|e_2|4851,4926"],"confidence":{"state":"pre-added","who":["user:Frederike"],"prob":1}},{"classId":"r_3","type":"linked","directed":false,"entities":["s1v1|e_2|5406,5471","s1v1|e_1|3557,3738"],"confidence":{"state":"pre-added","who":["user:Frederike"],"prob":1}},{"classId":"r_3","type":"linked","directed":false,"entities":["s1v1|e_2|5553,5650","s1v1|e_1|42,123"],"confidence":{"state":"pre-added","who":["user:Frederike"],"prob":1}},{"classId":"r_8","type":"linked","directed":false,"entities":["s1v1|e_6|845,888","s1v1|e_7|891,948"],"confidence":{"state":"pre-added","who":["user:Frederike"],"prob":1}},{"classId":"r_8","type":"linked","directed":false,"entities":["s1v1|e_7|1567,1660","s1v1|e_6|1663,1712"],"confidence":{"state":"pre-added","who":["user:Frederike"],"prob":1}},{"classId":"r_8","type":"linked","directed":false,"entities":["s1v1|e_7|1838,1883","s1v1|e_6|1885,1924"],"confidence":{"state":"pre-added","who":["user:Frederike"],"prob":1}},{"classId":"r_8","type":"linked","directed":false,"entities":["s1v1|e_7|2644,2684","s1v1|e_6|2687,2735"],"confidence":{"state":"pre-added","who":["user:Frederike"],"prob":1}},{"classId":"r_8","type":"linked","directed":false,"entities":["s1v1|e_7|3060,3116","s1v1|e_6|3119,3173"],"confidence":{"state":"pre-added","who":["user:Frederike"],"prob":1}},{"classId":"r_8","type":"linked","directed":false,"entities":["s1v1|e_7|3273,3327","s1v1|e_6|3330,3371"],"confidence":{"state":"pre-added","who":["user:Frederike"],"prob":1}}]}