{"annotatable":{"parts":["s1v1"]},"anncomplete":true,"sources":[],"metas":{},"entities":[{"classId":"e_1","part":"s1v1","offsets":[{"start":87,"text":"K könnte gegen V einen Anspruch auf Übergabe und Übereignung der Maschine gemäß § 433 I 1 BGB"}],"coordinates":[],"confidence":{"state":"pre-added","who":["user:FabianBrese"],"prob":1},"fields":{},"normalizations":{}},{"classId":"e_1","part":"s1v1","offsets":[{"start":207,"text":"Hierfür müsste ein Kaufvertrag zwischen K und V in Stellvertretung wirksam entstanden sein"}],"coordinates":[],"confidence":{"state":"pre-added","who":["user:FabianBrese"],"prob":1},"fields":{},"normalizations":{}},{"classId":"e_4","part":"s1v1","offsets":[{"start":299,"text":"Ein Vertrag kommt zustande durch zwei in Bezug aufeinander abgegebene, inhaltlich übereinstimmende Willenserklärungen (Angebot und Annahme) gemäß §§ 145 ff. BGB"}],"coordinates":[],"confidence":{"state":"pre-added","who":["user:FabianBrese"],"prob":1},"fields":{},"normalizations":{}},{"classId":"e_1","part":"s1v1","offsets":[{"start":474,"text":"Fraglich ist, ob ein Angebot durch V vorliegt"}],"coordinates":[],"confidence":{"state":"pre-added","who":["user:FabianBrese"],"prob":1},"fields":{},"normalizations":{}},{"classId":"e_4","part":"s1v1","offsets":[{"start":522,"text":"Ein Angebot ist eine empfangsbedürftige Willenserklärung durch die einem anderen der Vertragsschluss unter Festlegung der wesentlichen Vertragsbestandteile (Kaufpreis, Kaufsache, Vertragsparteien bzw. essentiala negotii) so angetragen wird, dass das Zustandekommen des Vertrags nur von dessen Zustimmung abhängt"}],"coordinates":[],"confidence":{"state":"pre-added","who":["user:FabianBrese"],"prob":1},"fields":{},"normalizations":{}},{"classId":"e_5","part":"s1v1","offsets":[{"start":836,"text":"Das Angebot über den Kauf der Maschine zum Preis von 1.000.000€ ist bis zum 10.03. befristet."}],"coordinates":[],"confidence":{"state":"pre-added","who":["user:FabianBrese"],"prob":1},"fields":{},"normalizations":{}},{"classId":"e_7","part":"s1v1","offsets":[{"start":836,"text":"Das Angebot über den Kauf der Maschine zum Preis von 1.000.000€ ist bis zum 10.03. befristet"}],"coordinates":[],"confidence":{"state":"pre-added","who":["user:FabianBrese"],"prob":1},"fields":{},"normalizations":{}},{"classId":"e_1","part":"s1v1","offsets":[{"start":930,"text":"Im vorliegenden Fall ist es fraglich, ob V oder A die Willenserklärung (Angebot) per E- Mail geäußert hat"}],"coordinates":[],"confidence":{"state":"pre-added","who":["user:FabianBrese"],"prob":1},"fields":{},"normalizations":{}},{"classId":"e_1","part":"s1v1","offsets":[{"start":1063,"text":"Die Vertragspartei müsste das Angebot persönlich unterbreitet haben"}],"coordinates":[],"confidence":{"state":"pre-added","who":["user:FabianBrese"],"prob":1},"fields":{},"normalizations":{}},{"classId":"e_5","part":"s1v1","offsets":[{"start":1132,"text":"Laut Sachverhalt handelt die Textilherstellerin V nicht selbst."}],"coordinates":[],"confidence":{"state":"pre-added","who":["user:FabianBrese"],"prob":1},"fields":{},"normalizations":{}},{"classId":"e_7","part":"s1v1","offsets":[{"start":1132,"text":"Laut Sachverhalt handelt die Textilherstellerin V nicht selbst"}],"coordinates":[],"confidence":{"state":"pre-added","who":["user:FabianBrese"],"prob":1},"fields":{},"normalizations":{}},{"classId":"e_1","part":"s1v1","offsets":[{"start":1245,"text":"Es müsste eine Willenserklärung der A als Stellvertreterin vorliegen"}],"coordinates":[],"confidence":{"state":"pre-added","who":["user:FabianBrese"],"prob":1},"fields":{},"normalizations":{}},{"classId":"e_4","part":"s1v1","offsets":[{"start":1335,"text":"Während der Erklärungsbote eine Erklärung in fremder Willenserklärung (bzw. des Erklärenden) ohne Entscheidungsspielraum überreicht, gibt der Stellvertreter gemäß § 164 I BGB eine eigene Willenserklärung ab und verfügt über eigenen Entscheidungsspielraum bezüglich der Willenserklärung"}],"coordinates":[],"confidence":{"state":"pre-added","who":["user:FabianBrese"],"prob":1},"fields":{},"normalizations":{}},{"classId":"e_6","part":"s1v1","offsets":[{"start":1622,"text":"Demnach ist der V möglicherweise das Handeln der A zuzurechnen"}],"coordinates":[],"confidence":{"state":"pre-added","who":["user:FabianBrese"],"prob":1},"fields":{},"normalizations":{}},{"classId":"e_5","part":"s1v1","offsets":[{"start":1622,"text":"Demnach ist der V möglicherweise das Handeln der A zuzurechnen. In Betracht kommt ein Handeln der A als Stellvertreterin des V. A hat so gehandelt, dass ein objektiver Betrachter in der Lage der K nur von einem eigenen Entscheidungsspielraum der A ausgehen konnte. Das lässt allenfalls auf eine eigene Willenserklärung und damit auf eine Vertretereigenschaft der A schließen."}],"coordinates":[],"confidence":{"state":"pre-added","who":["user:FabianBrese"],"prob":1},"fields":{},"normalizations":{}},{"classId":"e_7","part":"s1v1","offsets":[{"start":1750,"text":"A hat so gehandelt, dass ein objektiver Betrachter in der Lage der K nur von einem eigenen Entscheidungsspielraum der A ausgehen konnte"}],"coordinates":[],"confidence":{"state":"pre-added","who":["user:FabianBrese"],"prob":1},"fields":{},"normalizations":{}},{"classId":"e_6","part":"s1v1","offsets":[{"start":1887,"text":"Das lässt allenfalls auf eine eigene Willenserklärung und damit auf eine Vertretereigenschaft der A schließen"}],"coordinates":[],"confidence":{"state":"pre-added","who":["user:FabianBrese"],"prob":1},"fields":{},"normalizations":{}},{"classId":"e_1","part":"s1v1","offsets":[{"start":2032,"text":"Zudem müsste A im Namen des Stellvertretenen eine Willenserklärung gemäß § 164 I BGB abgegeben haben"}],"coordinates":[],"confidence":{"state":"pre-added","who":["user:FabianBrese"],"prob":1},"fields":{},"normalizations":{}},{"classId":"e_5","part":"s1v1","offsets":[{"start":2134,"text":"Im vorliegenden Fall hat A zwar nicht ausdrücklich erklärt, dass sie für V die Maschine verkaufen will. Dennoch ist es davon auszugehen, dass A als Arbeitnehmerin von V im Rahmen des beruflichen Alltags ihre Aufgabe erfüllt. Dies lässt sich ebenfalls aus Sicht eines objektiven Betrachters in der Rolle des Erklärungsempfängers beantworten."}],"coordinates":[],"confidence":{"state":"pre-added","who":["user:FabianBrese"],"prob":1},"fields":{},"normalizations":{}},{"classId":"e_7","part":"s1v1","offsets":[{"start":2134,"text":"Im vorliegenden Fall hat A zwar nicht ausdrücklich erklärt, dass sie für V die Maschine verkaufen will"}],"coordinates":[],"confidence":{"state":"pre-added","who":["user:FabianBrese"],"prob":1},"fields":{},"normalizations":{}},{"classId":"e_6","part":"s1v1","offsets":[{"start":2238,"text":"Dennoch ist es davon auszugehen, dass A als Arbeitnehmerin von V im Rahmen des beruflichen Alltags ihre Aufgabe erfüllt"}],"coordinates":[],"confidence":{"state":"pre-added","who":["user:FabianBrese"],"prob":1},"fields":{},"normalizations":{}},{"classId":"e_1","part":"s1v1","offsets":[{"start":2497,"text":"Letztlich müsste A auch mit Vertretungsmacht bzw. innerhalb der ihm zustehenden Vertretungsmacht nach § 164 I BGB gehandelt haben"}],"coordinates":[],"confidence":{"state":"pre-added","who":["user:FabianBrese"],"prob":1},"fields":{},"normalizations":{}},{"classId":"e_5","part":"s1v1","offsets":[{"start":2713,"text":"Laut Sachverhalt weist V die A an, den Verkauf eigenverantwortlich zu verhandeln und abzuwickeln."}],"coordinates":[],"confidence":{"state":"pre-added","who":["user:FabianBrese"],"prob":1},"fields":{},"normalizations":{}},{"classId":"e_7","part":"s1v1","offsets":[{"start":2713,"text":"Laut Sachverhalt weist V die A an, den Verkauf eigenverantwortlich zu verhandeln und abzuwickeln"}],"coordinates":[],"confidence":{"state":"pre-added","who":["user:FabianBrese"],"prob":1},"fields":{},"normalizations":{}},{"classId":"e_1","part":"s1v1","offsets":[{"start":2815,"text":"Grundsätzlich müsste die Stellvertretung zulässig sein"}],"coordinates":[],"confidence":{"state":"pre-added","who":["user:FabianBrese"],"prob":1},"fields":{},"normalizations":{}},{"classId":"e_5","part":"s1v1","offsets":[{"start":2871,"text":"Laut Sachverhalt gibt es keine Anhaltspunkte, dass A nach § 165 BGB beschränkt geschäftsfähig ist."}],"coordinates":[],"confidence":{"state":"pre-added","who":["user:FabianBrese"],"prob":1},"fields":{},"normalizations":{}},{"classId":"e_2","part":"s1v1","offsets":[{"start":2974,"text":"Folglich ist die Willenserklärung bzw. das Angebot der A wegen der wirksamen Stellvertretung der V zuzurechnen"}],"coordinates":[],"confidence":{"state":"pre-added","who":["user:FabianBrese"],"prob":1},"fields":{},"normalizations":{}},{"classId":"e_2","part":"s1v1","offsets":[{"start":3086,"text":"Ein Angebot nach § 145 BGB liegt vor"}],"coordinates":[],"confidence":{"state":"pre-added","who":["user:FabianBrese"],"prob":1},"fields":{},"normalizations":{}},{"classId":"e_1","part":"s1v1","offsets":[{"start":3138,"text":"Fraglich ist, ob K das Angebot angenommen hat"}],"coordinates":[],"confidence":{"state":"pre-added","who":["user:FabianBrese"],"prob":1},"fields":{},"normalizations":{}},{"classId":"e_4","part":"s1v1","offsets":[{"start":3186,"text":"Eine Annahme ist die in Bezug auf ein Angebot abgegebene, empfangsbedürftige Willenserklärung, durch die ein Kaufvertrag zustande kommt"}],"coordinates":[],"confidence":{"state":"pre-added","who":["user:FabianBrese"],"prob":1},"fields":{},"normalizations":{}},{"classId":"e_1","part":"s1v1","offsets":[{"start":3323,"text":"K müsste das Angebot von A in Stellvertretung von V angenommen haben"}],"coordinates":[],"confidence":{"state":"pre-added","who":["user:FabianBrese"],"prob":1},"fields":{},"normalizations":{}},{"classId":"e_1","part":"s1v1","offsets":[{"start":3396,"text":"Zunächst müsste K die Annahmeerklärung abgegeben haben"}],"coordinates":[],"confidence":{"state":"pre-added","who":["user:FabianBrese"],"prob":1},"fields":{},"normalizations":{}},{"classId":"e_4","part":"s1v1","offsets":[{"start":3454,"text":"ine Willenserklärung ist abgegeben, wenn der Erklärende die Erklärung wissentlich und willentlich so in den Verkehr bringt, dass er damit rechnen kann, sie werde dem Adressaten ohne sein weiteres Zutun zugehen"}],"coordinates":[],"confidence":{"state":"pre-added","who":["user:FabianBrese"],"prob":1},"fields":{},"normalizations":{}},{"classId":"e_5","part":"s1v1","offsets":[{"start":3665,"text":"Im vorliegenden Fall hat K am Morgen des 10.03. dieses Angebot über den Kauf der Maschine zum Preis von 1.000.000 € per E-Mail abgegeben."}],"coordinates":[],"confidence":{"state":"pre-added","who":["user:FabianBrese"],"prob":1},"fields":{},"normalizations":{}},{"classId":"e_7","part":"s1v1","offsets":[{"start":3665,"text":"Im vorliegenden Fall hat K am Morgen des 10.03. dieses Angebot über den Kauf der Maschine zum Preis von 1.000.000 € per E-Mail abgegeben"}],"coordinates":[],"confidence":{"state":"pre-added","who":["user:FabianBrese"],"prob":1},"fields":{},"normalizations":{}},{"classId":"e_1","part":"s1v1","offsets":[{"start":3807,"text":"Im Übrigen müsste die Annahmeerklärung der A zugegangen sein"}],"coordinates":[],"confidence":{"state":"pre-added","who":["user:FabianBrese"],"prob":1},"fields":{},"normalizations":{}},{"classId":"e_4","part":"s1v1","offsets":[{"start":3870,"text":"Der Zugang einer Willenserklärung ist erfolgt, wenn die Erklärung so in den Herrschaftsbereich des Empfängers gelangt ist, dass dieser Kenntnis nehmen kann und außerdem unter normalen Umständen mit der Kenntnisnahme zu rechnen ist"}],"coordinates":[],"confidence":{"state":"pre-added","who":["user:FabianBrese"],"prob":1},"fields":{},"normalizations":{}},{"classId":"e_4","part":"s1v1","offsets":[{"start":4102,"text":"Außerdem muss die Annahmeerklärung – und damit auch der Zugang der Annahmeerklärung – innerhalb der Frist erfolgen, falls bezüglich der Annahme des Angebots eine solche gesetzt ist, § 148 BGB"}],"coordinates":[],"confidence":{"state":"pre-added","who":["user:FabianBrese"],"prob":1},"fields":{},"normalizations":{}},{"classId":"e_5","part":"s1v1","offsets":[{"start":4296,"text":"A hat bezüglich der Annahme eine Frist bis zum 10.03. gesetzt. K hat die Annahmeerklärung am Morgen des 10.03. an die bislang stets verwendete E-Mail-Adresse abgegeben. Dennoch gelangte die Annahmeerklärung bzw. E-Mail im Spam-Ordner, sodass A keine Kenntnis über die Abgabe der Annahmeerklärung nehmen konnte. Im Geschäftsalltag ist es meistens der Fall, dass ein Spam- Bericht erst am folgenden Tag im Posteingang gelangt. Somit konnte A nur am 11.03. Kenntnis über die Annahmeerklärung der K nehmen."}],"coordinates":[],"confidence":{"state":"pre-added","who":["user:FabianBrese"],"prob":1},"fields":{},"normalizations":{}},{"classId":"e_7","part":"s1v1","offsets":[{"start":4296,"text":"A hat bezüglich der Annahme eine Frist bis zum 10.03. gesetzt"}],"coordinates":[],"confidence":{"state":"pre-added","who":["user:FabianBrese"],"prob":1},"fields":{},"normalizations":{}},{"classId":"e_7","part":"s1v1","offsets":[{"start":4359,"text":"K hat die Annahmeerklärung am Morgen des 10.03. an die bislang stets verwendete E-Mail-Adresse abgegeben"}],"coordinates":[],"confidence":{"state":"pre-added","who":["user:FabianBrese"],"prob":1},"fields":{},"normalizations":{}},{"classId":"e_6","part":"s1v1","offsets":[{"start":4721,"text":"Somit konnte A nur am 11.03. Kenntnis über die Annahmeerklärung der K nehmen"}],"coordinates":[],"confidence":{"state":"pre-added","who":["user:FabianBrese"],"prob":1},"fields":{},"normalizations":{}},{"classId":"e_5","part":"s1v1","offsets":[{"start":5769,"text":"Laut Sachverhalt konnte A am 10.03. nicht erkennen, dass K eine Annahmeerklärung per E-Mail abgegeben hat. V war nach § 149 BGB dazu verpflichtet, der K die Verspätung unverzüglich mitzuteilen. Daher hat V bei K angerufen und der K die Verspätung der Annahmeerklärung unverzüglich angezeigt, weil V die Annahmeerklärung nicht mehr gelten lassen möchte."}],"coordinates":[],"confidence":{"state":"pre-added","who":["user:FabianBrese"],"prob":1},"fields":{},"normalizations":{}},{"classId":"e_7","part":"s1v1","offsets":[{"start":5963,"text":"Daher hat V bei K angerufen und der K die Verspätung der Annahmeerklärung unverzüglich angezeigt"}],"coordinates":[],"confidence":{"state":"pre-added","who":["user:FabianBrese"],"prob":1},"fields":{},"normalizations":{}},{"classId":"e_6","part":"s1v1","offsets":[{"start":6061,"text":"weil V die Annahmeerklärung nicht mehr gelten lassen möchte"}],"coordinates":[],"confidence":{"state":"pre-added","who":["user:FabianBrese"],"prob":1},"fields":{},"normalizations":{}},{"classId":"e_2","part":"s1v1","offsets":[{"start":6123,"text":"Demnach gilt der Antrag als verspätet nach § 150 I BGB"}],"coordinates":[],"confidence":{"state":"pre-added","who":["user:FabianBrese"],"prob":1},"fields":{},"normalizations":{}},{"classId":"e_2","part":"s1v1","offsets":[{"start":6183,"text":"Folglich erlischt das Angebot bei nicht rechtzeitiger Annahmeerklärung gemäß §§ 146, 148, 150 I BGB"}],"coordinates":[],"confidence":{"state":"pre-added","who":["user:FabianBrese"],"prob":1},"fields":{},"normalizations":{}},{"classId":"e_2","part":"s1v1","offsets":[{"start":6290,"text":"Der Anspruch auf den Kaufvertrag gemäß § 433 I 1 BGB ist nicht entstanden"}],"coordinates":[],"confidence":{"state":"pre-added","who":["user:FabianBrese"],"prob":1},"fields":{},"normalizations":{}},{"classId":"e_2","part":"s1v1","offsets":[{"start":6365,"text":"Demnach haben V und K keinen wirksamen Kaufvertrag nach § 433 BGB abgeschlossen"}],"coordinates":[],"confidence":{"state":"pre-added","who":["user:FabianBrese"],"prob":1},"fields":{},"normalizations":{}},{"classId":"e_2","part":"s1v1","offsets":[{"start":6583,"text":"K hat gegen V keinen Anspruch auf Übergabe und Übereignung der Maschine gemäß § 433 I 1 BGB"}],"coordinates":[],"confidence":{"state":"pre-added","who":["user:FabianBrese"],"prob":1},"fields":{},"normalizations":{}}],"relations":[{"classId":"r_8","type":"linked","directed":false,"entities":["s1v1|e_6|1887,1995","s1v1|e_7|1750,1884"],"confidence":{"state":"pre-added","who":["user:FabianBrese"],"prob":1}},{"classId":"r_8","type":"linked","directed":false,"entities":["s1v1|e_7|2134,2235","s1v1|e_6|2238,2356"],"confidence":{"state":"pre-added","who":["user:FabianBrese"],"prob":1}},{"classId":"r_8","type":"linked","directed":false,"entities":["s1v1|e_7|5963,6058","s1v1|e_6|6061,6119"],"confidence":{"state":"pre-added","who":["user:FabianBrese"],"prob":1}}]}