{"annotatable":{"parts":["s1v1"]},"anncomplete":true,"sources":[],"metas":{},"entities":[{"classId":"e_1","part":"s1v1","offsets":[{"start":31,"text":"V könnte gegen K einen Anspruch auf Zahlung von 27.000€ gemäß §433 Abs.2 BGB haben"}],"coordinates":[],"confidence":{"state":"pre-added","who":["user:Frederike"],"prob":1},"fields":{},"normalizations":{}},{"classId":"e_1","part":"s1v1","offsets":[{"start":135,"text":"Es müsste ein wirksamer Kaufvertrag zustande gekommen sein"}],"coordinates":[],"confidence":{"state":"pre-added","who":["user:Frederike"],"prob":1},"fields":{},"normalizations":{}},{"classId":"e_4","part":"s1v1","offsets":[{"start":195,"text":"Ein Vertrag kommt nach den §§ 145 ff. BGB durch übereinstimmende und aufeinander bezogene Willenserklärungen zustande, dem Angebot und der Annahme"}],"coordinates":[],"confidence":{"state":"pre-added","who":["user:Frederike"],"prob":1},"fields":{},"normalizations":{}},{"classId":"e_5","part":"s1v1","offsets":[{"start":355,"text":"V selbst hat kein Angebot gegenüber K abgegeben."}],"coordinates":[],"confidence":{"state":"pre-added","who":["user:Frederike"],"prob":1},"fields":{},"normalizations":{}},{"classId":"e_7","part":"s1v1","offsets":[{"start":355,"text":"V selbst hat kein Angebot gegenüber K abgegeben"}],"coordinates":[],"confidence":{"state":"pre-added","who":["user:Frederike"],"prob":1},"fields":{},"normalizations":{}},{"classId":"e_1","part":"s1v1","offsets":[{"start":489,"text":"Allerdings könnte das Angebot der A, das Fahrzeug für 27.000€ zu verkaufen, gemäß § 164 Abs. 1 BGB unmittelbar für und gegen V wirken, wenn diese von A wirksam vertreten wurde"}],"coordinates":[],"confidence":{"state":"pre-added","who":["user:Frederike"],"prob":1},"fields":{},"normalizations":{}},{"classId":"e_1","part":"s1v1","offsets":[{"start":666,"text":"Dafür müsste Stellvertretung zulässig sein und die A eine eigene Willenserklärung im Namen der V mit Vertretungsmacht abgegeben haben"}],"coordinates":[],"confidence":{"state":"pre-added","who":["user:Frederike"],"prob":1},"fields":{},"normalizations":{}},{"classId":"e_5","part":"s1v1","offsets":[{"start":839,"text":"Beim Abschluss eines Kaufvertrages ist Stellvertretung nach §§ 164 ff. BGB zulässig. A ist noch Minderjährig. Gemäß § 165 BGB wird die Wirksamkeit einer von oder gegenüber einem Vertreter abgegebenen Willenserklärung nicht dadurch beeinträchtigt, wenn die Geschäftsfähigkeit der Vertreterin beschränkt ist."}],"coordinates":[],"confidence":{"state":"pre-added","who":["user:Frederike"],"prob":1},"fields":{},"normalizations":{}},{"classId":"e_7","part":"s1v1","offsets":[{"start":924,"text":"A ist noch Minderjährig"}],"coordinates":[],"confidence":{"state":"pre-added","who":["user:Frederike"],"prob":1},"fields":{},"normalizations":{}},{"classId":"e_7","part":"s1v1","offsets":[{"start":949,"text":"Gemäß § 165 BGB wird die Wirksamkeit einer von oder gegenüber einem Vertreter abgegebenen Willenserklärung nicht dadurch beeinträchtigt, wenn die Geschäftsfähigkeit der Vertreterin beschränkt ist"}],"coordinates":[],"confidence":{"state":"pre-added","who":["user:Frederike"],"prob":1},"fields":{},"normalizations":{}},{"classId":"e_2","part":"s1v1","offsets":[{"start":1146,"text":"Demzufolge ist die Stellvertretung durch einen beschränkt Geschäftsfähigen möglich"}],"coordinates":[],"confidence":{"state":"pre-added","who":["user:Frederike"],"prob":1},"fields":{},"normalizations":{}},{"classId":"e_1","part":"s1v1","offsets":[{"start":1280,"text":"A müsste als Stellvertreterin gemäß § 165 BGB eine eigene Willenserklärung abgegeben haben, auch wenn sie nach § 106 BGB beschränkt geschäftsfähig ist"}],"coordinates":[],"confidence":{"state":"pre-added","who":["user:Frederike"],"prob":1},"fields":{},"normalizations":{}},{"classId":"e_5","part":"s1v1","offsets":[{"start":1433,"text":"Der Stellvertreterin, also A, muss Entscheidungsspielraum haben, innerhalb dessen sie eine eigene Willenserklärung abgeben kann. Die A verhandelt den Verkauf eigenverantwortlich und gab damit aus objektiver Sicht der K ein eigenes Angebot."}],"coordinates":[],"confidence":{"state":"pre-added","who":["user:Frederike"],"prob":1},"fields":{},"normalizations":{}},{"classId":"e_7","part":"s1v1","offsets":[{"start":1433,"text":"Der Stellvertreterin, also A, muss Entscheidungsspielraum haben, innerhalb dessen sie eine eigene Willenserklärung abgeben kann"}],"coordinates":[],"confidence":{"state":"pre-added","who":["user:Frederike"],"prob":1},"fields":{},"normalizations":{}},{"classId":"e_7","part":"s1v1","offsets":[{"start":1562,"text":"Die A verhandelt den Verkauf eigenverantwortlich"}],"coordinates":[],"confidence":{"state":"pre-added","who":["user:Frederike"],"prob":1},"fields":{},"normalizations":{}},{"classId":"e_6","part":"s1v1","offsets":[{"start":1611,"text":"und gab damit aus objektiver Sicht der K ein eigenes Angebot"}],"coordinates":[],"confidence":{"state":"pre-added","who":["user:Frederike"],"prob":1},"fields":{},"normalizations":{}},{"classId":"e_2","part":"s1v1","offsets":[{"start":1673,"text":"A hat somit eine eigene Willenserklärung abgegeben"}],"coordinates":[],"confidence":{"state":"pre-added","who":["user:Frederike"],"prob":1},"fields":{},"normalizations":{}},{"classId":"e_1","part":"s1v1","offsets":[{"start":1746,"text":"A müsste das Angebot im Namen der V abgegeben haben"}],"coordinates":[],"confidence":{"state":"pre-added","who":["user:Frederike"],"prob":1},"fields":{},"normalizations":{}},{"classId":"e_5","part":"s1v1","offsets":[{"start":1975,"text":"Aus Sicht der K war klar ersichtlich, dass A das Fahrzeug nicht selbst als Vertragspartei verkaufen wollte, sondern für ihre Arbeitgeberin V verhandelte."}],"coordinates":[],"confidence":{"state":"pre-added","who":["user:Frederike"],"prob":1},"fields":{},"normalizations":{}},{"classId":"e_7","part":"s1v1","offsets":[{"start":1975,"text":"Aus Sicht der K war klar ersichtlich, dass A das Fahrzeug nicht selbst als Vertragspartei verkaufen wollte, sondern für ihre Arbeitgeberin V verhandelte"}],"coordinates":[],"confidence":{"state":"pre-added","who":["user:Frederike"],"prob":1},"fields":{},"normalizations":{}},{"classId":"e_2","part":"s1v1","offsets":[{"start":2129,"text":"A hat das Angebot folglich im Namen der V abgegeben"}],"coordinates":[],"confidence":{"state":"pre-added","who":["user:Frederike"],"prob":1},"fields":{},"normalizations":{}},{"classId":"e_1","part":"s1v1","offsets":[{"start":2205,"text":"A müsste zudem mit Vertretungsmacht gehandelt haben"}],"coordinates":[],"confidence":{"state":"pre-added","who":["user:Frederike"],"prob":1},"fields":{},"normalizations":{}},{"classId":"e_5","part":"s1v1","offsets":[{"start":2416,"text":"V hatte A gebeten, den Verkauf des Fahrzeugs eigenverantwortlich zu verhandeln und abzuwickeln, mit der Bedingung, dass der Kaufpreis nicht unter 25.000€ liege."}],"coordinates":[],"confidence":{"state":"pre-added","who":["user:Frederike"],"prob":1},"fields":{},"normalizations":{}},{"classId":"e_7","part":"s1v1","offsets":[{"start":2416,"text":"V hatte A gebeten, den Verkauf des Fahrzeugs eigenverantwortlich zu verhandeln und abzuwickeln, mit der Bedingung, dass der Kaufpreis nicht unter 25.000€ liege"}],"coordinates":[],"confidence":{"state":"pre-added","who":["user:Frederike"],"prob":1},"fields":{},"normalizations":{}},{"classId":"e_2","part":"s1v1","offsets":[{"start":2599,"text":"A hat K per Telefon ein Angebot über den Verkauf des Fahrzeuges zum Preis von 27.000€ gemacht, das gemäß § 164 Abs. 1 BGB Wirkung für die wirksam vertretene V entfaltet"}],"coordinates":[],"confidence":{"state":"pre-added","who":["user:Frederike"],"prob":1},"fields":{},"normalizations":{}},{"classId":"e_1","part":"s1v1","offsets":[{"start":2782,"text":"K müsste das Angebot der A für V durch ihre Email vom 24.02. wirksam angenommen haben"}],"coordinates":[],"confidence":{"state":"pre-added","who":["user:Frederike"],"prob":1},"fields":{},"normalizations":{}},{"classId":"e_4","part":"s1v1","offsets":[{"start":2870,"text":"Gemäß § 148 BGB kann die Annahme nur innerhalb der Frist erfolgen"}],"coordinates":[],"confidence":{"state":"pre-added","who":["user:Frederike"],"prob":1},"fields":{},"normalizations":{}},{"classId":"e_4","part":"s1v1","offsets":[{"start":2937,"text":"Die Annahmeerklärung wird unter Abwesenden nach § 130 Abs. 1 Satz 1 BGB mit Zugang wirksam"}],"coordinates":[],"confidence":{"state":"pre-added","who":["user:Frederike"],"prob":1},"fields":{},"normalizations":{}},{"classId":"e_4","part":"s1v1","offsets":[{"start":3029,"text":"Zugang liegt vor, sobald die Erklärung in verkehrsüblicher Weise in die tatsächliche Verfügungsgewalt des Empfängers gelangt ist und für diesen unter gewöhnlichen Verhältnissen die Möglichkeit besteht, von ihr Kenntnis zu nehmen"}],"coordinates":[],"confidence":{"state":"pre-added","who":["user:Frederike"],"prob":1},"fields":{},"normalizations":{}},{"classId":"e_5","part":"s1v1","offsets":[{"start":3371,"text":"Die Email der K, in der sie die Annahme des Angebots gegenüber A erklärt, ist am 24.02. um 23:55 Uhr in deren Bereich gelangt und somit fristgerecht eingegangen. Unter Abwesenden wird die Annahmeerklärung nach § 130 Abs. 1 Satz 1 BGB mit Zugang wirksam. Hier sieht A die Annahme von K erst am Morgen vom 25.02..\n\nA antwortet K auf ihre Annahme sofort und klärt sie noch über die Bezahlung des Kaufpreises auf."}],"coordinates":[],"confidence":{"state":"pre-added","who":["user:Frederike"],"prob":1},"fields":{},"normalizations":{}},{"classId":"e_7","part":"s1v1","offsets":[{"start":3371,"text":"Die Email der K, in der sie die Annahme des Angebots gegenüber A erklärt, ist am 24.02. um 23:55 Uhr in deren Bereich gelangt"}],"coordinates":[],"confidence":{"state":"pre-added","who":["user:Frederike"],"prob":1},"fields":{},"normalizations":{}},{"classId":"e_6","part":"s1v1","offsets":[{"start":3497,"text":"und somit fristgerecht eingegangen"}],"coordinates":[],"confidence":{"state":"pre-added","who":["user:Frederike"],"prob":1},"fields":{},"normalizations":{}},{"classId":"e_7","part":"s1v1","offsets":[{"start":3625,"text":"Hier sieht A die Annahme von K erst am Morgen vom 25.02."}],"coordinates":[],"confidence":{"state":"pre-added","who":["user:Frederike"],"prob":1},"fields":{},"normalizations":{}},{"classId":"e_7","part":"s1v1","offsets":[{"start":3684,"text":"A antwortet K auf ihre Annahme sofort und klärt sie noch über die Bezahlung des Kaufpreises auf"}],"coordinates":[],"confidence":{"state":"pre-added","who":["user:Frederike"],"prob":1},"fields":{},"normalizations":{}},{"classId":"e_2","part":"s1v1","offsets":[{"start":3782,"text":"Da die Email noch am 24.02. eingegangen ist, hat K somit das Angebot rechtzeitig angenommen"}],"coordinates":[],"confidence":{"state":"pre-added","who":["user:Frederike"],"prob":1},"fields":{},"normalizations":{}},{"classId":"e_2","part":"s1v1","offsets":[{"start":3897,"text":"Zwischen V und K ist ein wirksamer Kaufvertrag zustande gekommen"}],"coordinates":[],"confidence":{"state":"pre-added","who":["user:Frederike"],"prob":1},"fields":{},"normalizations":{}},{"classId":"e_1","part":"s1v1","offsets":[{"start":3980,"text":"Der Kaufvertrag könnte infolge einer Anfechtung durch K gemäß § 142 Abs. 1 BGB als von Anfang an unwirksam gelten"}],"coordinates":[],"confidence":{"state":"pre-added","who":["user:Frederike"],"prob":1},"fields":{},"normalizations":{}},{"classId":"e_5","part":"s1v1","offsets":[{"start":4301,"text":"Unwissend erzählt V der K nach dem Kauf, dass der gekaufte Wagen ein Unfallwagen sein. V wusste nicht, dass A der K sagte, dass der Wagen unfallfrei sei.\n\nA erwiderte, dass sie kein Unfallwagen wolle und es deshalb nicht bezahlen werde und es zurückgebe. Diese Erklärung ist vom objektiven Empfängerhorizont der V aus betrachtet als Anfechtungserklärung nach § 143 Abs. 1 BGB auszulegen."}],"coordinates":[],"confidence":{"state":"pre-added","who":["user:Frederike"],"prob":1},"fields":{},"normalizations":{}},{"classId":"e_7","part":"s1v1","offsets":[{"start":4301,"text":"Unwissend erzählt V der K nach dem Kauf, dass der gekaufte Wagen ein Unfallwagen sein"}],"coordinates":[],"confidence":{"state":"pre-added","who":["user:Frederike"],"prob":1},"fields":{},"normalizations":{}},{"classId":"e_7","part":"s1v1","offsets":[{"start":4388,"text":"V wusste nicht, dass A der K sagte, dass der Wagen unfallfrei sei"}],"coordinates":[],"confidence":{"state":"pre-added","who":["user:Frederike"],"prob":1},"fields":{},"normalizations":{}},{"classId":"e_7","part":"s1v1","offsets":[{"start":4456,"text":"A erwiderte, dass sie kein Unfallwagen wolle und es deshalb nicht bezahlen werde und es zurückgebe"}],"coordinates":[],"confidence":{"state":"pre-added","who":["user:Frederike"],"prob":1},"fields":{},"normalizations":{}},{"classId":"e_6","part":"s1v1","offsets":[{"start":4556,"text":"Diese Erklärung ist vom objektiven Empfängerhorizont der V aus betrachtet als Anfechtungserklärung nach § 143 Abs. 1 BGB auszulegen"}],"coordinates":[],"confidence":{"state":"pre-added","who":["user:Frederike"],"prob":1},"fields":{},"normalizations":{}},{"classId":"e_5","part":"s1v1","offsets":[{"start":4711,"text":"A bejahte, dass der Wagen unfallfrei ist, obwohl sie es nicht eindeutig wusste und es einfach bejahte, um den Verkauf nicht zu gefährden. Der Wagen hatte jedoch bereits einen Unfall gehabt.\n\nEs ist davon auszugehen, dass A über alle wichtigen Eigenschaften und Informationen des Autos informiert wurde, um alle aufkommenden Fragen richtig beantworten zu können.\n\nLaut § 123 Abs. 2 BGB ist die Erklärung anfechtbar, da A eine arglistige Täuschung verübte, und über die Eigenschaft des Unfalls hätte wissen müssen."}],"coordinates":[],"confidence":{"state":"pre-added","who":["user:Frederike"],"prob":1},"fields":{},"normalizations":{}},{"classId":"e_7","part":"s1v1","offsets":[{"start":4711,"text":"A bejahte, dass der Wagen unfallfrei ist, obwohl sie es nicht eindeutig wusste und es einfach bejahte, um den Verkauf nicht zu gefährden"}],"coordinates":[],"confidence":{"state":"pre-added","who":["user:Frederike"],"prob":1},"fields":{},"normalizations":{}},{"classId":"e_7","part":"s1v1","offsets":[{"start":4849,"text":"Der Wagen hatte jedoch bereits einen Unfall gehabt"}],"coordinates":[],"confidence":{"state":"pre-added","who":["user:Frederike"],"prob":1},"fields":{},"normalizations":{}},{"classId":"e_6","part":"s1v1","offsets":[{"start":4902,"text":"Es ist davon auszugehen, dass A über alle wichtigen Eigenschaften und Informationen des Autos informiert wurde, um alle aufkommenden Fragen richtig beantworten zu können"}],"coordinates":[],"confidence":{"state":"pre-added","who":["user:Frederike"],"prob":1},"fields":{},"normalizations":{}},{"classId":"e_6","part":"s1v1","offsets":[{"start":5074,"text":"Laut § 123 Abs. 2 BGB ist die Erklärung anfechtbar"}],"coordinates":[],"confidence":{"state":"pre-added","who":["user:Frederike"],"prob":1},"fields":{},"normalizations":{}},{"classId":"e_7","part":"s1v1","offsets":[{"start":5126,"text":"da A eine arglistige Täuschung verübte, und über die Eigenschaft des Unfalls hätte wissen müssen"}],"coordinates":[],"confidence":{"state":"pre-added","who":["user:Frederike"],"prob":1},"fields":{},"normalizations":{}},{"classId":"e_2","part":"s1v1","offsets":[{"start":5225,"text":"Somit kann K den Kaufvertrag mit V aufgrund einer arglistigen Täuschung durch ihre Stellvertreterin A gemäß § 119 Abs. 2 BGB anfechten"}],"coordinates":[],"confidence":{"state":"pre-added","who":["user:Frederike"],"prob":1},"fields":{},"normalizations":{}},{"classId":"e_2","part":"s1v1","offsets":[{"start":5383,"text":"K hat den Kaufvertrag mit V wirksam angefochten"}],"coordinates":[],"confidence":{"state":"pre-added","who":["user:Frederike"],"prob":1},"fields":{},"normalizations":{}},{"classId":"e_2","part":"s1v1","offsets":[{"start":5448,"text":"V hat gegen K keinen Anspruch auf Zahlung der 27.000€ aus § 433 Abs.2 BGB"}],"coordinates":[],"confidence":{"state":"pre-added","who":["user:Frederike"],"prob":1},"fields":{},"normalizations":{}}],"relations":[{"classId":"r_3","type":"linked","directed":false,"entities":["s1v1|e_2|1673,1722","s1v1|e_1|1280,1429"],"confidence":{"state":"pre-added","who":["user:Frederike"],"prob":1}},{"classId":"r_3","type":"linked","directed":false,"entities":["s1v1|e_2|2129,2179","s1v1|e_1|1746,1796"],"confidence":{"state":"pre-added","who":["user:Frederike"],"prob":1}},{"classId":"r_3","type":"linked","directed":false,"entities":["s1v1|e_2|2599,2766","s1v1|e_1|489,663"],"confidence":{"state":"pre-added","who":["user:Frederike"],"prob":1}},{"classId":"r_3","type":"linked","directed":false,"entities":["s1v1|e_2|3782,3872","s1v1|e_1|2782,2866"],"confidence":{"state":"pre-added","who":["user:Frederike"],"prob":1}},{"classId":"r_3","type":"linked","directed":false,"entities":["s1v1|e_2|3897,3960","s1v1|e_1|135,192"],"confidence":{"state":"pre-added","who":["user:Frederike"],"prob":1}},{"classId":"r_3","type":"linked","directed":false,"entities":["s1v1|e_2|5383,5429","s1v1|e_1|3980,4092"],"confidence":{"state":"pre-added","who":["user:Frederike"],"prob":1}},{"classId":"r_3","type":"linked","directed":false,"entities":["s1v1|e_2|5448,5520","s1v1|e_1|31,112"],"confidence":{"state":"pre-added","who":["user:Frederike"],"prob":1}},{"classId":"r_8","type":"linked","directed":false,"entities":["s1v1|e_7|1562,1609","s1v1|e_6|1611,1670"],"confidence":{"state":"pre-added","who":["user:Frederike"],"prob":1}},{"classId":"r_8","type":"linked","directed":false,"entities":["s1v1|e_7|3371,3495","s1v1|e_6|3497,3530"],"confidence":{"state":"pre-added","who":["user:Frederike"],"prob":1}},{"classId":"r_8","type":"linked","directed":false,"entities":["s1v1|e_7|4456,4553","s1v1|e_6|4556,4686"],"confidence":{"state":"pre-added","who":["user:Frederike"],"prob":1}},{"classId":"r_8","type":"linked","directed":false,"entities":["s1v1|e_6|5074,5123","s1v1|e_7|5126,5221"],"confidence":{"state":"pre-added","who":["user:Frederike"],"prob":1}}]}