{"annotatable":{"parts":["s1v1"]},"anncomplete":true,"sources":[],"metas":{},"entities":[{"classId":"e_1","part":"s1v1","offsets":[{"start":4,"text":"A könnte einen Anspruch auf Übergabe und Übereignung der 500 Tonnen Stahl zum Preis von 265k€ aus §433 Abs.1 BGB haben"}],"coordinates":[],"confidence":{"state":"pre-added","who":["user:FabianBrese"],"prob":1},"fields":{},"normalizations":{}},{"classId":"e_1","part":"s1v1","offsets":[{"start":141,"text":"Hierfür müsste ein Kaufvertrag zwischen A und C geschlossen worden sein"}],"coordinates":[],"confidence":{"state":"pre-added","who":["user:FabianBrese"],"prob":1},"fields":{},"normalizations":{}},{"classId":"e_4","part":"s1v1","offsets":[{"start":214,"text":"Ein Kaufvertrag besteht aus 2 inhaltlich übereinstehenden Willenserklärung"}],"coordinates":[],"confidence":{"state":"pre-added","who":["user:FabianBrese"],"prob":1},"fields":{},"normalizations":{}},{"classId":"e_1","part":"s1v1","offsets":[{"start":368,"text":"C müsste A ein Angebot unterbreitet haben"}],"coordinates":[],"confidence":{"state":"pre-added","who":["user:FabianBrese"],"prob":1},"fields":{},"normalizations":{}},{"classId":"e_4","part":"s1v1","offsets":[{"start":411,"text":"Ein Angebot ist eine empfangsbedürftige Willenserklärung"}],"coordinates":[],"confidence":{"state":"pre-added","who":["user:FabianBrese"],"prob":1},"fields":{},"normalizations":{}},{"classId":"e_4","part":"s1v1","offsets":[{"start":469,"text":"Sie dient der Schließung eines Kaufvertrages gemäß §433 BGB"}],"coordinates":[],"confidence":{"state":"pre-added","who":["user:FabianBrese"],"prob":1},"fields":{},"normalizations":{}},{"classId":"e_4","part":"s1v1","offsets":[{"start":530,"text":"Ein Angebot muss so gerichtet sein, dass der Antragsempfänger es mit einem bloßen „Ja“ annehmen kann"}],"coordinates":[],"confidence":{"state":"pre-added","who":["user:FabianBrese"],"prob":1},"fields":{},"normalizations":{}},{"classId":"e_5","part":"s1v1","offsets":[{"start":632,"text":"Dem Sachverhalt ist zu entnehmen, dass A mit Schreiben an C, mittgeteilt hat, dass Sie 500 Tonnen Stahl benötigt und Einzelheiten mit ihrer Mitarbeiterin B besprochen werden sollen. Infolgedessen unterbreitete C zwei Angebote an B."}],"coordinates":[],"confidence":{"state":"pre-added","who":["user:FabianBrese"],"prob":1},"fields":{},"normalizations":{}},{"classId":"e_7","part":"s1v1","offsets":[{"start":632,"text":"Dem Sachverhalt ist zu entnehmen, dass A mit Schreiben an C, mittgeteilt hat, dass Sie 500 Tonnen Stahl benötigt und Einzelheiten mit ihrer Mitarbeiterin B besprochen werden sollen"}],"coordinates":[],"confidence":{"state":"pre-added","who":["user:FabianBrese"],"prob":1},"fields":{},"normalizations":{}},{"classId":"e_6","part":"s1v1","offsets":[{"start":814,"text":"Infolgedessen unterbreitete C zwei Angebote an B"}],"coordinates":[],"confidence":{"state":"pre-added","who":["user:FabianBrese"],"prob":1},"fields":{},"normalizations":{}},{"classId":"e_2","part":"s1v1","offsets":[{"start":864,"text":"Ein Angebot liegt somit vor"}],"coordinates":[],"confidence":{"state":"pre-added","who":["user:FabianBrese"],"prob":1},"fields":{},"normalizations":{}},{"classId":"e_1","part":"s1v1","offsets":[{"start":928,"text":"Fraglich ist, ob B eine eigene Willenserklärung an C gemäß §164 Abs.1 S.1 BGB übermittelt hat"}],"coordinates":[],"confidence":{"state":"pre-added","who":["user:FabianBrese"],"prob":1},"fields":{},"normalizations":{}},{"classId":"e_4","part":"s1v1","offsets":[{"start":1023,"text":"Sobald A an B eine klare Angebotsentscheidung übermittelt und B diese an C übergibt liegt eine Botenfunktion und keine eigene Willenserklärung vor"}],"coordinates":[],"confidence":{"state":"pre-added","who":["user:FabianBrese"],"prob":1},"fields":{},"normalizations":{}},{"classId":"e_5","part":"s1v1","offsets":[{"start":1171,"text":"Hier tritt B jedoch repräsentativ für A auf und entscheidet sich aus freien Stücken für das Angebot"}],"coordinates":[],"confidence":{"state":"pre-added","who":["user:FabianBrese"],"prob":1},"fields":{},"normalizations":{}},{"classId":"e_7","part":"s1v1","offsets":[{"start":1171,"text":"Hier tritt B jedoch repräsentativ für A auf"}],"coordinates":[],"confidence":{"state":"pre-added","who":["user:FabianBrese"],"prob":1},"fields":{},"normalizations":{}},{"classId":"e_6","part":"s1v1","offsets":[{"start":1215,"text":"und entscheidet sich aus freien Stücken für das Angebot"}],"coordinates":[],"confidence":{"state":"pre-added","who":["user:FabianBrese"],"prob":1},"fields":{},"normalizations":{}},{"classId":"e_2","part":"s1v1","offsets":[{"start":1278,"text":"Eine eigene WE der B ist daher gegeben"}],"coordinates":[],"confidence":{"state":"pre-added","who":["user:FabianBrese"],"prob":1},"fields":{},"normalizations":{}},{"classId":"e_1","part":"s1v1","offsets":[{"start":1360,"text":"C müsste bewusst sein, dass B eine Mitarbeiterin der Inhaberin A ist und im genannten Fall als Stellvertreterin für sie fungiert"}],"coordinates":[],"confidence":{"state":"pre-added","who":["user:FabianBrese"],"prob":1},"fields":{},"normalizations":{}},{"classId":"e_2","part":"s1v1","offsets":[{"start":1490,"text":"Das übermittelte Schreiben der A an C zeigt auf, dass C sich an B wenden soll, um Details zu klären, somit ist offenkundig, das B in einer stellvertretenden Funktion auftritt"}],"coordinates":[],"confidence":{"state":"pre-added","who":["user:FabianBrese"],"prob":1},"fields":{},"normalizations":{}},{"classId":"e_1","part":"s1v1","offsets":[{"start":1694,"text":"Es müsste B erlaubt sein Angebote mit C zu verhandeln und eigenständig zu bearbeiten"}],"coordinates":[],"confidence":{"state":"pre-added","who":["user:FabianBrese"],"prob":1},"fields":{},"normalizations":{}},{"classId":"e_4","part":"s1v1","offsets":[{"start":1780,"text":"Gemäß § 167 Abs. 1 BGB muss eine Erklärung der Bevollmächtigung gegenüber dem Bevollmächtigten oder gegenüber dem Dritten über die Vertretung stattfinden"}],"coordinates":[],"confidence":{"state":"pre-added","who":["user:FabianBrese"],"prob":1},"fields":{},"normalizations":{}},{"classId":"e_5","part":"s1v1","offsets":[{"start":1935,"text":"Inhaberin A hat C gegenüber ausdrücklich erwähnt, dass B sich um Einzelheiten des Angebots kümmert, zudem ist B eine Mitarbeiterin des Einkaufs und somit ist anzunehmen, dass es zu ihrem operativen Geschäftsalltag gehört Angebote zu bearbeiten und sie ggf. anzunehmen oder abzulehnen."}],"coordinates":[],"confidence":{"state":"pre-added","who":["user:FabianBrese"],"prob":1},"fields":{},"normalizations":{}},{"classId":"e_7","part":"s1v1","offsets":[{"start":1935,"text":"Inhaberin A hat C gegenüber ausdrücklich erwähnt, dass B sich um Einzelheiten des Angebots kümmert, zudem ist B eine Mitarbeiterin des Einkaufs"}],"coordinates":[],"confidence":{"state":"pre-added","who":["user:FabianBrese"],"prob":1},"fields":{},"normalizations":{}},{"classId":"e_6","part":"s1v1","offsets":[{"start":2079,"text":"und somit ist anzunehmen, dass es zu ihrem operativen Geschäftsalltag gehört Angebote zu bearbeiten und sie ggf. anzunehmen oder abzulehnen"}],"coordinates":[],"confidence":{"state":"pre-added","who":["user:FabianBrese"],"prob":1},"fields":{},"normalizations":{}},{"classId":"e_2","part":"s1v1","offsets":[{"start":2220,"text":"Folglich ist B vertretungsbevollmächtigt"}],"coordinates":[],"confidence":{"state":"pre-added","who":["user:FabianBrese"],"prob":1},"fields":{},"normalizations":{}},{"classId":"e_2","part":"s1v1","offsets":[{"start":2286,"text":"Es wurde ein rechtswirksames Angebot von C an B, im Namen der A, gemäß §433 Abs 1 BGB über 500 Tonnen Stahl abgegeben"}],"coordinates":[],"confidence":{"state":"pre-added","who":["user:FabianBrese"],"prob":1},"fields":{},"normalizations":{}},{"classId":"e_1","part":"s1v1","offsets":[{"start":2417,"text":"Fraglich ist, ob B das Angebot der C angenommen hat"}],"coordinates":[],"confidence":{"state":"pre-added","who":["user:FabianBrese"],"prob":1},"fields":{},"normalizations":{}},{"classId":"e_4","part":"s1v1","offsets":[{"start":2470,"text":"Eine Annahme ist eine empfangsbedürftige Willenserklärung, deren Zustimmung dem Abschluss eines Kaufvertrages dient"}],"coordinates":[],"confidence":{"state":"pre-added","who":["user:FabianBrese"],"prob":1},"fields":{},"normalizations":{}},{"classId":"e_2","part":"s1v1","offsets":[{"start":2587,"text":"Zu entnehmen ist, dass B sich für Angebot (2) 500 t hochwertigen Stahl zum Preis von 530€/T entschieden hat und somit das Angebot angenommen hat"}],"coordinates":[],"confidence":{"state":"pre-added","who":["user:FabianBrese"],"prob":1},"fields":{},"normalizations":{}},{"classId":"e_2","part":"s1v1","offsets":[{"start":2757,"text":"Es wurde ein rechtswirksamer Kaufvertrag zwischen C und B, im Namen der A, über 500 Tonnen hochwertigen Stahl zum Preis von 530€/T (Gesamt: 265k€) gemäß §433 Art. 1 Abs. 1 geschlossen"}],"coordinates":[],"confidence":{"state":"pre-added","who":["user:FabianBrese"],"prob":1},"fields":{},"normalizations":{}},{"classId":"e_4","part":"s1v1","offsets":[{"start":2973,"text":"Eine Anfechtung ist eine Willenserklärung, welche darauf abzielt, einen Kaufvertrag von Anfang an ungültig („ex tunc“) zu machen"}],"coordinates":[],"confidence":{"state":"pre-added","who":["user:FabianBrese"],"prob":1},"fields":{},"normalizations":{}},{"classId":"e_1","part":"s1v1","offsets":[{"start":3127,"text":"C müsste A kenntlich gemacht haben, dass sie den Kaufvertrag anfechten möchte"}],"coordinates":[],"confidence":{"state":"pre-added","who":["user:FabianBrese"],"prob":1},"fields":{},"normalizations":{}},{"classId":"e_2","part":"s1v1","offsets":[{"start":3206,"text":"C verweigert die Lieferung der vereinbarten 500 Tonnen Stahl, was zum Ausdruck bringt, dass C ihrer Kaufvertragspflicht analog §433 Abs. 1 nicht nachkommen wird"}],"coordinates":[],"confidence":{"state":"pre-added","who":["user:FabianBrese"],"prob":1},"fields":{},"normalizations":{}},{"classId":"e_1","part":"s1v1","offsets":[{"start":3391,"text":"Fraglich ist, on C einen triftigen Grund zur Anfechtung des Kaufvertrages hat"}],"coordinates":[],"confidence":{"state":"pre-added","who":["user:FabianBrese"],"prob":1},"fields":{},"normalizations":{}},{"classId":"e_4","part":"s1v1","offsets":[{"start":3470,"text":"Zur Anfechtung berechtigt ist gemäß §119 Abs. 1 BGB, wer zum Zeitpunkt der Abgabe einer Willenserklärung über deren Inhalt im Irrtum war oder eine Erklärung dieses Inhaltes überhaupt nicht abgeben wollte"}],"coordinates":[],"confidence":{"state":"pre-added","who":["user:FabianBrese"],"prob":1},"fields":{},"normalizations":{}},{"classId":"e_5","part":"s1v1","offsets":[{"start":3675,"text":"C hat B zwei Angebote übermittelt. Auffällig ist zudem, dass sie die Einkaufsmitarbeiterin B mit einer derzeit seltenen Playstation 5 zum Angebot (2) - hochwertigen Stahl gelockt hat. Das lässt erkennen, dass C sich über den Inhalt des Angebotes klar bewusst ist und sie zudem stark zu diesem bestimmten Angebot tendiert. Der Marktpreisanstieg des Stahls stellt hier keinen Grund zur Anfechtung da, da dieser als unternehmerisches Risiko zu werten ist, welches in der Praxis positiv oder negativ für beide Parteien sein kann."}],"coordinates":[],"confidence":{"state":"pre-added","who":["user:FabianBrese"],"prob":1},"fields":{},"normalizations":{}},{"classId":"e_7","part":"s1v1","offsets":[{"start":3675,"text":"C hat B zwei Angebote übermittelt"}],"coordinates":[],"confidence":{"state":"pre-added","who":["user:FabianBrese"],"prob":1},"fields":{},"normalizations":{}},{"classId":"e_6","part":"s1v1","offsets":[{"start":3859,"text":"Das lässt erkennen, dass C sich über den Inhalt des Angebotes klar bewusst ist und sie zudem stark zu diesem bestimmten Angebot tendiert"}],"coordinates":[],"confidence":{"state":"pre-added","who":["user:FabianBrese"],"prob":1},"fields":{},"normalizations":{}},{"classId":"e_2","part":"s1v1","offsets":[{"start":4223,"text":"C ist nicht berechtigt des Kaufvertrags zwischen ihr und B im Namen A, anzufechten"}],"coordinates":[],"confidence":{"state":"pre-added","who":["user:FabianBrese"],"prob":1},"fields":{},"normalizations":{}},{"classId":"e_2","part":"s1v1","offsets":[{"start":4322,"text":"Ein Kaufvertrag zwischen C und B im Namen der A wurde geschlossen"}],"coordinates":[],"confidence":{"state":"pre-added","who":["user:FabianBrese"],"prob":1},"fields":{},"normalizations":{}},{"classId":"e_2","part":"s1v1","offsets":[{"start":4389,"text":"Die Anfechtung der C ist nach Durchführung einer Überprüfung nicht rechtmäßig"}],"coordinates":[],"confidence":{"state":"pre-added","who":["user:FabianBrese"],"prob":1},"fields":{},"normalizations":{}},{"classId":"e_2","part":"s1v1","offsets":[{"start":4470,"text":"A hat einen Anspruch auf Übergabe und Übereignung über 500 Tonnen hochwertigen Stahl zum Preis von 530€/T (Gesamt: 265k€) gemäß §433 Art. 1 Abs"}],"coordinates":[],"confidence":{"state":"pre-added","who":["user:FabianBrese"],"prob":1},"fields":{},"normalizations":{}}],"relations":[{"classId":"r_3","type":"linked","directed":false,"entities":["s1v1|e_2|864,890","s1v1|e_1|368,408"],"confidence":{"state":"pre-added","who":["user:FabianBrese"],"prob":1}},{"classId":"r_3","type":"linked","directed":false,"entities":["s1v1|e_2|1278,1315","s1v1|e_1|928,1020"],"confidence":{"state":"pre-added","who":["user:FabianBrese"],"prob":1}},{"classId":"r_3","type":"linked","directed":false,"entities":["s1v1|e_2|1490,1663","s1v1|e_1|1360,1487"],"confidence":{"state":"pre-added","who":["user:FabianBrese"],"prob":1}},{"classId":"r_3","type":"linked","directed":false,"entities":["s1v1|e_2|2220,2259","s1v1|e_1|1694,1777"],"confidence":{"state":"pre-added","who":["user:FabianBrese"],"prob":1}},{"classId":"r_3","type":"linked","directed":false,"entities":["s1v1|e_2|2587,2730","s1v1|e_1|2417,2467"],"confidence":{"state":"pre-added","who":["user:FabianBrese"],"prob":1}},{"classId":"r_3","type":"linked","directed":false,"entities":["s1v1|e_2|2757,2939","s1v1|e_1|141,211"],"confidence":{"state":"pre-added","who":["user:FabianBrese"],"prob":1}},{"classId":"r_3","type":"linked","directed":false,"entities":["s1v1|e_2|3206,3365","s1v1|e_1|3127,3203"],"confidence":{"state":"pre-added","who":["user:FabianBrese"],"prob":1}},{"classId":"r_3","type":"linked","directed":false,"entities":["s1v1|e_2|4223,4304","s1v1|e_1|3391,3467"],"confidence":{"state":"pre-added","who":["user:FabianBrese"],"prob":1}},{"classId":"r_3","type":"linked","directed":false,"entities":["s1v1|e_2|4322,4386","s1v1|e_1|141,211"],"confidence":{"state":"pre-added","who":["user:FabianBrese"],"prob":1}},{"classId":"r_3","type":"linked","directed":false,"entities":["s1v1|e_2|4389,4465","s1v1|e_1|3391,3467"],"confidence":{"state":"pre-added","who":["user:FabianBrese"],"prob":1}},{"classId":"r_3","type":"linked","directed":false,"entities":["s1v1|e_2|4470,4612","s1v1|e_1|4,121"],"confidence":{"state":"pre-added","who":["user:FabianBrese"],"prob":1}},{"classId":"r_8","type":"linked","directed":false,"entities":["s1v1|e_6|814,861","s1v1|e_7|632,811"],"confidence":{"state":"pre-added","who":["user:FabianBrese"],"prob":1}},{"classId":"r_8","type":"linked","directed":false,"entities":["s1v1|e_7|1171,1213","s1v1|e_6|1215,1269"],"confidence":{"state":"pre-added","who":["user:FabianBrese"],"prob":1}},{"classId":"r_8","type":"linked","directed":false,"entities":["s1v1|e_7|1935,2077","s1v1|e_6|2079,2217"],"confidence":{"state":"pre-added","who":["user:FabianBrese"],"prob":1}}]}