{"annotatable":{"parts":["s1v1"]},"anncomplete":true,"sources":[],"metas":{},"entities":[{"classId":"e_1","part":"s1v1","offsets":[{"start":14,"text":"K könnte gegen V einen Anspruch auf Übergabe und Übereignung der Maschine aus § 433 Abs. 1 Satz 1 BGB haben"}],"coordinates":[],"confidence":{"state":"pre-added","who":["user:Frederike"],"prob":1},"fields":{},"normalizations":{}},{"classId":"e_1","part":"s1v1","offsets":[{"start":138,"text":"Dazu müsste ein wirksamer Kaufvertrag zustande gekommen sein"}],"coordinates":[],"confidence":{"state":"pre-added","who":["user:Frederike"],"prob":1},"fields":{},"normalizations":{}},{"classId":"e_4","part":"s1v1","offsets":[{"start":200,"text":"Ein Kaufvertrag besteht aus zwei übereinstimmenden Willenserklärungen, dem Angebot und der Annahme laut §§ 145 ff. BGB"}],"coordinates":[],"confidence":{"state":"pre-added","who":["user:Frederike"],"prob":1},"fields":{},"normalizations":{}},{"classId":"e_1","part":"s1v1","offsets":[{"start":332,"text":"Fraglich ist, ob V selbst das Angebot gegenüber K abgegeben hat"}],"coordinates":[],"confidence":{"state":"pre-added","who":["user:Frederike"],"prob":1},"fields":{},"normalizations":{}},{"classId":"e_4","part":"s1v1","offsets":[{"start":397,"text":"Ein Angebot ist eine empfangsbedürftige Willenserklärung, die alle grundlegenden Bestandteile des Vertrags (essentialia negotii) enthält, sodass der Annehmende es mit einem einfachen „ja“ annehmen kann"}],"coordinates":[],"confidence":{"state":"pre-added","who":["user:Frederike"],"prob":1},"fields":{},"normalizations":{}},{"classId":"e_2","part":"s1v1","offsets":[{"start":601,"text":"V selbst hat das Angebot gegenüber K nicht selbst abgegeben"}],"coordinates":[],"confidence":{"state":"pre-added","who":["user:Frederike"],"prob":1},"fields":{},"normalizations":{}},{"classId":"e_1","part":"s1v1","offsets":[{"start":662,"text":"Das Angebot über den Verkauf der Maschine gegenüber V könnte gem. § 164 Abs. 1 trotzdem wirken, wenn es von A wirksam vertreten wurde"}],"coordinates":[],"confidence":{"state":"pre-added","who":["user:Frederike"],"prob":1},"fields":{},"normalizations":{}},{"classId":"e_2","part":"s1v1","offsets":[{"start":895,"text":"Die Stellvertretung beim Abschluss eines Kaufvertrages ist gem. § 164 ff. BGB zulässig"}],"coordinates":[],"confidence":{"state":"pre-added","who":["user:Frederike"],"prob":1},"fields":{},"normalizations":{}},{"classId":"e_1","part":"s1v1","offsets":[{"start":1033,"text":"Fraglich ist ob A eine eigene Willenserklärung abgeben hat"}],"coordinates":[],"confidence":{"state":"pre-added","who":["user:Frederike"],"prob":1},"fields":{},"normalizations":{}},{"classId":"e_5","part":"s1v1","offsets":[{"start":1378,"text":"Da A den Verkauf selbständig abwickelte, gab sie aus objektivierter Sicht ein eigenes Angebot an K ab."}],"coordinates":[],"confidence":{"state":"pre-added","who":["user:Frederike"],"prob":1},"fields":{},"normalizations":{}},{"classId":"e_7","part":"s1v1","offsets":[{"start":1378,"text":"Da A den Verkauf selbständig abwickelte"}],"coordinates":[],"confidence":{"state":"pre-added","who":["user:Frederike"],"prob":1},"fields":{},"normalizations":{}},{"classId":"e_6","part":"s1v1","offsets":[{"start":1419,"text":"gab sie aus objektivierter Sicht ein eigenes Angebot an K ab"}],"coordinates":[],"confidence":{"state":"pre-added","who":["user:Frederike"],"prob":1},"fields":{},"normalizations":{}},{"classId":"e_2","part":"s1v1","offsets":[{"start":1481,"text":"Somit hat A eine eigene Willenserklärung abgeben"}],"coordinates":[],"confidence":{"state":"pre-added","who":["user:Frederike"],"prob":1},"fields":{},"normalizations":{}},{"classId":"e_1","part":"s1v1","offsets":[{"start":1551,"text":"Fraglich ist ob A das Angebot im Namen der V abgeben hat"}],"coordinates":[],"confidence":{"state":"pre-added","who":["user:Frederike"],"prob":1},"fields":{},"normalizations":{}},{"classId":"e_4","part":"s1v1","offsets":[{"start":1609,"text":"Nach dem Offenkundigkeitsprinzip muss der Erklärende dem Vertragspartner mitteilen, dass die Rechtsfolgen des Geschäfts nicht ihn, sondern eine andere Person treffen sollten"}],"coordinates":[],"confidence":{"state":"pre-added","who":["user:Frederike"],"prob":1},"fields":{},"normalizations":{}},{"classId":"e_5","part":"s1v1","offsets":[{"start":1785,"text":"Laut Sachverhalt ergab sich, dass A die Maschine nicht selbst als Vertragspartner verkaufen wollte, sondern für die Arbeitgeberin V handelte. Dies war auch K bewusst."}],"coordinates":[],"confidence":{"state":"pre-added","who":["user:Frederike"],"prob":1},"fields":{},"normalizations":{}},{"classId":"e_7","part":"s1v1","offsets":[{"start":1785,"text":"Laut Sachverhalt ergab sich, dass A die Maschine nicht selbst als Vertragspartner verkaufen wollte, sondern für die Arbeitgeberin V handelte"}],"coordinates":[],"confidence":{"state":"pre-added","who":["user:Frederike"],"prob":1},"fields":{},"normalizations":{}},{"classId":"e_7","part":"s1v1","offsets":[{"start":1927,"text":"Dies war auch K bewusst"}],"coordinates":[],"confidence":{"state":"pre-added","who":["user:Frederike"],"prob":1},"fields":{},"normalizations":{}},{"classId":"e_2","part":"s1v1","offsets":[{"start":1952,"text":"Schlussfolgernd hat A das Angebot im Namen der V abgegeben"}],"coordinates":[],"confidence":{"state":"pre-added","who":["user:Frederike"],"prob":1},"fields":{},"normalizations":{}},{"classId":"e_1","part":"s1v1","offsets":[{"start":2033,"text":"Fraglich ist, ob A mit Vertretungsmacht gehandelt hat"}],"coordinates":[],"confidence":{"state":"pre-added","who":["user:Frederike"],"prob":1},"fields":{},"normalizations":{}},{"classId":"e_5","part":"s1v1","offsets":[{"start":2088,"text":"Kraft Rechtsgeschäfts erteilte die V der A eine Innenvollmacht gem. § 167 Abs. 1 BGB. V wies A an, den Verkauf eigenverantwortlich durchzuführen."}],"coordinates":[],"confidence":{"state":"pre-added","who":["user:Frederike"],"prob":1},"fields":{},"normalizations":{}},{"classId":"e_7","part":"s1v1","offsets":[{"start":2088,"text":"Kraft Rechtsgeschäfts erteilte die V der A eine Innenvollmacht gem. § 167 Abs. 1 BGB"}],"coordinates":[],"confidence":{"state":"pre-added","who":["user:Frederike"],"prob":1},"fields":{},"normalizations":{}},{"classId":"e_7","part":"s1v1","offsets":[{"start":2174,"text":"V wies A an, den Verkauf eigenverantwortlich durchzuführen"}],"coordinates":[],"confidence":{"state":"pre-added","who":["user:Frederike"],"prob":1},"fields":{},"normalizations":{}},{"classId":"e_2","part":"s1v1","offsets":[{"start":2235,"text":"Mit dem Angebot der A an K handelte A mit und innerhalb der Vertretungsmacht"}],"coordinates":[],"confidence":{"state":"pre-added","who":["user:Frederike"],"prob":1},"fields":{},"normalizations":{}},{"classId":"e_2","part":"s1v1","offsets":[{"start":2334,"text":"V wurde durch A gem. § 164 Abs. 1 BGB wirksam vertreten"}],"coordinates":[],"confidence":{"state":"pre-added","who":["user:Frederike"],"prob":1},"fields":{},"normalizations":{}},{"classId":"e_1","part":"s1v1","offsets":[{"start":2402,"text":"K müsste das Angebot der A für V durch ihre E-Mail vom 10.03. wirksam angenommen haben"}],"coordinates":[],"confidence":{"state":"pre-added","who":["user:Frederike"],"prob":1},"fields":{},"normalizations":{}},{"classId":"e_4","part":"s1v1","offsets":[{"start":2490,"text":"Die Annahme ist ebenfalls eine empfangsbedürftige Willenserklärung, durch die der Erklärende zu verstehen gibt, dass er mit dem Angebot einverstanden ist und die sich inhaltlich mit dem Angebot decken muss"}],"coordinates":[],"confidence":{"state":"pre-added","who":["user:Frederike"],"prob":1},"fields":{},"normalizations":{}},{"classId":"e_5","part":"s1v1","offsets":[{"start":2698,"text":"K schickte die Annahmeerklärung am Morgen des 10.03. per E-Mail an die A. Die Annahmeerklärung erreichte A somit innerhalb der Frist. A hatte bis zum Ende der Frist Zeit, das E-Mail-Postfach vollständig zu überprüfen. Dazu gehört auch der Empfang von E-Mails im Spam Ordner. Es ist davon auszugehen, dass Mitarbeiter, die täglich per E-Mail korrespondieren, den Spam Ordner kontrollieren. Vor allem unter den Umständen, dass eine Frist abläuft. Zudem wird eine Annahmeerklärung gem. § 130 I Satz 1 BGB unter Abwesenden bei Zugang wirksam. Die E-Mail ist gem. § 164 Abs. 3 BGB der V zugegangen."}],"coordinates":[],"confidence":{"state":"pre-added","who":["user:Frederike"],"prob":1},"fields":{},"normalizations":{}},{"classId":"e_7","part":"s1v1","offsets":[{"start":2698,"text":"K schickte die Annahmeerklärung am Morgen des 10.03. per E-Mail an die A"}],"coordinates":[],"confidence":{"state":"pre-added","who":["user:Frederike"],"prob":1},"fields":{},"normalizations":{}},{"classId":"e_6","part":"s1v1","offsets":[{"start":2772,"text":"Die Annahmeerklärung erreichte A somit innerhalb der Frist"}],"coordinates":[],"confidence":{"state":"pre-added","who":["user:Frederike"],"prob":1},"fields":{},"normalizations":{}},{"classId":"e_7","part":"s1v1","offsets":[{"start":2832,"text":"A hatte bis zum Ende der Frist Zeit, das E-Mail-Postfach vollständig zu überprüfen"}],"coordinates":[],"confidence":{"state":"pre-added","who":["user:Frederike"],"prob":1},"fields":{},"normalizations":{}},{"classId":"e_7","part":"s1v1","offsets":[{"start":2973,"text":"Es ist davon auszugehen, dass Mitarbeiter, die täglich per E-Mail korrespondieren, den Spam Ordner kontrollieren"}],"coordinates":[],"confidence":{"state":"pre-added","who":["user:Frederike"],"prob":1},"fields":{},"normalizations":{}},{"classId":"e_7","part":"s1v1","offsets":[{"start":3087,"text":"Vor allem unter den Umständen, dass eine Frist abläuft"}],"coordinates":[],"confidence":{"state":"pre-added","who":["user:Frederike"],"prob":1},"fields":{},"normalizations":{}},{"classId":"e_7","part":"s1v1","offsets":[{"start":3143,"text":"Zudem wird eine Annahmeerklärung gem. § 130 I Satz 1 BGB unter Abwesenden bei Zugang wirksam"}],"coordinates":[],"confidence":{"state":"pre-added","who":["user:Frederike"],"prob":1},"fields":{},"normalizations":{}},{"classId":"e_6","part":"s1v1","offsets":[{"start":3237,"text":"Die E-Mail ist gem. § 164 Abs. 3 BGB der V zugegangen"}],"coordinates":[],"confidence":{"state":"pre-added","who":["user:Frederike"],"prob":1},"fields":{},"normalizations":{}},{"classId":"e_2","part":"s1v1","offsets":[{"start":3292,"text":"Das Angebot wurde fristgerecht angenommen"}],"coordinates":[],"confidence":{"state":"pre-added","who":["user:Frederike"],"prob":1},"fields":{},"normalizations":{}},{"classId":"e_2","part":"s1v1","offsets":[{"start":3355,"text":"Es ist zwischen K und V ein wirksamer Kaufvertrag über die Maschine geschlossen worden"}],"coordinates":[],"confidence":{"state":"pre-added","who":["user:Frederike"],"prob":1},"fields":{},"normalizations":{}},{"classId":"e_1","part":"s1v1","offsets":[{"start":3593,"text":"Gemäß § 119 Abs. 1 BGB könnte A ein Irrtum unterlaufen sein"}],"coordinates":[],"confidence":{"state":"pre-added","who":["user:Frederike"],"prob":1},"fields":{},"normalizations":{}},{"classId":"e_1","part":"s1v1","offsets":[{"start":3654,"text":"Es könnte sich um einen Irrtum über eine verkehrswesentliche Eigenschaft der Maschine handeln, der gem. § 119 Abs. 1 BGB eine Anfechtung ermöglicht"}],"coordinates":[],"confidence":{"state":"pre-added","who":["user:Frederike"],"prob":1},"fields":{},"normalizations":{}},{"classId":"e_4","part":"s1v1","offsets":[{"start":3803,"text":"Unter einer verkehrswesentlichen Eigenschaft eines Sachgegenstandes versteht man seine natürliche Beschaffenheit sowie tatsächliche und rechtliche Verhältnisse, die nach der Verkehrsanschauung von Einfluss auf seine Wertschätzung sind"}],"coordinates":[],"confidence":{"state":"pre-added","who":["user:Frederike"],"prob":1},"fields":{},"normalizations":{}},{"classId":"e_4","part":"s1v1","offsets":[{"start":4039,"text":"Bei diesen wertbildenden Faktoren muss es sich indessen um Umstände handeln, die außerhalb des Gegenstandes selbst liegen und lediglich seine Beziehungen zur Umwelt betreffen"}],"coordinates":[],"confidence":{"state":"pre-added","who":["user:Frederike"],"prob":1},"fields":{},"normalizations":{}},{"classId":"e_5","part":"s1v1","offsets":[{"start":4216,"text":"A hat sich in dem Fall nicht um die Beschaffenheit der Maschine geirrt. A wusste nicht, dass sich der Preis nach Ablauf der Frist aufgrund der Covid-19-Pandemie steigern würde. Somit hat sie den Preis für die Maschine falsch eingeschätzt. Der Marktpreis ist jedoch keine Eigenschaft der Maschine gem. § 119 Abs. 2 BGB."}],"coordinates":[],"confidence":{"state":"pre-added","who":["user:Frederike"],"prob":1},"fields":{},"normalizations":{}},{"classId":"e_7","part":"s1v1","offsets":[{"start":4216,"text":"A hat sich in dem Fall nicht um die Beschaffenheit der Maschine geirrt"}],"coordinates":[],"confidence":{"state":"pre-added","who":["user:Frederike"],"prob":1},"fields":{},"normalizations":{}},{"classId":"e_7","part":"s1v1","offsets":[{"start":4288,"text":"A wusste nicht, dass sich der Preis nach Ablauf der Frist aufgrund der Covid-19-Pandemie steigern würde"}],"coordinates":[],"confidence":{"state":"pre-added","who":["user:Frederike"],"prob":1},"fields":{},"normalizations":{}},{"classId":"e_6","part":"s1v1","offsets":[{"start":4393,"text":"Somit hat sie den Preis für die Maschine falsch eingeschätzt"}],"coordinates":[],"confidence":{"state":"pre-added","who":["user:Frederike"],"prob":1},"fields":{},"normalizations":{}},{"classId":"e_7","part":"s1v1","offsets":[{"start":4455,"text":"Der Marktpreis ist jedoch keine Eigenschaft der Maschine gem. § 119 Abs. 2 BGB"}],"coordinates":[],"confidence":{"state":"pre-added","who":["user:Frederike"],"prob":1},"fields":{},"normalizations":{}},{"classId":"e_2","part":"s1v1","offsets":[{"start":4535,"text":"Es liegt gem. § 119 Abs. 1 BGB kein Irrtum und somit kein Anfechtungsgrund, weshalb eine Anfechtung nicht möglich ist"}],"coordinates":[],"confidence":{"state":"pre-added","who":["user:Frederike"],"prob":1},"fields":{},"normalizations":{}},{"classId":"e_2","part":"s1v1","offsets":[{"start":4674,"text":"Die Anfechtung der V ist nicht wirksam"}],"coordinates":[],"confidence":{"state":"pre-added","who":["user:Frederike"],"prob":1},"fields":{},"normalizations":{}},{"classId":"e_2","part":"s1v1","offsets":[{"start":4726,"text":"K hat gegen V Anspruch auf Übergabe und Übereignung der Maschine aus § 433 Abs. 1 Satz 1 BGB"}],"coordinates":[],"confidence":{"state":"pre-added","who":["user:Frederike"],"prob":1},"fields":{},"normalizations":{}}],"relations":[{"classId":"r_3","type":"linked","directed":false,"entities":["s1v1|e_1|332,394","s1v1|e_2|601,659"],"confidence":{"state":"pre-added","who":["user:Frederike"],"prob":1}},{"classId":"r_3","type":"linked","directed":false,"entities":["s1v1|e_1|662,794","s1v1|e_2|2334,2388"],"confidence":{"state":"pre-added","who":["user:Frederike"],"prob":1}},{"classId":"r_3","type":"linked","directed":false,"entities":["s1v1|e_1|1033,1090","s1v1|e_2|1481,1528"],"confidence":{"state":"pre-added","who":["user:Frederike"],"prob":1}},{"classId":"r_3","type":"linked","directed":false,"entities":["s1v1|e_2|1952,2009","s1v1|e_1|1551,1606"],"confidence":{"state":"pre-added","who":["user:Frederike"],"prob":1}},{"classId":"r_3","type":"linked","directed":false,"entities":["s1v1|e_1|2033,2085","s1v1|e_2|2235,2310"],"confidence":{"state":"pre-added","who":["user:Frederike"],"prob":1}},{"classId":"r_3","type":"linked","directed":false,"entities":["s1v1|e_1|2402,2487","s1v1|e_2|3292,3332"],"confidence":{"state":"pre-added","who":["user:Frederike"],"prob":1}},{"classId":"r_3","type":"linked","directed":false,"entities":["s1v1|e_2|3355,3440","s1v1|e_1|138,197"],"confidence":{"state":"pre-added","who":["user:Frederike"],"prob":1}},{"classId":"r_3","type":"linked","directed":false,"entities":["s1v1|e_2|4535,4651","s1v1|e_1|3593,3651"],"confidence":{"state":"pre-added","who":["user:Frederike"],"prob":1}},{"classId":"r_3","type":"linked","directed":false,"entities":["s1v1|e_2|4726,4817","s1v1|e_1|14,120"],"confidence":{"state":"pre-added","who":["user:Frederike"],"prob":1}},{"classId":"r_8","type":"linked","directed":false,"entities":["s1v1|e_7|1378,1416","s1v1|e_6|1419,1478"],"confidence":{"state":"pre-added","who":["user:Frederike"],"prob":1}},{"classId":"r_8","type":"linked","directed":false,"entities":["s1v1|e_7|2698,2769","s1v1|e_6|2772,2829"],"confidence":{"state":"pre-added","who":["user:Frederike"],"prob":1}},{"classId":"r_8","type":"linked","directed":false,"entities":["s1v1|e_7|3087,3140","s1v1|e_6|3237,3289"],"confidence":{"state":"pre-added","who":["user:Frederike"],"prob":1}},{"classId":"r_8","type":"linked","directed":false,"entities":["s1v1|e_6|3237,3289","s1v1|e_7|3143,3234"],"confidence":{"state":"pre-added","who":["user:Frederike"],"prob":1}},{"classId":"r_8","type":"linked","directed":false,"entities":["s1v1|e_7|4288,4390","s1v1|e_6|4393,4452"],"confidence":{"state":"pre-added","who":["user:Frederike"],"prob":1}}]}