{"annotatable":{"parts":["s1v1"]},"anncomplete":true,"sources":[],"metas":{},"entities":[{"classId":"e_1","part":"s1v1","offsets":[{"start":27,"text":"K könnte gegenüber V einen Anspruch auf Übergabe und Übereignung der Maschine nach §433 Abs 1 BGB haben"}],"coordinates":[],"confidence":{"state":"pre-added","who":["user:FabianBrese"],"prob":1},"fields":{},"normalizations":{}},{"classId":"e_1","part":"s1v1","offsets":[{"start":138,"text":"Dafür müsste ein Kaufvertrag zwischen K und V zustande gekommen sein"}],"coordinates":[],"confidence":{"state":"pre-added","who":["user:FabianBrese"],"prob":1},"fields":{},"normalizations":{}},{"classId":"e_4","part":"s1v1","offsets":[{"start":208,"text":"Ein Kaufvertrag kommt zustande, wenn mindestens zwei sich deckende wechselseitige Willenserklärungen, Antrag und Annahme, vorliegen"}],"coordinates":[],"confidence":{"state":"pre-added","who":["user:FabianBrese"],"prob":1},"fields":{},"normalizations":{}},{"classId":"e_1","part":"s1v1","offsets":[{"start":347,"text":"Fraglich ist, ob ein Antrag von V vorliegt"}],"coordinates":[],"confidence":{"state":"pre-added","who":["user:FabianBrese"],"prob":1},"fields":{},"normalizations":{}},{"classId":"e_4","part":"s1v1","offsets":[{"start":391,"text":"Ein Antrag ist eine empfangsbedürftige Willenserklärung, die auf den Vertragsabschluss gerichtet ist und vom Antragsempfänger mit einem schlichten Ja beantwortet werden kann"}],"coordinates":[],"confidence":{"state":"pre-added","who":["user:FabianBrese"],"prob":1},"fields":{},"normalizations":{}},{"classId":"e_5","part":"s1v1","offsets":[{"start":566,"text":"Aus dem SV geht hervor, dass A, eine Arbeitnehmerin von V, ein Angebot über den Kauf der Maschine an K per E-Mail versendet hat. Als Gegenleistung wird ein Kaufpreis von 1.000.000€ benannt, das Angebot war bis zum 10.03. befristet."}],"coordinates":[],"confidence":{"state":"pre-added","who":["user:FabianBrese"],"prob":1},"fields":{},"normalizations":{}},{"classId":"e_7","part":"s1v1","offsets":[{"start":566,"text":"Aus dem SV geht hervor, dass A, eine Arbeitnehmerin von V, ein Angebot über den Kauf der Maschine an K per E-Mail versendet hat"}],"coordinates":[],"confidence":{"state":"pre-added","who":["user:FabianBrese"],"prob":1},"fields":{},"normalizations":{}},{"classId":"e_2","part":"s1v1","offsets":[{"start":798,"text":"Mithin liegt ein Antrag an K vor, der die essentialia negotii enthält"}],"coordinates":[],"confidence":{"state":"pre-added","who":["user:FabianBrese"],"prob":1},"fields":{},"normalizations":{}},{"classId":"e_1","part":"s1v1","offsets":[{"start":877,"text":"Weiter fraglich ist, ob A eine ausreichende Vertretungsmacht von V für Abgabe dieses Antrags innehatte und ob K die erforderliche Kenntnis nach §167 Abs 1 BGB darüber hatte"}],"coordinates":[],"confidence":{"state":"pre-added","who":["user:FabianBrese"],"prob":1},"fields":{},"normalizations":{}},{"classId":"e_1","part":"s1v1","offsets":[{"start":1051,"text":"Dafür müsste V der A zunächst eine Vollmacht nach §164 Abs 1 BGB für den Verkauf der Maschine erteilt haben"}],"coordinates":[],"confidence":{"state":"pre-added","who":["user:FabianBrese"],"prob":1},"fields":{},"normalizations":{}},{"classId":"e_5","part":"s1v1","offsets":[{"start":1160,"text":"Laut Sachverhalt wies V die A an, den Verkauf eigenverantwortlich zu verhandeln und abzuwickeln. Teil einer Kaufabwicklung umfasst auch die Abgabe von Willenserklärungen. Obschon der Kaufpreis in Höhe von 1.000.000€ für einen außerordentlichen Geschäftsvorfall spricht, so führte A in mehreren Sondierungsgesprächen die Verhandlungen gegenüber K. Es liegt daher in der Kenntnis der K, dass A rechtsbindende Willenserklärungen für V abgeben darf."}],"coordinates":[],"confidence":{"state":"pre-added","who":["user:FabianBrese"],"prob":1},"fields":{},"normalizations":{}},{"classId":"e_7","part":"s1v1","offsets":[{"start":1160,"text":"Laut Sachverhalt wies V die A an, den Verkauf eigenverantwortlich zu verhandeln und abzuwickeln"}],"coordinates":[],"confidence":{"state":"pre-added","who":["user:FabianBrese"],"prob":1},"fields":{},"normalizations":{}},{"classId":"e_7","part":"s1v1","offsets":[{"start":1331,"text":"Obschon der Kaufpreis in Höhe von 1.000.000€ für einen außerordentlichen Geschäftsvorfall spricht, so führte A in mehreren Sondierungsgesprächen die Verhandlungen gegenüber K"}],"coordinates":[],"confidence":{"state":"pre-added","who":["user:FabianBrese"],"prob":1},"fields":{},"normalizations":{}},{"classId":"e_6","part":"s1v1","offsets":[{"start":1507,"text":"Es liegt daher in der Kenntnis der K, dass A rechtsbindende Willenserklärungen für V abgeben darf"}],"coordinates":[],"confidence":{"state":"pre-added","who":["user:FabianBrese"],"prob":1},"fields":{},"normalizations":{}},{"classId":"e_2","part":"s1v1","offsets":[{"start":1606,"text":"Also ist A gegenüber K vertretungsberechtigt von V für die Vorbereitung und Abwicklung des Kaufes"}],"coordinates":[],"confidence":{"state":"pre-added","who":["user:FabianBrese"],"prob":1},"fields":{},"normalizations":{}},{"classId":"e_2","part":"s1v1","offsets":[{"start":1705,"text":"Folglich liegt ein gültiger Antrag an K von V vor"}],"coordinates":[],"confidence":{"state":"pre-added","who":["user:FabianBrese"],"prob":1},"fields":{},"normalizations":{}},{"classId":"e_1","part":"s1v1","offsets":[{"start":1763,"text":"Fraglich ist, ob eine Annahme von K vorliegt"}],"coordinates":[],"confidence":{"state":"pre-added","who":["user:FabianBrese"],"prob":1},"fields":{},"normalizations":{}},{"classId":"e_4","part":"s1v1","offsets":[{"start":1809,"text":"Eine Annahme ist eine empfangsbedürftige Willenserklärung, die dem Antragenden das Einverständnis des Antragsempfängers zu dem angebotenen Vertragsschluss zu verstehen gibt"}],"coordinates":[],"confidence":{"state":"pre-added","who":["user:FabianBrese"],"prob":1},"fields":{},"normalizations":{}},{"classId":"e_1","part":"s1v1","offsets":[{"start":1983,"text":"Dafür müsste eine Annahmeerklärung von K nach §148 BGB innerhalb der Annahmefrist und nach §147 Abs 2 BGB zu dem Zeitpunkt V bzw. ihrer Vertreterin A zugegangen sein, wie es unter regelmäßigen Umständen zu erwarten ist"}],"coordinates":[],"confidence":{"state":"pre-added","who":["user:FabianBrese"],"prob":1},"fields":{},"normalizations":{}},{"classId":"e_5","part":"s1v1","offsets":[{"start":2203,"text":"K sendete am Morgen des 10.03. eine Annahmeerklärung per E-Mail auf dem üblichen Übertragungsweg an A. Vor dem Hintergrund der ausbreitenden Epidemie bzw. Pandemie und Home-Office-Regelungen vieler Arbeitgeber könnte man nicht regelmäßige Umstände vermuten, die eine frühere Antwort von K als am Morgen des Annahmefristendes erwarten ließen. Allerdings lässt sich aus dem Sachverhalt schließen, dass E-Mail-Übertragung und -Abruf aufseiten von A normal funktionierten. Daher sind regelmäßige Umstände anzunehmen. Es lag schon vor dem Versenden der Annahme ein mehrfacher E-Mail-Verkehr zwischen A und K vor, auch wurde der Antrag über dieses Medium versendet. Bereits am 11.03. hatte V Kenntnis über die E-Mail von K. Da die Veräußerung einer Maschine im Wert von 1.000.000€ einen außerordentlichen Geschäftsvorfall darstellt und insbesondere kurz vor Ablauf der Annahmefrist stellt das Nicht- Nachschauen von A in den Spam-Ordner eine Verletzung der geschäftlichen Sorgfaltspflicht dar."}],"coordinates":[],"confidence":{"state":"pre-added","who":["user:FabianBrese"],"prob":1},"fields":{},"normalizations":{}},{"classId":"e_7","part":"s1v1","offsets":[{"start":2203,"text":"K sendete am Morgen des 10.03. eine Annahmeerklärung per E-Mail auf dem üblichen Übertragungsweg an A"}],"coordinates":[],"confidence":{"state":"pre-added","who":["user:FabianBrese"],"prob":1},"fields":{},"normalizations":{}},{"classId":"e_6","part":"s1v1","offsets":[{"start":2672,"text":"Daher sind regelmäßige Umstände anzunehmen"}],"coordinates":[],"confidence":{"state":"pre-added","who":["user:FabianBrese"],"prob":1},"fields":{},"normalizations":{}},{"classId":"e_7","part":"s1v1","offsets":[{"start":2716,"text":"Es lag schon vor dem Versenden der Annahme ein mehrfacher E-Mail-Verkehr zwischen A und K vor"}],"coordinates":[],"confidence":{"state":"pre-added","who":["user:FabianBrese"],"prob":1},"fields":{},"normalizations":{}},{"classId":"e_7","part":"s1v1","offsets":[{"start":2863,"text":"Bereits am 11.03. hatte V Kenntnis über die E-Mail von K"}],"coordinates":[],"confidence":{"state":"pre-added","who":["user:FabianBrese"],"prob":1},"fields":{},"normalizations":{}},{"classId":"e_6","part":"s1v1","offsets":[{"start":2921,"text":"Da die Veräußerung einer Maschine im Wert von 1.000.000€ einen außerordentlichen Geschäftsvorfall darstellt und insbesondere kurz vor Ablauf der Annahmefrist stellt das Nicht- Nachschauen von A in den Spam-Ordner eine Verletzung der geschäftlichen Sorgfaltspflicht dar"}],"coordinates":[],"confidence":{"state":"pre-added","who":["user:FabianBrese"],"prob":1},"fields":{},"normalizations":{}},{"classId":"e_2","part":"s1v1","offsets":[{"start":3192,"text":"Mithin liegt eine Annahme von K an V bzw. A vor, die rechtzeitig in den Verfügungsbereich von A bzw. V gelangt ist"}],"coordinates":[],"confidence":{"state":"pre-added","who":["user:FabianBrese"],"prob":1},"fields":{},"normalizations":{}},{"classId":"e_2","part":"s1v1","offsets":[{"start":3311,"text":"Es ist also ein Kaufvertrag zwischen V und K zustande gekommen"}],"coordinates":[],"confidence":{"state":"pre-added","who":["user:FabianBrese"],"prob":1},"fields":{},"normalizations":{}},{"classId":"e_1","part":"s1v1","offsets":[{"start":3404,"text":"Der Kaufvertrag könnte von Anfang an als unwirksam gelten"}],"coordinates":[],"confidence":{"state":"pre-added","who":["user:FabianBrese"],"prob":1},"fields":{},"normalizations":{}},{"classId":"e_1","part":"s1v1","offsets":[{"start":3466,"text":"Dafür müsste von einer Partei nach §143 Abs 1 BGB eine Anfechtungserklärung mit einem legitimen -grund (vgl. §119, §120, §123 BGB) nach §121 BGB in der -frist nach §143 BGB gegenüber dem -gegner abgegeben worden sein"}],"coordinates":[],"confidence":{"state":"pre-added","who":["user:FabianBrese"],"prob":1},"fields":{},"normalizations":{}},{"classId":"e_5","part":"s1v1","offsets":[{"start":3687,"text":"V hat per Telefon gegenüber K den Anspruch aus Gutachtenpunkt A nicht zugestanden. Sie hat die Willenserklärung der A angefochten wegen Irrtum (§119 BGB) und es ist anzunehmen, dass sie dies unverzüglich gemäß der in §421 Abs 1 BGB vorgesehenen Frist getan hat."}],"coordinates":[],"confidence":{"state":"pre-added","who":["user:FabianBrese"],"prob":1},"fields":{},"normalizations":{}},{"classId":"e_1","part":"s1v1","offsets":[{"start":3949,"text":"Fraglich ist, ob beim Angebot der A ein Irrtum nach §419 vorliegt"}],"coordinates":[],"confidence":{"state":"pre-added","who":["user:FabianBrese"],"prob":1},"fields":{},"normalizations":{}},{"classId":"e_1","part":"s1v1","offsets":[{"start":4016,"text":"Dafür müsste A bei ein fehlendes Erklärungsbewusstsein und/oder ein fehlender Geschäftswillen vorliegen"}],"coordinates":[],"confidence":{"state":"pre-added","who":["user:FabianBrese"],"prob":1},"fields":{},"normalizations":{}},{"classId":"e_5","part":"s1v1","offsets":[{"start":4121,"text":"Da A in den Sondierungsgesprächen beteiligt und von V dazu angewiesen wurde, den Kauf abzuwickeln, ist anzunehmen, dass V der A die nötigen Fähigkeiten und das nötige Wissen und damit ein ausreichendes Erklärungsbewusstsein und einen Geschäftswillen zugestanden hat."}],"coordinates":[],"confidence":{"state":"pre-added","who":["user:FabianBrese"],"prob":1},"fields":{},"normalizations":{}},{"classId":"e_7","part":"s1v1","offsets":[{"start":4121,"text":"Da A in den Sondierungsgesprächen beteiligt und von V dazu angewiesen wurde, den Kauf abzuwickeln"}],"coordinates":[],"confidence":{"state":"pre-added","who":["user:FabianBrese"],"prob":1},"fields":{},"normalizations":{}},{"classId":"e_6","part":"s1v1","offsets":[{"start":4220,"text":"ist anzunehmen, dass V der A die nötigen Fähigkeiten und das nötige Wissen und damit ein ausreichendes Erklärungsbewusstsein und einen Geschäftswillen zugestanden hat"}],"coordinates":[],"confidence":{"state":"pre-added","who":["user:FabianBrese"],"prob":1},"fields":{},"normalizations":{}},{"classId":"e_2","part":"s1v1","offsets":[{"start":4388,"text":"Mithin liegt kein ausreichender Anfechtungsgrund vor"}],"coordinates":[],"confidence":{"state":"pre-added","who":["user:FabianBrese"],"prob":1},"fields":{},"normalizations":{}},{"classId":"e_2","part":"s1v1","offsets":[{"start":4447,"text":"Der Kaufvertrag ist von Anfang an wirksam"}],"coordinates":[],"confidence":{"state":"pre-added","who":["user:FabianBrese"],"prob":1},"fields":{},"normalizations":{}},{"classId":"e_5","part":"s1v1","offsets":[{"start":4512,"text":"Es liegen keine Anhaltspunkte für das Erlischen des Anspruchs im Sachverhalt und nach Prüfung von Punkt B vor."}],"coordinates":[],"confidence":{"state":"pre-added","who":["user:FabianBrese"],"prob":1},"fields":{},"normalizations":{}},{"classId":"e_2","part":"s1v1","offsets":[{"start":4634,"text":"K hat gegen V einen Anspruch auf Übereignung und Übergabe der Maschine nach §433 Abs 1 BGB"}],"coordinates":[],"confidence":{"state":"pre-added","who":["user:FabianBrese"],"prob":1},"fields":{},"normalizations":{}}],"relations":[{"classId":"r_3","type":"linked","directed":false,"entities":["s1v1|e_2|798,866","s1v1|e_1|347,388"],"confidence":{"state":"pre-added","who":["user:FabianBrese"],"prob":1}},{"classId":"r_3","type":"linked","directed":false,"entities":["s1v1|e_2|1606,1702","s1v1|e_1|1051,1157"],"confidence":{"state":"pre-added","who":["user:FabianBrese"],"prob":1}},{"classId":"r_3","type":"linked","directed":false,"entities":["s1v1|e_2|1705,1753","s1v1|e_1|877,1048"],"confidence":{"state":"pre-added","who":["user:FabianBrese"],"prob":1}},{"classId":"r_3","type":"linked","directed":false,"entities":["s1v1|e_2|3311,3372","s1v1|e_1|138,205"],"confidence":{"state":"pre-added","who":["user:FabianBrese"],"prob":1}},{"classId":"r_3","type":"linked","directed":false,"entities":["s1v1|e_2|4634,4723","s1v1|e_1|27,129"],"confidence":{"state":"pre-added","who":["user:FabianBrese"],"prob":1}},{"classId":"r_8","type":"linked","directed":false,"entities":["s1v1|e_7|1331,1504","s1v1|e_6|1507,1603"],"confidence":{"state":"pre-added","who":["user:FabianBrese"],"prob":1}},{"classId":"r_8","type":"linked","directed":false,"entities":["s1v1|e_7|2863,2918","s1v1|e_6|2921,3188"],"confidence":{"state":"pre-added","who":["user:FabianBrese"],"prob":1}}]}