{"annotatable":{"parts":["s1v1"]},"anncomplete":true,"sources":[],"metas":{},"entities":[{"classId":"e_1","part":"s1v1","offsets":[{"start":16,"text":"V könnte gegen K einen Anspruch auf Zahlung des Kaufpreises in Höhe von 27.000€ gem. § 433 Abs. 2 BGB haben"}],"coordinates":[],"confidence":{"state":"pre-added","who":["user:FabianBrese"],"prob":1},"fields":{},"normalizations":{}},{"classId":"e_1","part":"s1v1","offsets":[{"start":161,"text":"Es müsste zwischen V und K ein Kaufvertrag zustande gekommen sein"}],"coordinates":[],"confidence":{"state":"pre-added","who":["user:FabianBrese"],"prob":1},"fields":{},"normalizations":{}},{"classId":"e_4","part":"s1v1","offsets":[{"start":228,"text":"Dieser besteht aus zwei übereinstimmenden Willenserklärungen, Angebot und Annahme, vgl. §§ 145 ff. BGB"}],"coordinates":[],"confidence":{"state":"pre-added","who":["user:FabianBrese"],"prob":1},"fields":{},"normalizations":{}},{"classId":"e_4","part":"s1v1","offsets":[{"start":332,"text":"Ein Angebot ist eine empfangsbedürftige Willenserklärung, die inhaltlich derart bestimmt ist, dass die Annahme durch ein schlichtes „Ja“ erfolgen kann, d.h. das Angebot muss alle essentialia negotii (wesentlichen Punkte des Vertrages) enthalten"}],"coordinates":[],"confidence":{"state":"pre-added","who":["user:FabianBrese"],"prob":1},"fields":{},"normalizations":{}},{"classId":"e_4","part":"s1v1","offsets":[{"start":578,"text":"Die Annahme ist eine empfangsbedürftige Willenserklärung, durch die der Erklärende sein Einverständnis mit dem Angebot ausdrückt"}],"coordinates":[],"confidence":{"state":"pre-added","who":["user:FabianBrese"],"prob":1},"fields":{},"normalizations":{}},{"classId":"e_1","part":"s1v1","offsets":[{"start":708,"text":"Fraglich ist, wer hier das Angebot gemacht hat"}],"coordinates":[],"confidence":{"state":"pre-added","who":["user:FabianBrese"],"prob":1},"fields":{},"normalizations":{}},{"classId":"e_1","part":"s1v1","offsets":[{"start":756,"text":"Das Angebot könnte zunächst durch das Anrufen und das mitteilen des Autos erfolgt sein,welche von der Auszubildenden A als vertreten wurde"}],"coordinates":[],"confidence":{"state":"pre-added","who":["user:FabianBrese"],"prob":1},"fields":{},"normalizations":{}},{"classId":"e_5","part":"s1v1","offsets":[{"start":896,"text":"Die\n\nAnnahme wurde bereits am Abend per Mail erfolgt. A hätte dann als Stellvertreter der V gehandelt. Allerdings hat sich K am Ende noch ein bisschen Bedenkzeit erbeten. Ein etwaiges Angebot seitens des L hätte D aber gem. §§ 146, 147 Abs. 1 S. 1 BGB sofort annehmen müssen. Laut Sachverhalt ist K begeistert und kauft das Auto für 27.000 € bei A, sodass deutlich wird, dass sich A und K geeinigt haben."}],"coordinates":[],"confidence":{"state":"pre-added","who":["user:FabianBrese"],"prob":1},"fields":{},"normalizations":{}},{"classId":"e_7","part":"s1v1","offsets":[{"start":1172,"text":"Laut Sachverhalt ist K begeistert und kauft das Auto für 27.000 € bei A"}],"coordinates":[],"confidence":{"state":"pre-added","who":["user:FabianBrese"],"prob":1},"fields":{},"normalizations":{}},{"classId":"e_6","part":"s1v1","offsets":[{"start":1245,"text":"sodass deutlich wird, dass sich A und K geeinigt haben"}],"coordinates":[],"confidence":{"state":"pre-added","who":["user:FabianBrese"],"prob":1},"fields":{},"normalizations":{}},{"classId":"e_2","part":"s1v1","offsets":[{"start":1301,"text":"Somit ist ein Kaufvertrag zustande gekommen"}],"coordinates":[],"confidence":{"state":"pre-added","who":["user:FabianBrese"],"prob":1},"fields":{},"normalizations":{}},{"classId":"e_1","part":"s1v1","offsets":[{"start":1384,"text":"Der Kaufvertrag könnte gemäß § 142 I BGB ex tunc nichtig sein, wenn K wirksam angefochten hat"}],"coordinates":[],"confidence":{"state":"pre-added","who":["user:FabianBrese"],"prob":1},"fields":{},"normalizations":{}},{"classId":"e_4","part":"s1v1","offsets":[{"start":1479,"text":"Eine Anfechtung liegt vor, wenn ein Anfechtungsgrund besteht und die Anfechtung gegenüber dem richtigen Anfechtungsgegner innerhalb der Anfechtungsfrist erklärt wurde"}],"coordinates":[],"confidence":{"state":"pre-added","who":["user:FabianBrese"],"prob":1},"fields":{},"normalizations":{}},{"classId":"e_5","part":"s1v1","offsets":[{"start":1647,"text":"Vorliegend kommt sowohl eine Anfechtung wegen Eigenschaftsirrtum (§ 119 Abs. 2 BGB) in Betracht als auch eine Anfechtung wegen arglistiger Täuschung (§ 123 BGB) in Betracht."}],"coordinates":[],"confidence":{"state":"pre-added","who":["user:FabianBrese"],"prob":1},"fields":{},"normalizations":{}},{"classId":"e_1","part":"s1v1","offsets":[{"start":1861,"text":"Zunächst müsste ein Anfechtungsgrund vorliegen"}],"coordinates":[],"confidence":{"state":"pre-added","who":["user:FabianBrese"],"prob":1},"fields":{},"normalizations":{}},{"classId":"e_1","part":"s1v1","offsets":[{"start":1909,"text":"Es könnte eine Anfechtung gemäß § 119 Abs. 2 BGB wegen Eigenschaftsirrtum vorliegen"}],"coordinates":[],"confidence":{"state":"pre-added","who":["user:FabianBrese"],"prob":1},"fields":{},"normalizations":{}},{"classId":"e_2","part":"s1v1","offsets":[{"start":2477,"text":"Der Vertrag zwischen A und K ist ein Kaufvertrag"}],"coordinates":[],"confidence":{"state":"pre-added","who":["user:FabianBrese"],"prob":1},"fields":{},"normalizations":{}},{"classId":"e_1","part":"s1v1","offsets":[{"start":2576,"text":"Fraglich ist, ob ein Mangel i.S.d. Kaufrechts vorliegt"}],"coordinates":[],"confidence":{"state":"pre-added","who":["user:FabianBrese"],"prob":1},"fields":{},"normalizations":{}},{"classId":"e_4","part":"s1v1","offsets":[{"start":2632,"text":"Ein Mangel ist das Abweichen\n\ner Ist- Beschaffenheit von der Soll-Beschaffenheit"}],"coordinates":[],"confidence":{"state":"pre-added","who":["user:FabianBrese"],"prob":1},"fields":{},"normalizations":{}},{"classId":"e_5","part":"s1v1","offsets":[{"start":2714,"text":"Der von K gekaufte Auto soll ein Unfallfreies\n\nAuto sein, ist aber in Wirklichkeit in einem Unfall verwickelt gewesen. Damit weicht die Ist- Beschaffenheit von der Sollbeschaffenheit ab. Es liegt ein Sachmangel i.S.v. § 434 Abs. 1 BGB\n\nvor."}],"coordinates":[],"confidence":{"state":"pre-added","who":["user:FabianBrese"],"prob":1},"fields":{},"normalizations":{}},{"classId":"e_7","part":"s1v1","offsets":[{"start":2714,"text":"Der von K gekaufte Auto soll ein Unfallfreies\n\nAuto sein"}],"coordinates":[],"confidence":{"state":"pre-added","who":["user:FabianBrese"],"prob":1},"fields":{},"normalizations":{}},{"classId":"e_6","part":"s1v1","offsets":[{"start":2772,"text":"ist aber in Wirklichkeit in einem Unfall verwickelt gewesen"}],"coordinates":[],"confidence":{"state":"pre-added","who":["user:FabianBrese"],"prob":1},"fields":{},"normalizations":{}},{"classId":"e_7","part":"s1v1","offsets":[{"start":2833,"text":"Damit weicht die Ist- Beschaffenheit von der Sollbeschaffenheit ab"}],"coordinates":[],"confidence":{"state":"pre-added","who":["user:FabianBrese"],"prob":1},"fields":{},"normalizations":{}},{"classId":"e_6","part":"s1v1","offsets":[{"start":2901,"text":"Es liegt ein Sachmangel i.S.v. § 434 Abs. 1 BGB\n\nvor"}],"coordinates":[],"confidence":{"state":"pre-added","who":["user:FabianBrese"],"prob":1},"fields":{},"normalizations":{}},{"classId":"e_2","part":"s1v1","offsets":[{"start":2955,"text":"Somit ist vorrangig das Gewährleistungsrecht des Kaufrechts und § 119 Abs. 2 BGB nicht\n\nanwendbar"}],"coordinates":[],"confidence":{"state":"pre-added","who":["user:FabianBrese"],"prob":1},"fields":{},"normalizations":{}},{"classId":"e_4","part":"s1v1","offsets":[{"start":3189,"text":"Eine Anfechtung ist wirksam, wenn ein Anfechtungsgrund besteht und die Anfechtung gegenüber dem richtigen Anfechtungsgegner innerhalb der Anfechtungsfrist erklärt wurde"}],"coordinates":[],"confidence":{"state":"pre-added","who":["user:FabianBrese"],"prob":1},"fields":{},"normalizations":{}},{"classId":"e_1","part":"s1v1","offsets":[{"start":3380,"text":"Zunächst müsste ein Anfechtungsgrund vorliegen"}],"coordinates":[],"confidence":{"state":"pre-added","who":["ml:regex","user:FabianBrese"],"prob":1},"fields":{},"normalizations":{}},{"classId":"e_4","part":"s1v1","offsets":[{"start":3428,"text":"Ein Anfechtungsgrund i.S.d. § 123 Abs. 1 Alt. 1 BGB\n\nbesteht dann, wenn der Anfechtende getäuscht wurde, er sich aufgrund dessen geirrt und eine\n\nWillenserklärung abgegeben hat, die er sonst nicht abgegeben hätte"}],"coordinates":[],"confidence":{"state":"pre-added","who":["user:FabianBrese"],"prob":1},"fields":{},"normalizations":{}},{"classId":"e_4","part":"s1v1","offsets":[{"start":3642,"text":"Zudem müsste der Täuschende\n\nvorsätzlich gehandelt haben"}],"coordinates":[],"confidence":{"state":"pre-added","who":["user:FabianBrese"],"prob":1},"fields":{},"normalizations":{}},{"classId":"e_1","part":"s1v1","offsets":[{"start":3715,"text":"Es müsste eine Täuschung vorliegen"}],"coordinates":[],"confidence":{"state":"pre-added","who":["user:FabianBrese"],"prob":1},"fields":{},"normalizations":{}},{"classId":"e_4","part":"s1v1","offsets":[{"start":3751,"text":"Eine Täuschung ist jedes Verhalten, das darauf gerichtet ist, beim anderen eine unrichtige Vorstellung hervorzurufen"}],"coordinates":[],"confidence":{"state":"pre-added","who":["user:FabianBrese"],"prob":1},"fields":{},"normalizations":{}},{"classId":"e_5","part":"s1v1","offsets":[{"start":3868,"text":"A erklärt, das Auto sei Unfallfrei, obwohl es sich tatsächlich um Unfallauto handelt."}],"coordinates":[],"confidence":{"state":"pre-added","who":["user:FabianBrese"],"prob":1},"fields":{},"normalizations":{}},{"classId":"e_7","part":"s1v1","offsets":[{"start":3868,"text":"A erklärt, das Auto sei Unfallfrei"}],"coordinates":[],"confidence":{"state":"pre-added","who":["user:FabianBrese"],"prob":1},"fields":{},"normalizations":{}},{"classId":"e_6","part":"s1v1","offsets":[{"start":3904,"text":"obwohl es sich tatsächlich um Unfallauto handelt"}],"coordinates":[],"confidence":{"state":"pre-added","who":["user:FabianBrese"],"prob":1},"fields":{},"normalizations":{}},{"classId":"e_2","part":"s1v1","offsets":[{"start":3954,"text":"Eine Täuschungshandlung liegt somit vor"}],"coordinates":[],"confidence":{"state":"pre-added","who":["user:FabianBrese"],"prob":1},"fields":{},"normalizations":{}},{"classId":"e_1","part":"s1v1","offsets":[{"start":4022,"text":"Durch die Täuschung des A müsste bei K ein Irrtum hervorgerufen worden sein"}],"coordinates":[],"confidence":{"state":"pre-added","who":["user:FabianBrese"],"prob":1},"fields":{},"normalizations":{}},{"classId":"e_4","part":"s1v1","offsets":[{"start":4099,"text":"Ein Irrtum liegt vor, wenn die aus der Täuschung resultierende Vorstellung des Getäuschten und die Wirklichkeit nicht übereinstimmen"}],"coordinates":[],"confidence":{"state":"pre-added","who":["user:FabianBrese"],"prob":1},"fields":{},"normalizations":{}},{"classId":"e_5","part":"s1v1","offsets":[{"start":4233,"text":"K ist aufgrund der Erklärung des A von der Echtheit des Autos überzeugt, sodass ein Irrtum bedingt durch die Täuschungshandlung eingetreten ist."}],"coordinates":[],"confidence":{"state":"pre-added","who":["user:FabianBrese"],"prob":1},"fields":{},"normalizations":{}},{"classId":"e_7","part":"s1v1","offsets":[{"start":4233,"text":"K ist aufgrund der Erklärung des A von der Echtheit des Autos überzeugt"}],"coordinates":[],"confidence":{"state":"pre-added","who":["user:FabianBrese"],"prob":1},"fields":{},"normalizations":{}},{"classId":"e_6","part":"s1v1","offsets":[{"start":4306,"text":"sodass ein Irrtum bedingt durch die Täuschungshandlung eingetreten ist"}],"coordinates":[],"confidence":{"state":"pre-added","who":["user:FabianBrese"],"prob":1},"fields":{},"normalizations":{}},{"classId":"e_1","part":"s1v1","offsets":[{"start":4423,"text":"A müsste gerade aufgrund des Irrtums seine Willenserklärung abgegeben haben"}],"coordinates":[],"confidence":{"state":"pre-added","who":["user:FabianBrese"],"prob":1},"fields":{},"normalizations":{}},{"classId":"e_5","part":"s1v1","offsets":[{"start":4500,"text":"Weil K dachte, dass das Auto Unfallfrei ist, hat sie eine Willenserklärung abgegeben, die zu einem Kaufvertrag geführt hat."}],"coordinates":[],"confidence":{"state":"pre-added","who":["user:FabianBrese"],"prob":1},"fields":{},"normalizations":{}},{"classId":"e_6","part":"s1v1","offsets":[{"start":4500,"text":"Weil K dachte, dass das Auto Unfallfrei ist"}],"coordinates":[],"confidence":{"state":"pre-added","who":["user:FabianBrese"],"prob":1},"fields":{},"normalizations":{}},{"classId":"e_7","part":"s1v1","offsets":[{"start":4545,"text":"hat sie eine Willenserklärung abgegeben, die zu einem Kaufvertrag geführt hat"}],"coordinates":[],"confidence":{"state":"pre-added","who":["user:FabianBrese"],"prob":1},"fields":{},"normalizations":{}},{"classId":"e_2","part":"s1v1","offsets":[{"start":4624,"text":"Die Willenserklärung beruht mithin auf der Täuschung"}],"coordinates":[],"confidence":{"state":"pre-added","who":["user:FabianBrese"],"prob":1},"fields":{},"normalizations":{}},{"classId":"e_1","part":"s1v1","offsets":[{"start":4697,"text":"Fraglich ist, ob A arglistig gehandelt hat"}],"coordinates":[],"confidence":{"state":"pre-added","who":["user:FabianBrese"],"prob":1},"fields":{},"normalizations":{}},{"classId":"e_4","part":"s1v1","offsets":[{"start":4741,"text":"Arglist ist gleichzusetzen mit Vorsatz"}],"coordinates":[],"confidence":{"state":"pre-added","who":["user:FabianBrese"],"prob":1},"fields":{},"normalizations":{}},{"classId":"e_4","part":"s1v1","offsets":[{"start":4781,"text":"Der Täuschende muss wissen und wollen, dass sich ein anderer infolge seiner Handlung getäuscht und durch den Irrtum zur Abgabe einer Willenserklärung bestimmt wird"}],"coordinates":[],"confidence":{"state":"pre-added","who":["user:FabianBrese"],"prob":1},"fields":{},"normalizations":{}},{"classId":"e_4","part":"s1v1","offsets":[{"start":4946,"text":"Dabei reicht es aus, wenn der Täuschende den Irrtum beim Gegenüber für möglich hält und billigend in Kauf nimmt"}],"coordinates":[],"confidence":{"state":"pre-added","who":["user:FabianBrese"],"prob":1},"fields":{},"normalizations":{}},{"classId":"e_5","part":"s1v1","offsets":[{"start":5059,"text":"A wusste nicht ob es um einen Unfallfreies Auto handelt und erklärte K daher, dass es sich um ein Unfallfreies Auto handelt."}],"coordinates":[],"confidence":{"state":"pre-added","who":["user:FabianBrese"],"prob":1},"fields":{},"normalizations":{}},{"classId":"e_7","part":"s1v1","offsets":[{"start":5059,"text":"A wusste nicht ob es um einen Unfallfreies Auto handelt und erklärte K daher, dass es sich um ein Unfallfreies Auto handelt"}],"coordinates":[],"confidence":{"state":"pre-added","who":["user:FabianBrese"],"prob":1},"fields":{},"normalizations":{}},{"classId":"e_2","part":"s1v1","offsets":[{"start":5184,"text":"Somit war das Handeln des A auch arglistig"}],"coordinates":[],"confidence":{"state":"pre-added","who":["user:FabianBrese"],"prob":1},"fields":{},"normalizations":{}},{"classId":"e_1","part":"s1v1","offsets":[{"start":5323,"text":"Die Anfechtung aufgrund von Arglist könnte daher nach § 123 Abs. 2 S. 1 BGB ausgeschlossen sein, wenn A als Dritter im Sinne des § 123 Abs. 2 BGB gilt und der andere (= Vertragspartner => hier V) die Täuschung weder kannte noch kennen musste"}],"coordinates":[],"confidence":{"state":"pre-added","who":["user:FabianBrese"],"prob":1},"fields":{},"normalizations":{}},{"classId":"e_1","part":"s1v1","offsets":[{"start":5566,"text":"Fraglich ist daher ob es sich bei A um einen Dritten handelt"}],"coordinates":[],"confidence":{"state":"pre-added","who":["user:FabianBrese"],"prob":1},"fields":{},"normalizations":{}},{"classId":"e_4","part":"s1v1","offsets":[{"start":5888,"text":"„Nicht-Dritter“ ist, wer in enger Beziehung zum Anfechtungsempfänger steht und als dessen Vertrauensperson erscheint, mithin im Lager des Erklärungsempfängers steht (Lagertheorie)"}],"coordinates":[],"confidence":{"state":"pre-added","who":["user:FabianBrese"],"prob":1},"fields":{},"normalizations":{}},{"classId":"e_4","part":"s1v1","offsets":[{"start":6202,"text":"Erfüllungsgehilfe ist, wer mit Wissen und Wollen des Schuldners bei Erfüllung einer dem Schuldner obliegenden Verbindlichkeit tätig wird"}],"coordinates":[],"confidence":{"state":"pre-added","who":["user:FabianBrese"],"prob":1},"fields":{},"normalizations":{}},{"classId":"e_4","part":"s1v1","offsets":[{"start":6375,"text":"Dritte sind alle übrigen, die gerade nicht auf Seiten des Erklärungsempfängers mit dessen Willen in die Verhandlung eingeschaltet wurden"}],"coordinates":[],"confidence":{"state":"pre-added","who":["user:FabianBrese"],"prob":1},"fields":{},"normalizations":{}},{"classId":"e_5","part":"s1v1","offsets":[{"start":6513,"text":"Nur wenn es sich bei A um einen Dritten handelt und V außerdem nicht wusste und nicht wissen konnte, dass A bei den Vertragsverhandlungen mit K getäuscht hat, wäre eine Anfechtung nach § 123 Abs. 2 BGB ausgeschlossen. A ist als Auszubildende im Geschäft der V als Verkäufer für V tätig. Er ist daher mit Wissen und Wollen der V im Geschäft tätig und steht in deren Lager."}],"coordinates":[],"confidence":{"state":"pre-added","who":["user:FabianBrese"],"prob":1},"fields":{},"normalizations":{}},{"classId":"e_7","part":"s1v1","offsets":[{"start":6731,"text":"A ist als Auszubildende im Geschäft der V als Verkäufer für V tätig"}],"coordinates":[],"confidence":{"state":"pre-added","who":["user:FabianBrese"],"prob":1},"fields":{},"normalizations":{}},{"classId":"e_6","part":"s1v1","offsets":[{"start":6800,"text":"Er ist daher mit Wissen und Wollen der V im Geschäft tätig und steht in deren Lager"}],"coordinates":[],"confidence":{"state":"pre-added","who":["user:FabianBrese"],"prob":1},"fields":{},"normalizations":{}},{"classId":"e_2","part":"s1v1","offsets":[{"start":6885,"text":"Er ist damit nicht Dritter im Sinne des § 123 Abs. 2 BGB"}],"coordinates":[],"confidence":{"state":"pre-added","who":["user:FabianBrese"],"prob":1},"fields":{},"normalizations":{}},{"classId":"e_2","part":"s1v1","offsets":[{"start":6943,"text":"Demnach kann sich V nicht auf den Ausschluss der Anfechtung nach § 123 II S. 1 BGB berufen"}],"coordinates":[],"confidence":{"state":"pre-added","who":["user:FabianBrese"],"prob":1},"fields":{},"normalizations":{}},{"classId":"e_1","part":"s1v1","offsets":[{"start":7083,"text":"K müsste die Anfechtung nach § 143 Abs. 1 BGB erklären und zwar gegenüber dem richtigen Anfechtungsgegner"}],"coordinates":[],"confidence":{"state":"pre-added","who":["user:FabianBrese"],"prob":1},"fields":{},"normalizations":{}},{"classId":"e_5","part":"s1v1","offsets":[{"start":7266,"text":"Hier erklärte A seiner Vertragspartnerin (der A) die Anfechtung."}],"coordinates":[],"confidence":{"state":"pre-added","who":["user:FabianBrese"],"prob":1},"fields":{},"normalizations":{}},{"classId":"e_7","part":"s1v1","offsets":[{"start":7266,"text":"Hier erklärte A seiner Vertragspartnerin (der A) die Anfechtung"}],"coordinates":[],"confidence":{"state":"pre-added","who":["user:FabianBrese"],"prob":1},"fields":{},"normalizations":{}},{"classId":"e_2","part":"s1v1","offsets":[{"start":7331,"text":"Somit sind die Voraussetzungen nach § 143 Abs. 1, 2 BGB erfüllt"}],"coordinates":[],"confidence":{"state":"pre-added","who":["user:FabianBrese"],"prob":1},"fields":{},"normalizations":{}},{"classId":"e_1","part":"s1v1","offsets":[{"start":7418,"text":"K müsste die Anfechtung innerhalb der nach § 124 Abs. 1 BGB vorgesehenen Frist erklärt haben"}],"coordinates":[],"confidence":{"state":"pre-added","who":["user:FabianBrese"],"prob":1},"fields":{},"normalizations":{}},{"classId":"e_5","part":"s1v1","offsets":[{"start":7593,"text":"Hier erfolgt die Anfechtungserklärung sofort nachdem K seinen Irrtum bemerkt hat, sodass die Frist gewahrt ist."}],"coordinates":[],"confidence":{"state":"pre-added","who":["user:FabianBrese"],"prob":1},"fields":{},"normalizations":{}},{"classId":"e_7","part":"s1v1","offsets":[{"start":7593,"text":"Hier erfolgt die Anfechtungserklärung sofort nachdem K seinen Irrtum bemerkt hat"}],"coordinates":[],"confidence":{"state":"pre-added","who":["user:FabianBrese"],"prob":1},"fields":{},"normalizations":{}},{"classId":"e_6","part":"s1v1","offsets":[{"start":7675,"text":"sodass die Frist gewahrt ist"}],"coordinates":[],"confidence":{"state":"pre-added","who":["user:FabianBrese"],"prob":1},"fields":{},"normalizations":{}},{"classId":"e_2","part":"s1v1","offsets":[{"start":7721,"text":"Der Kaufvertrag ist somit durch die Anfechtung nach § 142 I BGB von Anfang an (ex tunc) nichtig"}],"coordinates":[],"confidence":{"state":"pre-added","who":["user:FabianBrese"],"prob":1},"fields":{},"normalizations":{}},{"classId":"e_2","part":"s1v1","offsets":[{"start":7818,"text":"V hat dementsprechend gegen K keinen Zahlungsanspruch aus § 433 Abs. 2 BGB auf die Zahlung der 27.000 €"}],"coordinates":[],"confidence":{"state":"pre-added","who":["user:FabianBrese"],"prob":1},"fields":{},"normalizations":{}}],"relations":[{"classId":"r_3","type":"linked","directed":false,"entities":["s1v1|e_2|1301,1343","s1v1|e_1|161,225"],"confidence":{"state":"pre-added","who":["user:FabianBrese"],"prob":1}},{"classId":"r_3","type":"linked","directed":false,"entities":["s1v1|e_1|3715,3748","s1v1|e_2|3954,3992"],"confidence":{"state":"pre-added","who":["user:FabianBrese"],"prob":1}},{"classId":"r_3","type":"linked","directed":false,"entities":["s1v1|e_2|4624,4675","s1v1|e_1|4423,4497"],"confidence":{"state":"pre-added","who":["user:FabianBrese"],"prob":1}},{"classId":"r_3","type":"linked","directed":false,"entities":["s1v1|e_2|5184,5225","s1v1|e_1|4697,4738"],"confidence":{"state":"pre-added","who":["user:FabianBrese"],"prob":1}},{"classId":"r_3","type":"linked","directed":false,"entities":["s1v1|e_2|6885,6940","s1v1|e_1|5566,5625"],"confidence":{"state":"pre-added","who":["user:FabianBrese"],"prob":1}},{"classId":"r_3","type":"linked","directed":false,"entities":["s1v1|e_2|7331,7393","s1v1|e_1|7083,7187"],"confidence":{"state":"pre-added","who":["user:FabianBrese"],"prob":1}},{"classId":"r_3","type":"linked","directed":false,"entities":["s1v1|e_2|7721,7815","s1v1|e_1|1384,1476"],"confidence":{"state":"pre-added","who":["user:FabianBrese"],"prob":1}},{"classId":"r_3","type":"linked","directed":false,"entities":["s1v1|e_2|7818,7920","s1v1|e_1|16,122"],"confidence":{"state":"pre-added","who":["user:FabianBrese"],"prob":1}},{"classId":"r_8","type":"linked","directed":false,"entities":["s1v1|e_7|1172,1242","s1v1|e_6|1245,1298"],"confidence":{"state":"pre-added","who":["user:FabianBrese"],"prob":1}},{"classId":"r_8","type":"linked","directed":false,"entities":["s1v1|e_7|2714,2769","s1v1|e_6|2772,2830"],"confidence":{"state":"pre-added","who":["user:FabianBrese"],"prob":1}},{"classId":"r_8","type":"linked","directed":false,"entities":["s1v1|e_6|2901,2952","s1v1|e_7|2833,2898"],"confidence":{"state":"pre-added","who":["user:FabianBrese"],"prob":1}},{"classId":"r_8","type":"linked","directed":false,"entities":["s1v1|e_7|3868,3901","s1v1|e_6|3904,3951"],"confidence":{"state":"pre-added","who":["user:FabianBrese"],"prob":1}},{"classId":"r_8","type":"linked","directed":false,"entities":["s1v1|e_7|4233,4303","s1v1|e_6|4306,4375"],"confidence":{"state":"pre-added","who":["user:FabianBrese"],"prob":1}},{"classId":"r_8","type":"linked","directed":false,"entities":["s1v1|e_6|4500,4542","s1v1|e_7|4545,4621"],"confidence":{"state":"pre-added","who":["user:FabianBrese"],"prob":1}},{"classId":"r_8","type":"linked","directed":false,"entities":["s1v1|e_7|6731,6797","s1v1|e_6|6800,6882"],"confidence":{"state":"pre-added","who":["user:FabianBrese"],"prob":1}},{"classId":"r_8","type":"linked","directed":false,"entities":["s1v1|e_7|7593,7672","s1v1|e_6|7675,7702"],"confidence":{"state":"pre-added","who":["user:FabianBrese"],"prob":1}}]}