{"annotatable":{"parts":["s1v1"]},"anncomplete":true,"sources":[],"metas":{},"entities":[{"classId":"e_1","part":"s1v1","offsets":[{"start":21,"text":"K könnte gem. §433 I BGB einen Anspruch gegen V auf Übergabe und Übereignung der Maschine haben"}],"coordinates":[],"confidence":{"state":"pre-added","who":["user:FabianBrese"],"prob":1},"fields":{},"normalizations":{}},{"classId":"e_1","part":"s1v1","offsets":[{"start":141,"text":"Dafür müsste ein Kaufvertrag zwischen K und V (A) geschlossen worden sein"}],"coordinates":[],"confidence":{"state":"pre-added","who":["user:FabianBrese"],"prob":1},"fields":{},"normalizations":{}},{"classId":"e_4","part":"s1v1","offsets":[{"start":216,"text":"Ein Vertrag kommt zustande durch zwei in Bezug aufeinander abgegebene, inhaltlich übereinstimmende Willenserklärungen (Angebot und Annahme)"}],"coordinates":[],"confidence":{"state":"pre-added","who":["user:FabianBrese"],"prob":1},"fields":{},"normalizations":{}},{"classId":"e_1","part":"s1v1","offsets":[{"start":385,"text":"Fraglich ist, ob ein Angebot durch A vorliegt"}],"coordinates":[],"confidence":{"state":"pre-added","who":["user:FabianBrese"],"prob":1},"fields":{},"normalizations":{}},{"classId":"e_4","part":"s1v1","offsets":[{"start":433,"text":"Ein Angebot ist eine empfangsbedürftige Willenserklärung durch die einem anderen Vertragsschluss unter Festlegung der wesentlichen Vertragsbestandteile (Kaufpreis, Kaufsache, Vertragsparteien) so angetragen wird, dass das Zustandekommen des Vertrages nur von dessen Zustimmung abhängt"}],"coordinates":[],"confidence":{"state":"pre-added","who":["user:FabianBrese"],"prob":1},"fields":{},"normalizations":{}},{"classId":"e_5","part":"s1v1","offsets":[{"start":720,"text":"A schickt K per Mail ein befristetes Angebot über den Kauf der Maschine zum Preis von 1.000.000 Euro. Die Vertragsbestandteile liegen vor."}],"coordinates":[],"confidence":{"state":"pre-added","who":["user:FabianBrese"],"prob":1},"fields":{},"normalizations":{}},{"classId":"e_7","part":"s1v1","offsets":[{"start":720,"text":"A schickt K per Mail ein befristetes Angebot über den Kauf der Maschine zum Preis von 1.000.000 Euro"}],"coordinates":[],"confidence":{"state":"pre-added","who":["user:FabianBrese"],"prob":1},"fields":{},"normalizations":{}},{"classId":"e_6","part":"s1v1","offsets":[{"start":822,"text":"Die Vertragsbestandteile liegen vor"}],"coordinates":[],"confidence":{"state":"pre-added","who":["user:FabianBrese"],"prob":1},"fields":{},"normalizations":{}},{"classId":"e_2","part":"s1v1","offsets":[{"start":860,"text":"Ein wirksames Angebot durch A liegt somit vor"}],"coordinates":[],"confidence":{"state":"pre-added","who":["user:FabianBrese"],"prob":1},"fields":{},"normalizations":{}},{"classId":"e_1","part":"s1v1","offsets":[{"start":920,"text":"Fraglich ist, ob K das Angebot angenommen hat"}],"coordinates":[],"confidence":{"state":"pre-added","who":["user:FabianBrese"],"prob":1},"fields":{},"normalizations":{}},{"classId":"e_4","part":"s1v1","offsets":[{"start":967,"text":"Eine Annahme ist die in Bezug auf ein Angebot abgegebene, empfangsbedürftige Willenserklärung, durch die ein Kaufvertrag zustande kommt"}],"coordinates":[],"confidence":{"state":"pre-added","who":["user:FabianBrese"],"prob":1},"fields":{},"normalizations":{}},{"classId":"e_5","part":"s1v1","offsets":[{"start":1104,"text":"K sendet A eine Annahmeerklärung per Mail innerhalb des befristeten Zeitraumes. Es ist anzunehmen, dass K mit dem Versenden der Mail keine weiteren Annahmeerklärungen in Betracht zieht, da er davon ausgehen kann, dass seine Mail A erreicht. Dass die versendete Mail im Spamordner von A landet, kann K dabei nicht ahnen. Es ist davon auszugehen, dass K annimmt, dass A seine Mails regelmäßig auch im Spamordner kontrolliert."}],"coordinates":[],"confidence":{"state":"pre-added","who":["user:FabianBrese"],"prob":1},"fields":{},"normalizations":{}},{"classId":"e_7","part":"s1v1","offsets":[{"start":1104,"text":"K sendet A eine Annahmeerklärung per Mail innerhalb des befristeten Zeitraumes"}],"coordinates":[],"confidence":{"state":"pre-added","who":["user:FabianBrese"],"prob":1},"fields":{},"normalizations":{}},{"classId":"e_6","part":"s1v1","offsets":[{"start":1184,"text":"Es ist anzunehmen, dass K mit dem Versenden der Mail keine weiteren Annahmeerklärungen in Betracht zieht, da er davon ausgehen kann, dass seine Mail A erreicht"}],"coordinates":[],"confidence":{"state":"pre-added","who":["user:FabianBrese"],"prob":1},"fields":{},"normalizations":{}},{"classId":"e_7","part":"s1v1","offsets":[{"start":1345,"text":"Dass die versendete Mail im Spamordner von A landet, kann K dabei nicht ahnen"}],"coordinates":[],"confidence":{"state":"pre-added","who":["user:FabianBrese"],"prob":1},"fields":{},"normalizations":{}},{"classId":"e_6","part":"s1v1","offsets":[{"start":1424,"text":"Es ist davon auszugehen, dass K annimmt, dass A seine Mails regelmäßig auch im Spamordner kontrolliert"}],"coordinates":[],"confidence":{"state":"pre-added","who":["user:FabianBrese"],"prob":1},"fields":{},"normalizations":{}},{"classId":"e_2","part":"s1v1","offsets":[{"start":1531,"text":"hat die Annahme des Angebots erklärt"}],"coordinates":[],"confidence":{"state":"pre-added","who":["user:FabianBrese"],"prob":1},"fields":{},"normalizations":{}},{"classId":"e_2","part":"s1v1","offsets":[{"start":1570,"text":"Es liegt ein Kaufvertrag zwischen A und V (A) vor"}],"coordinates":[],"confidence":{"state":"pre-added","who":["user:FabianBrese"],"prob":1},"fields":{},"normalizations":{}},{"classId":"e_5","part":"s1v1","offsets":[{"start":1667,"text":"Dem Sachverhalt ist zu entnehmen, dass A die Annahme von K nicht rechtzeitig einsieht und somit davon ausgeht, dass K das Angebot nicht angenommen hat. Aufgrund der abgelaufenen Frist stellt A K ein neues Angebot für die Maschine aus, dessen Kaufpreis mit 2.000.000 Euro doppelt so hoch ausfällt, wie das befristete Angebot. Begründet wird dies von V anhand des nicht wirksamen Kaufvertrages."}],"coordinates":[],"confidence":{"state":"pre-added","who":["user:FabianBrese"],"prob":1},"fields":{},"normalizations":{}},{"classId":"e_7","part":"s1v1","offsets":[{"start":1667,"text":"Dem Sachverhalt ist zu entnehmen, dass A die Annahme von K nicht rechtzeitig einsieht"}],"coordinates":[],"confidence":{"state":"pre-added","who":["user:FabianBrese"],"prob":1},"fields":{},"normalizations":{}},{"classId":"e_6","part":"s1v1","offsets":[{"start":1753,"text":"und somit davon ausgeht, dass K das Angebot nicht angenommen hat"}],"coordinates":[],"confidence":{"state":"pre-added","who":["user:FabianBrese"],"prob":1},"fields":{},"normalizations":{}},{"classId":"e_6","part":"s1v1","offsets":[{"start":1819,"text":"Aufgrund der abgelaufenen Frist stellt A K ein neues Angebot für die Maschine aus"}],"coordinates":[],"confidence":{"state":"pre-added","who":["user:FabianBrese"],"prob":1},"fields":{},"normalizations":{}},{"classId":"e_7","part":"s1v1","offsets":[{"start":1902,"text":"dessen Kaufpreis mit 2.000.000 Euro doppelt so hoch ausfällt, wie das befristete Angebot"}],"coordinates":[],"confidence":{"state":"pre-added","who":["user:FabianBrese"],"prob":1},"fields":{},"normalizations":{}},{"classId":"e_5","part":"s1v1","offsets":[{"start":2093,"text":"K schickt A die Annahmeerklärung innerhalb der vorgesehenen Frist. Sie kann somit davon ausgehen, dass A ihr die Maschine zum Preis von 1.000.000 verkauft."}],"coordinates":[],"confidence":{"state":"pre-added","who":["user:FabianBrese"],"prob":1},"fields":{},"normalizations":{}},{"classId":"e_7","part":"s1v1","offsets":[{"start":2093,"text":"K schickt A die Annahmeerklärung innerhalb der vorgesehenen Frist"}],"coordinates":[],"confidence":{"state":"pre-added","who":["user:FabianBrese"],"prob":1},"fields":{},"normalizations":{}},{"classId":"e_6","part":"s1v1","offsets":[{"start":2160,"text":"Sie kann somit davon ausgehen, dass A ihr die Maschine zum Preis von 1.000.000 verkauft"}],"coordinates":[],"confidence":{"state":"pre-added","who":["user:FabianBrese"],"prob":1},"fields":{},"normalizations":{}},{"classId":"e_5","part":"s1v1","offsets":[{"start":2271,"text":"Dem Sachverhalt zu entnehmen ist, dass es sich um eine falsche Übermittlung der Willenserklärung von K an R gem. §120 BGB handelt. K hat die Willenserklärung korrekt abgeschickt und konnte nicht ahnen, dass das Mailprogramm von R die Mail in den Spamordner verschiebt, den R nur selten kontrolliert. Es ist A zuzumuten, dass sie als Arbeitnehmerin in Erwartung einer potentiellen Annahmeerklärung den Spamordner kontrolliert."}],"coordinates":[],"confidence":{"state":"pre-added","who":["user:FabianBrese"],"prob":1},"fields":{},"normalizations":{}},{"classId":"e_7","part":"s1v1","offsets":[{"start":2402,"text":"K hat die Willenserklärung korrekt abgeschickt"}],"coordinates":[],"confidence":{"state":"pre-added","who":["user:FabianBrese"],"prob":1},"fields":{},"normalizations":{}},{"classId":"e_6","part":"s1v1","offsets":[{"start":2449,"text":"und konnte nicht ahnen, dass das Mailprogramm von R die Mail in den Spamordner verschiebt"}],"coordinates":[],"confidence":{"state":"pre-added","who":["user:FabianBrese"],"prob":1},"fields":{},"normalizations":{}},{"classId":"e_6","part":"s1v1","offsets":[{"start":2571,"text":"Es ist A zuzumuten, dass sie als Arbeitnehmerin in Erwartung einer potentiellen Annahmeerklärung den Spamordner kontrolliert"}],"coordinates":[],"confidence":{"state":"pre-added","who":["user:FabianBrese"],"prob":1},"fields":{},"normalizations":{}},{"classId":"e_5","part":"s1v1","offsets":[{"start":2723,"text":"V verweigert K die Herausgabe der angebotenen Maschine, trotz Einhaltung der gesetzten Frist von V an K."}],"coordinates":[],"confidence":{"state":"pre-added","who":["user:FabianBrese"],"prob":1},"fields":{},"normalizations":{}},{"classId":"e_7","part":"s1v1","offsets":[{"start":2723,"text":"V verweigert K die Herausgabe der angebotenen Maschine"}],"coordinates":[],"confidence":{"state":"pre-added","who":["user:FabianBrese"],"prob":1},"fields":{},"normalizations":{}},{"classId":"e_6","part":"s1v1","offsets":[{"start":2779,"text":"trotz Einhaltung der gesetzten Frist von V an K"}],"coordinates":[],"confidence":{"state":"pre-added","who":["user:FabianBrese"],"prob":1},"fields":{},"normalizations":{}},{"classId":"e_2","part":"s1v1","offsets":[{"start":3079,"text":"Anfechtung wirksam"}],"coordinates":[],"confidence":{"state":"pre-added","who":["user:FabianBrese"],"prob":1},"fields":{},"normalizations":{}},{"classId":"e_2","part":"s1v1","offsets":[{"start":3112,"text":"Der befristete Kaufvertrag ist wirksam und ein Anspruch auf Übergabe und Übereignung der Maschine entstanden"}],"coordinates":[],"confidence":{"state":"pre-added","who":["user:FabianBrese"],"prob":1},"fields":{},"normalizations":{}}],"relations":[{"classId":"r_3","type":"linked","directed":false,"entities":["s1v1|e_2|860,904","s1v1|e_1|385,429"],"confidence":{"state":"pre-added","who":["user:FabianBrese"],"prob":1}},{"classId":"r_3","type":"linked","directed":false,"entities":["s1v1|e_2|1531,1566","s1v1|e_1|920,964"],"confidence":{"state":"pre-added","who":["user:FabianBrese"],"prob":1}},{"classId":"r_8","type":"linked","directed":false,"entities":["s1v1|e_7|720,819","s1v1|e_6|822,856"],"confidence":{"state":"pre-added","who":["user:FabianBrese"],"prob":1}},{"classId":"r_8","type":"linked","directed":false,"entities":["s1v1|e_7|1104,1181","s1v1|e_6|1184,1342"],"confidence":{"state":"pre-added","who":["user:FabianBrese"],"prob":1}},{"classId":"r_8","type":"linked","directed":false,"entities":["s1v1|e_7|1345,1421","s1v1|e_6|1424,1525"],"confidence":{"state":"pre-added","who":["user:FabianBrese"],"prob":1}},{"classId":"r_8","type":"linked","directed":false,"entities":["s1v1|e_7|1667,1751","s1v1|e_6|1753,1816"],"confidence":{"state":"pre-added","who":["user:FabianBrese"],"prob":1}},{"classId":"r_8","type":"linked","directed":false,"entities":["s1v1|e_6|1819,1899","s1v1|e_7|1902,1989"],"confidence":{"state":"pre-added","who":["user:FabianBrese"],"prob":1}},{"classId":"r_8","type":"linked","directed":false,"entities":["s1v1|e_7|2093,2157","s1v1|e_6|2160,2246"],"confidence":{"state":"pre-added","who":["user:FabianBrese"],"prob":1}},{"classId":"r_8","type":"linked","directed":false,"entities":["s1v1|e_7|2402,2447","s1v1|e_6|2449,2537"],"confidence":{"state":"pre-added","who":["user:FabianBrese"],"prob":1}},{"classId":"r_8","type":"linked","directed":false,"entities":["s1v1|e_7|2723,2776","s1v1|e_6|2779,2825"],"confidence":{"state":"pre-added","who":["user:FabianBrese"],"prob":1}}]}