{"annotatable":{"parts":["s1v1"]},"anncomplete":true,"sources":[],"metas":{},"entities":[{"classId":"e_1","part":"s1v1","offsets":[{"start":24,"text":"V könnte gegen K einen Anspruch auf Zahlung des Kaufpreises von 27.000€ für das Auto gemäß §433 Abs. 2 haben"}],"coordinates":[],"confidence":{"state":"pre-added","who":["user:FabianBrese"],"prob":1},"fields":{},"normalizations":{}},{"classId":"e_1","part":"s1v1","offsets":[{"start":158,"text":"Dafür müsste ein wirksamer Kaufvertrag gem. §§145 ff. zwischen V und K entstanden sein"}],"coordinates":[],"confidence":{"state":"pre-added","who":["user:FabianBrese"],"prob":1},"fields":{},"normalizations":{}},{"classId":"e_4","part":"s1v1","offsets":[{"start":247,"text":"Ein wirksamer Vertrag kommt durch zwei übereinstimmende Willenserklärungen (Angebot und Annahme) zustande"}],"coordinates":[],"confidence":{"state":"pre-added","who":["user:FabianBrese"],"prob":1},"fields":{},"normalizations":{}},{"classId":"e_1","part":"s1v1","offsets":[{"start":367,"text":"Fraglich ist ob ein Angebot durch V vorliegt"}],"coordinates":[],"confidence":{"state":"pre-added","who":["user:FabianBrese"],"prob":1},"fields":{},"normalizations":{}},{"classId":"e_4","part":"s1v1","offsets":[{"start":413,"text":"Ein Angebot liegt vor, wenn eine Willenserklärung zum Verkauf vorliegt, die alle essentialia negotii enthält, sodass für die Annahme nur noch ein „Ja“ der anderen Partei benötigt wird"}],"coordinates":[],"confidence":{"state":"pre-added","who":["user:FabianBrese"],"prob":1},"fields":{},"normalizations":{}},{"classId":"e_5","part":"s1v1","offsets":[{"start":599,"text":"Hier hat V selbst kein Angebot gemacht, sondern A mit dem Verkauf des Autos beauftragt."}],"coordinates":[],"confidence":{"state":"pre-added","who":["user:FabianBrese"],"prob":1},"fields":{},"normalizations":{}},{"classId":"e_7","part":"s1v1","offsets":[{"start":599,"text":"Hier hat V selbst kein Angebot gemacht"}],"coordinates":[],"confidence":{"state":"pre-added","who":["user:FabianBrese"],"prob":1},"fields":{},"normalizations":{}},{"classId":"e_6","part":"s1v1","offsets":[{"start":639,"text":"sondern A mit dem Verkauf des Autos beauftragt"}],"coordinates":[],"confidence":{"state":"pre-added","who":["user:FabianBrese"],"prob":1},"fields":{},"normalizations":{}},{"classId":"e_1","part":"s1v1","offsets":[{"start":819,"text":"Fraglich ist, ob A die V gem. §§164 ff. wirksam vertreten hat"}],"coordinates":[],"confidence":{"state":"pre-added","who":["user:FabianBrese"],"prob":1},"fields":{},"normalizations":{}},{"classId":"e_1","part":"s1v1","offsets":[{"start":882,"text":"Dafür müsste die Stellvertretung zulässig sein, der Vertreter eine eigene Willenserklärung abgegeben haben"}],"coordinates":[],"confidence":{"state":"pre-added","who":["user:FabianBrese"],"prob":1},"fields":{},"normalizations":{}},{"classId":"e_5","part":"s1v1","offsets":[{"start":1101,"text":"Da es sich hier nicht um ein höchstpersönliches Rechtsgeschäft handelt und die Minderjährigkeit der A gem. §165 BGB auch kein Problem darstellt, ist die Stellvertretung zulässig."}],"coordinates":[],"confidence":{"state":"pre-added","who":["user:FabianBrese"],"prob":1},"fields":{},"normalizations":{}},{"classId":"e_7","part":"s1v1","offsets":[{"start":1101,"text":"Da es sich hier nicht um ein höchstpersönliches Rechtsgeschäft handelt und die Minderjährigkeit der A gem. §165 BGB auch kein Problem darstellt"}],"coordinates":[],"confidence":{"state":"pre-added","who":["user:FabianBrese"],"prob":1},"fields":{},"normalizations":{}},{"classId":"e_6","part":"s1v1","offsets":[{"start":1246,"text":"ist die Stellvertretung zulässig"}],"coordinates":[],"confidence":{"state":"pre-added","who":["user:FabianBrese"],"prob":1},"fields":{},"normalizations":{}},{"classId":"e_1","part":"s1v1","offsets":[{"start":1330,"text":"Fraglich ist, ob A eine eigene Willenserklärung abgegeben hat"}],"coordinates":[],"confidence":{"state":"pre-added","who":["user:FabianBrese"],"prob":1},"fields":{},"normalizations":{}},{"classId":"e_1","part":"s1v1","offsets":[{"start":1393,"text":"Dafür müsste A nicht als Bote für ein Angebot der V fungiert haben, sondern ein eigenes Angebot abgegeben haben"}],"coordinates":[],"confidence":{"state":"pre-added","who":["user:FabianBrese"],"prob":1},"fields":{},"normalizations":{}},{"classId":"e_5","part":"s1v1","offsets":[{"start":1506,"text":"Dem Fall ist zu entnehmen, dass A eigenständig auf K zugegangen ist und ihr ein eigenes Angebot gemacht hat."}],"coordinates":[],"confidence":{"state":"pre-added","who":["user:FabianBrese"],"prob":1},"fields":{},"normalizations":{}},{"classId":"e_7","part":"s1v1","offsets":[{"start":1506,"text":"Dem Fall ist zu entnehmen, dass A eigenständig auf K zugegangen ist"}],"coordinates":[],"confidence":{"state":"pre-added","who":["user:FabianBrese"],"prob":1},"fields":{},"normalizations":{}},{"classId":"e_6","part":"s1v1","offsets":[{"start":1574,"text":"und ihr ein eigenes Angebot gemacht hat"}],"coordinates":[],"confidence":{"state":"pre-added","who":["user:FabianBrese"],"prob":1},"fields":{},"normalizations":{}},{"classId":"e_2","part":"s1v1","offsets":[{"start":1615,"text":"Damit hat A eine eigene Willenserklärung abgegeben"}],"coordinates":[],"confidence":{"state":"pre-added","who":["user:FabianBrese"],"prob":1},"fields":{},"normalizations":{}},{"classId":"e_1","part":"s1v1","offsets":[{"start":1689,"text":"Fraglich ist, ob klar war, dass A ihre Willenserklärung im Namen der V abgibt"}],"coordinates":[],"confidence":{"state":"pre-added","who":["user:FabianBrese"],"prob":1},"fields":{},"normalizations":{}},{"classId":"e_1","part":"s1v1","offsets":[{"start":1768,"text":"Dafür müsste ausdrücklich oder konkludent klar sein, dass A im Namen von V handelt"}],"coordinates":[],"confidence":{"state":"pre-added","who":["user:FabianBrese"],"prob":1},"fields":{},"normalizations":{}},{"classId":"e_5","part":"s1v1","offsets":[{"start":1939,"text":"V ist die Chefin des Handels und A ist eine ihrer Mitarbeiterinnen. Hieraus wird klar, dass A im Namen von K handelt."}],"coordinates":[],"confidence":{"state":"pre-added","who":["user:FabianBrese"],"prob":1},"fields":{},"normalizations":{}},{"classId":"e_7","part":"s1v1","offsets":[{"start":1939,"text":"V ist die Chefin des Handels und A ist eine ihrer Mitarbeiterinnen"}],"coordinates":[],"confidence":{"state":"pre-added","who":["user:FabianBrese"],"prob":1},"fields":{},"normalizations":{}},{"classId":"e_6","part":"s1v1","offsets":[{"start":2007,"text":"Hieraus wird klar, dass A im Namen von K handelt"}],"coordinates":[],"confidence":{"state":"pre-added","who":["user:FabianBrese"],"prob":1},"fields":{},"normalizations":{}},{"classId":"e_2","part":"s1v1","offsets":[{"start":2057,"text":"Die Offenkundigkeit liegt vor"}],"coordinates":[],"confidence":{"state":"pre-added","who":["user:FabianBrese"],"prob":1},"fields":{},"normalizations":{}},{"classId":"e_1","part":"s1v1","offsets":[{"start":2110,"text":"Fraglich ist, ob A von V die Vertretungsvollmacht erteilt hat"}],"coordinates":[],"confidence":{"state":"pre-added","who":["user:FabianBrese"],"prob":1},"fields":{},"normalizations":{}},{"classId":"e_5","part":"s1v1","offsets":[{"start":2173,"text":"Dem Fall ist zu entnehmen, dass hier keine Probleme vorliegen, da V die A mit dem Verkauf des Autos beauftragt hat."}],"coordinates":[],"confidence":{"state":"pre-added","who":["user:FabianBrese"],"prob":1},"fields":{},"normalizations":{}},{"classId":"e_7","part":"s1v1","offsets":[{"start":2173,"text":"Dem Fall ist zu entnehmen, dass hier keine Probleme vorliegen"}],"coordinates":[],"confidence":{"state":"pre-added","who":["user:FabianBrese"],"prob":1},"fields":{},"normalizations":{}},{"classId":"e_6","part":"s1v1","offsets":[{"start":2236,"text":"da V die A mit dem Verkauf des Autos beauftragt hat"}],"coordinates":[],"confidence":{"state":"pre-added","who":["user:FabianBrese"],"prob":1},"fields":{},"normalizations":{}},{"classId":"e_2","part":"s1v1","offsets":[{"start":2289,"text":"A hat die Vertretungsmacht"}],"coordinates":[],"confidence":{"state":"pre-added","who":["user:FabianBrese"],"prob":1},"fields":{},"normalizations":{}},{"classId":"e_2","part":"s1v1","offsets":[{"start":2317,"text":"Die Stellvertretung ist wirksam"}],"coordinates":[],"confidence":{"state":"pre-added","who":["user:FabianBrese"],"prob":1},"fields":{},"normalizations":{}},{"classId":"e_1","part":"s1v1","offsets":[{"start":2371,"text":"Fraglich ist, ob A ein Angebot gemacht hat"}],"coordinates":[],"confidence":{"state":"pre-added","who":["user:FabianBrese"],"prob":1},"fields":{},"normalizations":{}},{"classId":"e_4","part":"s1v1","offsets":[{"start":2415,"text":"Ein Angebot ist eine empfangsbedürftige Willenserklärung, die alle essentialia negotii (Kaufobjekt, Preis, Vertragspartner) enthält, sodass der Antragsempfänger mit einem bloßen „Ja“ zustimmen kann"}],"coordinates":[],"confidence":{"state":"pre-added","who":["user:FabianBrese"],"prob":1},"fields":{},"normalizations":{}},{"classId":"e_5","part":"s1v1","offsets":[{"start":2614,"text":"A bat K telefonisch das Auto zum Preis von 27.000€ an. Das Angebot war bis zum 24.02. befristet."}],"coordinates":[],"confidence":{"state":"pre-added","who":["user:FabianBrese"],"prob":1},"fields":{},"normalizations":{}},{"classId":"e_7","part":"s1v1","offsets":[{"start":2614,"text":"A bat K telefonisch das Auto zum Preis von 27.000€ an"}],"coordinates":[],"confidence":{"state":"pre-added","who":["user:FabianBrese"],"prob":1},"fields":{},"normalizations":{}},{"classId":"e_7","part":"s1v1","offsets":[{"start":2669,"text":"Das Angebot war bis zum 24.02. befristet"}],"coordinates":[],"confidence":{"state":"pre-added","who":["user:FabianBrese"],"prob":1},"fields":{},"normalizations":{}},{"classId":"e_2","part":"s1v1","offsets":[{"start":2711,"text":"Ein wirksames Angebot liegt vor"}],"coordinates":[],"confidence":{"state":"pre-added","who":["user:FabianBrese"],"prob":1},"fields":{},"normalizations":{}},{"classId":"e_2","part":"s1v1","offsets":[{"start":2745,"text":"A hat V wirksam vertreten und ein Angebot abgegeben"}],"coordinates":[],"confidence":{"state":"pre-added","who":["user:FabianBrese"],"prob":1},"fields":{},"normalizations":{}},{"classId":"e_2","part":"s1v1","offsets":[{"start":2798,"text":"Es liegt also ein Angebot durch V vor"}],"coordinates":[],"confidence":{"state":"pre-added","who":["user:FabianBrese"],"prob":1},"fields":{},"normalizations":{}},{"classId":"e_1","part":"s1v1","offsets":[{"start":2849,"text":"Fraglich ist ob K das Angebot der A angenommen hat"}],"coordinates":[],"confidence":{"state":"pre-added","who":["user:FabianBrese"],"prob":1},"fields":{},"normalizations":{}},{"classId":"e_4","part":"s1v1","offsets":[{"start":2902,"text":"Eine Annahme ist eine empfangsbedürftige Willenserklärung, wobei dem Angebot fristgerecht zugestimmt wird ohne die Konditionen des Angebots zu verändern"}],"coordinates":[],"confidence":{"state":"pre-added","who":["user:FabianBrese"],"prob":1},"fields":{},"normalizations":{}},{"classId":"e_5","part":"s1v1","offsets":[{"start":3056,"text":"K schickt A am 24.02. um 23:55 Uhr eine Mail in der sie erklärt, dass sie das Auto kaufen möchte. Es ist davon auszugehen, dass A die Mail am 24.02. nicht mehr lesen wird."}],"coordinates":[],"confidence":{"state":"pre-added","who":["user:FabianBrese"],"prob":1},"fields":{},"normalizations":{}},{"classId":"e_7","part":"s1v1","offsets":[{"start":3056,"text":"K schickt A am 24.02. um 23:55 Uhr eine Mail in der sie erklärt, dass sie das Auto kaufen möchte"}],"coordinates":[],"confidence":{"state":"pre-added","who":["user:FabianBrese"],"prob":1},"fields":{},"normalizations":{}},{"classId":"e_6","part":"s1v1","offsets":[{"start":3154,"text":"Es ist davon auszugehen, dass A die Mail am 24.02. nicht mehr lesen wird"}],"coordinates":[],"confidence":{"state":"pre-added","who":["user:FabianBrese"],"prob":1},"fields":{},"normalizations":{}},{"classId":"e_2","part":"s1v1","offsets":[{"start":3228,"text":"Hier liegt also keine Fristgerechte Annahme gem. §147 Abs. 2 vor"}],"coordinates":[],"confidence":{"state":"pre-added","who":["user:FabianBrese"],"prob":1},"fields":{},"normalizations":{}},{"classId":"e_2","part":"s1v1","offsets":[{"start":3294,"text":"Vielmehr liegt hier gem. §150 Abs. 1 ein neuer Antrag zum Kauf des Autos durch K vor"}],"coordinates":[],"confidence":{"state":"pre-added","who":["user:FabianBrese"],"prob":1},"fields":{},"normalizations":{}},{"classId":"e_5","part":"s1v1","offsets":[{"start":3410,"text":"Für A schien es kein Problem zu sein, dass die Annahme zu spät erfolgte. Sie teilte K mit, dass sie das Auto noch diesen Tag abholen könne. Konkludent liegt also eine Annahme der A des neuen Antrags der K vor."}],"coordinates":[],"confidence":{"state":"pre-added","who":["user:FabianBrese"],"prob":1},"fields":{},"normalizations":{}},{"classId":"e_7","part":"s1v1","offsets":[{"start":3483,"text":"Sie teilte K mit, dass sie das Auto noch diesen Tag abholen könne"}],"coordinates":[],"confidence":{"state":"pre-added","who":["user:FabianBrese"],"prob":1},"fields":{},"normalizations":{}},{"classId":"e_6","part":"s1v1","offsets":[{"start":3550,"text":"Konkludent liegt also eine Annahme der A des neuen Antrags der K vor"}],"coordinates":[],"confidence":{"state":"pre-added","who":["user:FabianBrese"],"prob":1},"fields":{},"normalizations":{}},{"classId":"e_2","part":"s1v1","offsets":[{"start":3621,"text":"Der Kaufvertrag zwischen K und V ist über die wirksame Vertretung der A gem. §§145 ff. zustande gekommen"}],"coordinates":[],"confidence":{"state":"pre-added","who":["user:FabianBrese"],"prob":1},"fields":{},"normalizations":{}},{"classId":"e_1","part":"s1v1","offsets":[{"start":3742,"text":"Fraglich ist, ob K den Kaufvertrag wirksam anficht"}],"coordinates":[],"confidence":{"state":"pre-added","who":["user:FabianBrese"],"prob":1},"fields":{},"normalizations":{}},{"classId":"e_1","part":"s1v1","offsets":[{"start":3970,"text":"K könnte den Kaufvertrag aufgrund arglistiger Täuschung gem. §123 Abs. 1 anfechten"}],"coordinates":[],"confidence":{"state":"pre-added","who":["user:FabianBrese"],"prob":1},"fields":{},"normalizations":{}},{"classId":"e_1","part":"s1v1","offsets":[{"start":4269,"text":"Fraglich ist, ob A einen Irrtum erregt hat"}],"coordinates":[],"confidence":{"state":"pre-added","who":["user:FabianBrese"],"prob":1},"fields":{},"normalizations":{}},{"classId":"e_4","part":"s1v1","offsets":[{"start":4314,"text":"Ein Irrtum liegt vor, wenn die Vorstellung des Getäuschten nicht mit der Realität übereinstimmen"}],"coordinates":[],"confidence":{"state":"pre-added","who":["user:FabianBrese"],"prob":1},"fields":{},"normalizations":{}},{"classId":"e_5","part":"s1v1","offsets":[{"start":4411,"text":"Durch A hatte K die Vorstellung, dass das Auto unfallfrei sei, obwohl es in Wirklichkeit nicht so ist."}],"coordinates":[],"confidence":{"state":"pre-added","who":["user:FabianBrese"],"prob":1},"fields":{},"normalizations":{}},{"classId":"e_7","part":"s1v1","offsets":[{"start":4411,"text":"Durch A hatte K die Vorstellung, dass das Auto unfallfrei sei"}],"coordinates":[],"confidence":{"state":"pre-added","who":["user:FabianBrese"],"prob":1},"fields":{},"normalizations":{}},{"classId":"e_6","part":"s1v1","offsets":[{"start":4474,"text":"obwohl es in Wirklichkeit nicht so ist"}],"coordinates":[],"confidence":{"state":"pre-added","who":["user:FabianBrese"],"prob":1},"fields":{},"normalizations":{}},{"classId":"e_2","part":"s1v1","offsets":[{"start":4514,"text":"A hat einen Irrtum erregt"}],"coordinates":[],"confidence":{"state":"pre-added","who":["user:FabianBrese"],"prob":1},"fields":{},"normalizations":{}},{"classId":"e_1","part":"s1v1","offsets":[{"start":4597,"text":"Fraglich ist ob K die Willenserklärung zum Kauf nur aufgrund des Irrtums abgegeben hat"}],"coordinates":[],"confidence":{"state":"pre-added","who":["user:FabianBrese"],"prob":1},"fields":{},"normalizations":{}},{"classId":"e_5","part":"s1v1","offsets":[{"start":4685,"text":"Hier ist ausreichend, dass K die Willenserklärung nicht abgegeben hätte, wenn der Irrtum nicht existiert hätte. K behauptet sie wolle keinen Unfallwagen und die Willenserklärung erfolgte auf die Information, dass der Wagen unfallfrei sei."}],"coordinates":[],"confidence":{"state":"pre-added","who":["user:FabianBrese"],"prob":1},"fields":{},"normalizations":{}},{"classId":"e_7","part":"s1v1","offsets":[{"start":4797,"text":"K behauptet sie wolle keinen Unfallwagen und die Willenserklärung erfolgte auf die Information, dass der Wagen unfallfrei sei"}],"coordinates":[],"confidence":{"state":"pre-added","who":["user:FabianBrese"],"prob":1},"fields":{},"normalizations":{}},{"classId":"e_2","part":"s1v1","offsets":[{"start":4924,"text":"Es ist also davon auszugehen, dass K die Willenserklärung nicht abgegeben hätte, wenn sie gewusst hätte, dass dieses Auto ein Unfallwagen ist"}],"coordinates":[],"confidence":{"state":"pre-added","who":["user:FabianBrese"],"prob":1},"fields":{},"normalizations":{}},{"classId":"e_1","part":"s1v1","offsets":[{"start":5086,"text":"Fraglich ist, ob A arglistig gehandelt hat"}],"coordinates":[],"confidence":{"state":"pre-added","who":["user:FabianBrese"],"prob":1},"fields":{},"normalizations":{}},{"classId":"e_5","part":"s1v1","offsets":[{"start":5130,"text":"Hier ist es ausreichend, wenn A in Kauf genommen hat, dass die Information, die sie K gab falsch sein könnte. A wusste nicht ob das Auto unfallfrei ist und hat einfach behauptet, dass es so sei. Damit hat sie billigend in Kauf genommen, dass sie bei der K einen Irrtum erregt."}],"coordinates":[],"confidence":{"state":"pre-added","who":["user:FabianBrese"],"prob":1},"fields":{},"normalizations":{}},{"classId":"e_7","part":"s1v1","offsets":[{"start":5240,"text":"A wusste nicht ob das Auto unfallfrei ist und hat einfach behauptet, dass es so sei"}],"coordinates":[],"confidence":{"state":"pre-added","who":["user:FabianBrese"],"prob":1},"fields":{},"normalizations":{}},{"classId":"e_6","part":"s1v1","offsets":[{"start":5325,"text":"Damit hat sie billigend in Kauf genommen, dass sie bei der K einen Irrtum erregt"}],"coordinates":[],"confidence":{"state":"pre-added","who":["user:FabianBrese"],"prob":1},"fields":{},"normalizations":{}},{"classId":"e_1","part":"s1v1","offsets":[{"start":5437,"text":"Fraglich ist ob die Anfechtung gem. §123 Abs. 2 ausgeschlossen werden kann"}],"coordinates":[],"confidence":{"state":"pre-added","who":["user:FabianBrese"],"prob":1},"fields":{},"normalizations":{}},{"classId":"e_1","part":"s1v1","offsets":[{"start":5513,"text":"Um die Anfechtung der K ausschließen zu können, müsste ein Dritter K arglistig getäuscht haben"}],"coordinates":[],"confidence":{"state":"pre-added","who":["user:FabianBrese"],"prob":1},"fields":{},"normalizations":{}},{"classId":"e_5","part":"s1v1","offsets":[{"start":5610,"text":"A hat stellvertretend für V gehandelt. Gemäß §164 Abs. 1 wirken die Handlungen der A also für und gegen V. A ist also in diesem Fall kein Dritter, sondern Stellvertreter für V"}],"coordinates":[],"confidence":{"state":"pre-added","who":["user:FabianBrese"],"prob":1},"fields":{},"normalizations":{}},{"classId":"e_7","part":"s1v1","offsets":[{"start":5610,"text":"A hat stellvertretend für V gehandelt"}],"coordinates":[],"confidence":{"state":"pre-added","who":["user:FabianBrese"],"prob":1},"fields":{},"normalizations":{}},{"classId":"e_7","part":"s1v1","offsets":[{"start":5717,"text":"A ist also in diesem Fall kein Dritter"}],"coordinates":[],"confidence":{"state":"pre-added","who":["user:FabianBrese"],"prob":1},"fields":{},"normalizations":{}},{"classId":"e_6","part":"s1v1","offsets":[{"start":5757,"text":"sondern Stellvertreter für V"}],"coordinates":[],"confidence":{"state":"pre-added","who":["user:FabianBrese"],"prob":1},"fields":{},"normalizations":{}},{"classId":"e_2","part":"s1v1","offsets":[{"start":5786,"text":"Folglich ist hier kein Ausschluss gem. §123 Abs. 2 möglich"}],"coordinates":[],"confidence":{"state":"pre-added","who":["user:FabianBrese"],"prob":1},"fields":{},"normalizations":{}},{"classId":"e_2","part":"s1v1","offsets":[{"start":5847,"text":"Eine arglistige Täuschung gem. §123 Abs. 1 liegt hier vor"}],"coordinates":[],"confidence":{"state":"pre-added","who":["user:FabianBrese"],"prob":1},"fields":{},"normalizations":{}},{"classId":"e_1","part":"s1v1","offsets":[{"start":5953,"text":"Fraglich ist ob eine Anfechtungserklärung an den richtigen Anfechtungsgegner erfolgt ist"}],"coordinates":[],"confidence":{"state":"pre-added","who":["user:FabianBrese"],"prob":1},"fields":{},"normalizations":{}},{"classId":"e_5","part":"s1v1","offsets":[{"start":6043,"text":"Hierfür muss dem Vertragspartner gegenüber geäußert werden, dass man doch nicht an dem Kaufvertrag festhalten möchte. Das Wort „Anfechtung“ muss nicht explizit fallen. K sagt V, dass sie aufgrund der Täuschung das Auto zurückgeben wolle."}],"coordinates":[],"confidence":{"state":"pre-added","who":["user:FabianBrese"],"prob":1},"fields":{},"normalizations":{}},{"classId":"e_7","part":"s1v1","offsets":[{"start":6211,"text":"K sagt V, dass sie aufgrund der Täuschung das Auto zurückgeben wolle"}],"coordinates":[],"confidence":{"state":"pre-added","who":["user:FabianBrese"],"prob":1},"fields":{},"normalizations":{}},{"classId":"e_2","part":"s1v1","offsets":[{"start":6282,"text":"Eine Anfechtungserklärung an den Partner des Kaufvertrags liegt vor"}],"coordinates":[],"confidence":{"state":"pre-added","who":["user:FabianBrese"],"prob":1},"fields":{},"normalizations":{}},{"classId":"e_1","part":"s1v1","offsets":[{"start":6372,"text":"Fraglich ist, ob K den Kaufvertrag rechtzeitig angefochten hat"}],"coordinates":[],"confidence":{"state":"pre-added","who":["user:FabianBrese"],"prob":1},"fields":{},"normalizations":{}},{"classId":"e_5","part":"s1v1","offsets":[{"start":6594,"text":"K hat V direkt nach Entdeckung der Täuschung mitgeteilt, dass sie den Kaufvertrag anficht."}],"coordinates":[],"confidence":{"state":"pre-added","who":["user:FabianBrese"],"prob":1},"fields":{},"normalizations":{}},{"classId":"e_7","part":"s1v1","offsets":[{"start":6594,"text":"K hat V direkt nach Entdeckung der Täuschung mitgeteilt, dass sie den Kaufvertrag anficht"}],"coordinates":[],"confidence":{"state":"pre-added","who":["user:FabianBrese"],"prob":1},"fields":{},"normalizations":{}},{"classId":"e_2","part":"s1v1","offsets":[{"start":6686,"text":"Die Anfechtungsfrist wurde eingehalten"}],"coordinates":[],"confidence":{"state":"pre-added","who":["user:FabianBrese"],"prob":1},"fields":{},"normalizations":{}},{"classId":"e_2","part":"s1v1","offsets":[{"start":6727,"text":"Es liegt eine wirksame Anfechtung durch K vor"}],"coordinates":[],"confidence":{"state":"pre-added","who":["user:FabianBrese"],"prob":1},"fields":{},"normalizations":{}},{"classId":"e_2","part":"s1v1","offsets":[{"start":6774,"text":"Der Kaufvertrag ist nichtig gem. §142 Abs. 1"}],"coordinates":[],"confidence":{"state":"pre-added","who":["user:FabianBrese"],"prob":1},"fields":{},"normalizations":{}},{"classId":"e_2","part":"s1v1","offsets":[{"start":6821,"text":"Wegen der Nichtigkeit des Kaufvertrags hat V keinen Anspruch gegen K auf Zahlung des Kaufpreises von 27.000€"}],"coordinates":[],"confidence":{"state":"pre-added","who":["user:FabianBrese"],"prob":1},"fields":{},"normalizations":{}}],"relations":[{"classId":"r_3","type":"linked","directed":false,"entities":["s1v1|e_2|1615,1664","s1v1|e_1|1330,1390"],"confidence":{"state":"pre-added","who":["user:FabianBrese"],"prob":1}},{"classId":"r_3","type":"linked","directed":false,"entities":["s1v1|e_2|2289,2314","s1v1|e_1|2110,2170"],"confidence":{"state":"pre-added","who":["user:FabianBrese"],"prob":1}},{"classId":"r_3","type":"linked","directed":false,"entities":["s1v1|e_2|2711,2741","s1v1|e_1|2371,2412"],"confidence":{"state":"pre-added","who":["user:FabianBrese"],"prob":1}},{"classId":"r_3","type":"linked","directed":false,"entities":["s1v1|e_2|2745,2795","s1v1|e_1|819,879"],"confidence":{"state":"pre-added","who":["user:FabianBrese"],"prob":1}},{"classId":"r_3","type":"linked","directed":false,"entities":["s1v1|e_2|3228,3291","s1v1|e_1|2849,2898"],"confidence":{"state":"pre-added","who":["user:FabianBrese"],"prob":1}},{"classId":"r_3","type":"linked","directed":false,"entities":["s1v1|e_2|3621,3724","s1v1|e_1|158,243"],"confidence":{"state":"pre-added","who":["user:FabianBrese"],"prob":1}},{"classId":"r_3","type":"linked","directed":false,"entities":["s1v1|e_2|4514,4538","s1v1|e_1|4269,4310"],"confidence":{"state":"pre-added","who":["user:FabianBrese"],"prob":1}},{"classId":"r_3","type":"linked","directed":false,"entities":["s1v1|e_2|4924,5064","s1v1|e_1|4597,4682"],"confidence":{"state":"pre-added","who":["user:FabianBrese"],"prob":1}},{"classId":"r_3","type":"linked","directed":false,"entities":["s1v1|e_2|5847,5903","s1v1|e_1|3970,4051"],"confidence":{"state":"pre-added","who":["user:FabianBrese"],"prob":1}},{"classId":"r_3","type":"linked","directed":false,"entities":["s1v1|e_2|6282,6348","s1v1|e_1|5953,6040"],"confidence":{"state":"pre-added","who":["user:FabianBrese"],"prob":1}},{"classId":"r_3","type":"linked","directed":false,"entities":["s1v1|e_2|6727,6771","s1v1|e_1|3742,3791"],"confidence":{"state":"pre-added","who":["user:FabianBrese"],"prob":1}},{"classId":"r_3","type":"linked","directed":false,"entities":["s1v1|e_2|6821,6928","s1v1|e_1|24,131"],"confidence":{"state":"pre-added","who":["user:FabianBrese"],"prob":1}},{"classId":"r_8","type":"linked","directed":false,"entities":["s1v1|e_7|599,636","s1v1|e_6|639,684"],"confidence":{"state":"pre-added","who":["user:FabianBrese"],"prob":1}},{"classId":"r_8","type":"linked","directed":false,"entities":["s1v1|e_7|1101,1243","s1v1|e_6|1246,1277"],"confidence":{"state":"pre-added","who":["user:FabianBrese"],"prob":1}},{"classId":"r_8","type":"linked","directed":false,"entities":["s1v1|e_7|1506,1572","s1v1|e_6|1574,1612"],"confidence":{"state":"pre-added","who":["user:FabianBrese"],"prob":1}},{"classId":"r_8","type":"linked","directed":false,"entities":["s1v1|e_7|1939,2004","s1v1|e_6|2007,2054"],"confidence":{"state":"pre-added","who":["user:FabianBrese"],"prob":1}},{"classId":"r_8","type":"linked","directed":false,"entities":["s1v1|e_7|2173,2233","s1v1|e_6|2236,2286"],"confidence":{"state":"pre-added","who":["user:FabianBrese"],"prob":1}},{"classId":"r_8","type":"linked","directed":false,"entities":["s1v1|e_7|3056,3151","s1v1|e_6|3154,3225"],"confidence":{"state":"pre-added","who":["user:FabianBrese"],"prob":1}},{"classId":"r_8","type":"linked","directed":false,"entities":["s1v1|e_7|3483,3547","s1v1|e_6|3550,3617"],"confidence":{"state":"pre-added","who":["user:FabianBrese"],"prob":1}},{"classId":"r_8","type":"linked","directed":false,"entities":["s1v1|e_7|4411,4471","s1v1|e_6|4474,4511"],"confidence":{"state":"pre-added","who":["user:FabianBrese"],"prob":1}},{"classId":"r_8","type":"linked","directed":false,"entities":["s1v1|e_7|5717,5754","s1v1|e_6|5757,5784"],"confidence":{"state":"pre-added","who":["user:FabianBrese"],"prob":1}}]}