{"annotatable":{"parts":["s1v1"]},"anncomplete":false,"sources":[],"metas":{},"entities":[{"classId":"e_1","part":"s1v1","offsets":[{"start":146,"text":"A hat einen Anspruch auf Übergabe und Übereignung, wenn ein wirksamer Kaufvertrag zwischen A und C besteht"}],"coordinates":[],"confidence":{"state":"pre-added","who":["user:FabianBrese"],"prob":1},"fields":{},"normalizations":{}},{"classId":"e_4","part":"s1v1","offsets":[{"start":254,"text":"Ein Kaufvertrag liegt laut 145 BGB vor, wen es ein Angebot und eine nach 147 BGB korrekte Annahme gab"}],"coordinates":[],"confidence":{"state":"pre-added","who":["user:FabianBrese"],"prob":1},"fields":{},"normalizations":{}},{"classId":"e_1","part":"s1v1","offsets":[{"start":514,"text":"Zu prüfen ist, ob eine gültige Annahme durch B für A des Angebotes 2 geschehen ist"}],"coordinates":[],"confidence":{"state":"pre-added","who":["user:FabianBrese"],"prob":1},"fields":{},"normalizations":{}},{"classId":"e_5","part":"s1v1","offsets":[{"start":680,"text":"Willenserklärung der B liegt vor"}],"coordinates":[],"confidence":{"state":"pre-added","who":["user:FabianBrese"],"prob":1},"fields":{},"normalizations":{}},{"classId":"e_1","part":"s1v1","offsets":[{"start":721,"text":"Diese Willenserklärung muss jedoch innerhalb der zustehenden\n\nVertretungsmacht liegen"}],"coordinates":[],"confidence":{"state":"pre-added","who":["user:FabianBrese"],"prob":1},"fields":{},"normalizations":{}},{"classId":"e_5","part":"s1v1","offsets":[{"start":808,"text":"Dies ist jedoch nicht der Fall, da sie bevollmächtigt\n\nwar den Stahl für die Achterbahn zu kaufen, was Angebot 1 entspricht."}],"coordinates":[],"confidence":{"state":"pre-added","who":["user:FabianBrese"],"prob":1},"fields":{},"normalizations":{}},{"classId":"e_6","part":"s1v1","offsets":[{"start":808,"text":"Dies ist jedoch nicht der Fall"}],"coordinates":[],"confidence":{"state":"pre-added","who":["user:FabianBrese"],"prob":1},"fields":{},"normalizations":{}},{"classId":"e_7","part":"s1v1","offsets":[{"start":840,"text":"da sie bevollmächtigt\n\nwar den Stahl für die Achterbahn zu kaufen, was Angebot 1 entspricht"}],"coordinates":[],"confidence":{"state":"pre-added","who":["user:FabianBrese"],"prob":1},"fields":{},"normalizations":{}},{"classId":"e_1","part":"s1v1","offsets":[{"start":936,"text":"Zu prüfen ist nun, ob es zu einem Vertragsschluss durch B als Vertreter ohne Vertretungsvollmacht nach 177 BGB kam"}],"coordinates":[],"confidence":{"state":"pre-added","who":["user:FabianBrese"],"prob":1},"fields":{},"normalizations":{}},{"classId":"e_5","part":"s1v1","offsets":[{"start":1127,"text":"Dies geschah im Namen der A"}],"coordinates":[],"confidence":{"state":"pre-added","who":["user:FabianBrese"],"prob":1},"fields":{},"normalizations":{}},{"classId":"e_5","part":"s1v1","offsets":[{"start":1161,"text":"A hat diesen Vertrag im Nachhinein genehmigt"}],"coordinates":[],"confidence":{"state":"pre-added","who":["user:FabianBrese"],"prob":1},"fields":{},"normalizations":{}},{"classId":"e_7","part":"s1v1","offsets":[{"start":1161,"text":"A hat diesen Vertrag im Nachhinein genehmig"}],"coordinates":[],"confidence":{"state":"pre-added","who":["user:FabianBrese"],"prob":1},"fields":{},"normalizations":{}},{"classId":"e_1","part":"s1v1","offsets":[{"start":1214,"text":"Zu prüfen ist ob die Genehmigung laut 177 II BGB rechtzeitig erfolgte"}],"coordinates":[],"confidence":{"state":"pre-added","who":["user:FabianBrese"],"prob":1},"fields":{},"normalizations":{}},{"classId":"e_5","part":"s1v1","offsets":[{"start":1292,"text":"Da es keine Aufforderung von C zu Genehmigung des Vertrages durch\n\nA gab, ist die Genehmigung rechtzeitig und somit möglich."}],"coordinates":[],"confidence":{"state":"pre-added","who":["user:FabianBrese"],"prob":1},"fields":{},"normalizations":{}},{"classId":"e_7","part":"s1v1","offsets":[{"start":1292,"text":"Da es keine Aufforderung von C zu Genehmigung des Vertrages durch\n\nA gab"}],"coordinates":[],"confidence":{"state":"pre-added","who":["user:FabianBrese"],"prob":1},"fields":{},"normalizations":{}},{"classId":"e_6","part":"s1v1","offsets":[{"start":1366,"text":"ist die Genehmigung rechtzeitig und somit möglich"}],"coordinates":[],"confidence":{"state":"pre-added","who":["user:FabianBrese"],"prob":1},"fields":{},"normalizations":{}},{"classId":"e_1","part":"s1v1","offsets":[{"start":1423,"text":"Nun muss geprüft werden, ob C den Vertrag nach 178 BGB widerrufen kann"}],"coordinates":[],"confidence":{"state":"pre-added","who":["user:FabianBrese"],"prob":1},"fields":{},"normalizations":{}}],"relations":[]}