{"annotatable":{"parts":["s1v1"]},"anncomplete":true,"sources":[],"metas":{},"entities":[{"classId":"e_1","part":"s1v1","offsets":[{"start":10,"text":"Hat V gegen K einen Anspruch auf Zahlung des Kaufpreises in Höhe von 27.000€ gemäß §433 Absatz 2 BGB"}],"coordinates":[],"confidence":{"state":"pre-added","who":["user:FabianBrese"],"prob":1},"fields":{},"normalizations":{}},{"classId":"e_4","part":"s1v1","offsets":[{"start":250,"text":"Damit dies der Fall ist, müssen zwei aufeinander abgestimmte Willenserklärungen - Angebot und Annahme - vorliegen"}],"coordinates":[],"confidence":{"state":"pre-added","who":["user:FabianBrese"],"prob":1},"fields":{},"normalizations":{}},{"classId":"e_4","part":"s1v1","offsets":[{"start":365,"text":"Darüber hinaus müssen alle essentiala negotii zweifelsfrei bestimmt werden können"}],"coordinates":[],"confidence":{"state":"pre-added","who":["user:FabianBrese"],"prob":1},"fields":{},"normalizations":{}},{"classId":"e_5","part":"s1v1","offsets":[{"start":448,"text":"Diese sind mit den Vertragsparteien V (vertreten durch A) und K, der Kaufsache, dem Gebrauchtwagen, und dem Preis, 27.000€, klar zu erkennen."}],"coordinates":[],"confidence":{"state":"pre-added","who":["user:FabianBrese"],"prob":1},"fields":{},"normalizations":{}},{"classId":"e_4","part":"s1v1","offsets":[{"start":686,"text":"Es besteht aus einer empfangsbedürftigen Willenserklärung"}],"coordinates":[],"confidence":{"state":"pre-added","who":["user:FabianBrese"],"prob":1},"fields":{},"normalizations":{}},{"classId":"e_5","part":"s1v1","offsets":[{"start":1084,"text":"Da es sich bei der Fallstudie weder um ein höchstpersönliches Geschäft, noch um eine Eheschließung oder eine Testamentserrichtung handelt, ist die Stellvertretung grundsätzlich unproblematisch."}],"coordinates":[],"confidence":{"state":"pre-added","who":["user:FabianBrese"],"prob":1},"fields":{},"normalizations":{}},{"classId":"e_6","part":"s1v1","offsets":[{"start":1223,"text":"ist die Stellvertretung grundsätzlich unproblematisch"}],"coordinates":[],"confidence":{"state":"pre-added","who":["user:FabianBrese"],"prob":1},"fields":{},"normalizations":{}},{"classId":"e_1","part":"s1v1","offsets":[{"start":1323,"text":"Um eine rechtmäßige Stellvertretung darzustellen, muss die A nicht als Bote sondern als Stellvertreter gehandelt haben, also selbstständig eine eigene WE abgegeben haben"}],"coordinates":[],"confidence":{"state":"pre-added","who":["user:FabianBrese"],"prob":1},"fields":{},"normalizations":{}},{"classId":"e_2","part":"s1v1","offsets":[{"start":1663,"text":"A hat eine eigenständige Willenserklärung angegeben"}],"coordinates":[],"confidence":{"state":"pre-added","who":["user:FabianBrese"],"prob":1},"fields":{},"normalizations":{}},{"classId":"e_1","part":"s1v1","offsets":[{"start":1738,"text":"Dem Geschäftspartner muss bekannt sein, dass A im Auftrag V‘s handelt"}],"coordinates":[],"confidence":{"state":"pre-added","who":["user:FabianBrese"],"prob":1},"fields":{},"normalizations":{}},{"classId":"e_5","part":"s1v1","offsets":[{"start":1809,"text":"Der Text lässt keine andere Schlussfolgerung zu."}],"coordinates":[],"confidence":{"state":"pre-added","who":["user:FabianBrese"],"prob":1},"fields":{},"normalizations":{}},{"classId":"e_2","part":"s1v1","offsets":[{"start":1858,"text":"Deshalb ist davon auszugehen, dass es K bekannt war, dass A als Mitarbeiterin im Namen der V agiert"}],"coordinates":[],"confidence":{"state":"pre-added","who":["user:FabianBrese"],"prob":1},"fields":{},"normalizations":{}},{"classId":"e_2","part":"s1v1","offsets":[{"start":2137,"text":"A hat der K im Namen der V ein Angebot von 27.000€ gemacht"}],"coordinates":[],"confidence":{"state":"pre-added","who":["user:FabianBrese"],"prob":1},"fields":{},"normalizations":{}},{"classId":"e_1","part":"s1v1","offsets":[{"start":2209,"text":"Damit ein Anspruch auf Zahlung des Kaufpreises entsteht, muss auf das Angebot eine Annahme erfolgen"}],"coordinates":[],"confidence":{"state":"pre-added","who":["user:FabianBrese"],"prob":1},"fields":{},"normalizations":{}},{"classId":"e_4","part":"s1v1","offsets":[{"start":2310,"text":"Eine Annahme bedarf nach §147 BGB einer auf ein Angebot bezogene empfangsbedürftige Willenserklärung"}],"coordinates":[],"confidence":{"state":"pre-added","who":["user:FabianBrese"],"prob":1},"fields":{},"normalizations":{}},{"classId":"e_7","part":"s1v1","offsets":[{"start":2504,"text":"Im Sachverhalt hat K das Angebot am späten Abend des 24.02. zur Kenntnis genommen und es angenommen"}],"coordinates":[],"confidence":{"state":"pre-added","who":["user:FabianBrese"],"prob":1},"fields":{},"normalizations":{}},{"classId":"e_4","part":"s1v1","offsets":[{"start":2605,"text":"Eine Frist endet gemäß §188 Absatz 1 BGB mit dem Ablauf des letzten Tages der angegebenen Frist"}],"coordinates":[],"confidence":{"state":"pre-added","who":["user:FabianBrese"],"prob":1},"fields":{},"normalizations":{}},{"classId":"e_5","part":"s1v1","offsets":[{"start":2702,"text":"In diesem Falle muss zusätzlich zur Frist beachtet werden, dass nach §130 Absatz 1 Satz 1 BGB eine Willenserklärung, die in Abwesenheit einer der Vertragsparteien (hier: per E-Mail) abgegeben wird, ab dem Moment wirksam wird, in dem sie zugeht. Jedoch muss beachtet werden, dass von der A nicht erwartet werden kann, dass sie am Abend vor Ende der gegeben Frist bis 23:55 Uhr für geschäftliche E-Mails erreichbar ist. Deshalb gilt gemäß §150 Absatz 1 die verspätete Annahme K‘s nicht als rechtmäßige Annahme, sondern als neues Angebot."}],"coordinates":[],"confidence":{"state":"pre-added","who":["user:FabianBrese"],"prob":1},"fields":{},"normalizations":{}},{"classId":"e_6","part":"s1v1","offsets":[{"start":3120,"text":"Deshalb gilt gemäß §150 Absatz 1 die verspätete Annahme K‘s nicht als rechtmäßige Annahme, sondern als neues Angebot"}],"coordinates":[],"confidence":{"state":"pre-added","who":["user:FabianBrese"],"prob":1},"fields":{},"normalizations":{}},{"classId":"e_2","part":"s1v1","offsets":[{"start":3255,"text":"Die Annahme K‘s gilt als neues Angebot"}],"coordinates":[],"confidence":{"state":"pre-added","who":["user:FabianBrese"],"prob":1},"fields":{},"normalizations":{}},{"classId":"e_5","part":"s1v1","offsets":[{"start":3295,"text":"Da A am nächsten Morgen antwortete, dass K das Auto am Nachmittag abholen könne, hat sie eine Willenserklärung abgegeben und demnach das neue Angebot angenommen."}],"coordinates":[],"confidence":{"state":"pre-added","who":["user:FabianBrese"],"prob":1},"fields":{},"normalizations":{}},{"classId":"e_7","part":"s1v1","offsets":[{"start":3295,"text":"Da A am nächsten Morgen antwortete, dass K das Auto am Nachmittag abholen könne"}],"coordinates":[],"confidence":{"state":"pre-added","who":["user:FabianBrese"],"prob":1},"fields":{},"normalizations":{}},{"classId":"e_6","part":"s1v1","offsets":[{"start":3376,"text":"hat sie eine Willenserklärung abgegeben und demnach das neue Angebot angenommen"}],"coordinates":[],"confidence":{"state":"pre-added","who":["user:FabianBrese"],"prob":1},"fields":{},"normalizations":{}},{"classId":"e_4","part":"s1v1","offsets":[{"start":3760,"text":"Man unterscheidet zwischen Inhalts-, Erklärungs-, Eigenschafts- und Übermittlungsirrtümern, sofern es sich nicht um eine arglistige Täuschung oder eine Drohung handelt"}],"coordinates":[],"confidence":{"state":"pre-added","who":["user:FabianBrese"],"prob":1},"fields":{},"normalizations":{}},{"classId":"e_1","part":"s1v1","offsets":[{"start":3929,"text":"In diesem Falle könnte die K darauf plädieren, dass A sie gemäß §123 Absatz 2 Satz 1 Alternative 2 getäuscht habe"}],"coordinates":[],"confidence":{"state":"pre-added","who":["user:FabianBrese"],"prob":1},"fields":{},"normalizations":{}},{"classId":"e_4","part":"s1v1","offsets":[{"start":4187,"text":"Eine Anfechtung bedarf nach §143 Absatz 1 BGB einer empfangsbedürftigen Willenserklärung des Anfechtungsberechtigten gegenüber dem Anfechtungsgegner"}],"coordinates":[],"confidence":{"state":"pre-added","who":["user:FabianBrese"],"prob":1},"fields":{},"normalizations":{}},{"classId":"e_7","part":"s1v1","offsets":[{"start":4337,"text":"Diese hat K der V sofort mitgeteilt, als sie von der Täuschung erfahren hat"}],"coordinates":[],"confidence":{"state":"pre-added","who":["user:FabianBrese"],"prob":1},"fields":{},"normalizations":{}},{"classId":"e_5","part":"s1v1","offsets":[{"start":4337,"text":"Diese hat K der V sofort mitgeteilt, als sie von der Täuschung erfahren hat."}],"coordinates":[],"confidence":{"state":"pre-added","who":["user:FabianBrese"],"prob":1},"fields":{},"normalizations":{}},{"classId":"e_7","part":"s1v1","offsets":[{"start":4529,"text":"Dies ist hier erfolgt, da K der V sofort von dem beabsichtigten Rücktritt des Kaufvertrages berichtet hat"}],"coordinates":[],"confidence":{"state":"pre-added","who":["user:FabianBrese"],"prob":1},"fields":{},"normalizations":{}},{"classId":"e_5","part":"s1v1","offsets":[{"start":4529,"text":"Dies ist hier erfolgt, da K der V sofort von dem beabsichtigten Rücktritt des Kaufvertrages berichtet hat."}],"coordinates":[],"confidence":{"state":"pre-added","who":["user:FabianBrese"],"prob":1},"fields":{},"normalizations":{}},{"classId":"e_2","part":"s1v1","offsets":[{"start":4666,"text":"Es liegt eine wirksame Anfechtung des Kaufvertrags der K gegenüber V vor, da alle Prüfungspunkte zutreffen"}],"coordinates":[],"confidence":{"state":"pre-added","who":["user:FabianBrese"],"prob":1},"fields":{},"normalizations":{}},{"classId":"e_2","part":"s1v1","offsets":[{"start":4786,"text":"V hat gegen K keinen Anspruch auf Zahlung von 27.000€, da K den Kaufvertrag rechtmäßig angefochten hat"}],"coordinates":[],"confidence":{"state":"pre-added","who":["user:FabianBrese"],"prob":1},"fields":{},"normalizations":{}}],"relations":[{"classId":"r_3","type":"linked","directed":false,"entities":["s1v1|e_2|1663,1713","s1v1|e_1|1323,1491"],"confidence":{"state":"pre-added","who":["user:FabianBrese"],"prob":1}},{"classId":"r_3","type":"linked","directed":false,"entities":["s1v1|e_2|1858,1956","s1v1|e_1|1738,1806"],"confidence":{"state":"pre-added","who":["user:FabianBrese"],"prob":1}},{"classId":"r_3","type":"linked","directed":false,"entities":["s1v1|e_2|4786,4887","s1v1|e_1|10,109"],"confidence":{"state":"pre-added","who":["user:FabianBrese"],"prob":1}},{"classId":"r_8","type":"linked","directed":false,"entities":["s1v1|e_7|3295,3373","s1v1|e_6|3376,3454"],"confidence":{"state":"pre-added","who":["user:FabianBrese"],"prob":1}}]}