{"annotatable":{"parts":["s1v1"]},"anncomplete":true,"sources":[],"metas":{},"entities":[{"classId":"e_1","part":"s1v1","offsets":[{"start":0,"text":"K könnte gegen V einen Anspruch auf Übergabe und Übereignung der Maschine aus §433 Abs. 1 Satz 1 BGB haben"}],"coordinates":[],"confidence":{"state":"pre-added","who":["user:Frederike"],"prob":1},"fields":{},"normalizations":{}},{"classId":"e_1","part":"s1v1","offsets":[{"start":129,"text":"Es müsste ein wirksamer Kaufvertrag zustande gekommen sein"}],"coordinates":[],"confidence":{"state":"pre-added","who":["user:Frederike"],"prob":1},"fields":{},"normalizations":{}},{"classId":"e_4","part":"s1v1","offsets":[{"start":189,"text":"Ein Kaufvertrag kommt nach §§ 145 ff. durch übereinstimmende und aufeinander bezogene Willenserklärungen zustande, dem Angebot und Annahme"}],"coordinates":[],"confidence":{"state":"pre-added","who":["user:Frederike"],"prob":1},"fields":{},"normalizations":{}},{"classId":"e_5","part":"s1v1","offsets":[{"start":342,"text":"Das Angebot zum Kauf der Maschine wurde nicht von V gegenüber K abgegeben."}],"coordinates":[],"confidence":{"state":"pre-added","who":["user:Frederike"],"prob":1},"fields":{},"normalizations":{}},{"classId":"e_7","part":"s1v1","offsets":[{"start":342,"text":"Das Angebot zum Kauf der Maschine wurde nicht von V gegenüber K abgegeben"}],"coordinates":[],"confidence":{"state":"pre-added","who":["user:Frederike"],"prob":1},"fields":{},"normalizations":{}},{"classId":"e_1","part":"s1v1","offsets":[{"start":416,"text":"Aber das Angebot der A die Maschine zu verkaufen, könnte gemäß §164 Abs. 1 BGB unmittelbar für und gegen V wirken"}],"coordinates":[],"confidence":{"state":"pre-added","who":["user:Frederike"],"prob":1},"fields":{},"normalizations":{}},{"classId":"e_1","part":"s1v1","offsets":[{"start":531,"text":"Dafür müsste von A eine Stellvertretung zulässig sein und A eine eigene Willenserklärung in Namen von V mit Vertretungsmacht abgeben"}],"coordinates":[],"confidence":{"state":"pre-added","who":["user:Frederike"],"prob":1},"fields":{},"normalizations":{}},{"classId":"e_2","part":"s1v1","offsets":[{"start":704,"text":"Die Stellvertretung ist gemäß §§164 ff. BGB zulässig"}],"coordinates":[],"confidence":{"state":"pre-added","who":["user:Frederike"],"prob":1},"fields":{},"normalizations":{}},{"classId":"e_5","part":"s1v1","offsets":[{"start":808,"text":"A hat eigenverantwortlich den Verkauf der Maschine abgewickelt."}],"coordinates":[],"confidence":{"state":"pre-added","who":["user:Frederike"],"prob":1},"fields":{},"normalizations":{}},{"classId":"e_7","part":"s1v1","offsets":[{"start":808,"text":"A hat eigenverantwortlich den Verkauf der Maschine abgewickelt"}],"coordinates":[],"confidence":{"state":"pre-added","who":["user:Frederike"],"prob":1},"fields":{},"normalizations":{}},{"classId":"e_2","part":"s1v1","offsets":[{"start":872,"text":"Somit gab A ein eigenes Angebot aus Sicht der K ab"}],"coordinates":[],"confidence":{"state":"pre-added","who":["user:Frederike"],"prob":1},"fields":{},"normalizations":{}},{"classId":"e_5","part":"s1v1","offsets":[{"start":1115,"text":"K war ersichtlich das A das Angebot im Namen von V abgibt."}],"coordinates":[],"confidence":{"state":"pre-added","who":["user:Frederike"],"prob":1},"fields":{},"normalizations":{}},{"classId":"e_6","part":"s1v1","offsets":[{"start":1115,"text":"K war ersichtlich das A das Angebot im Namen von V abgibt"}],"coordinates":[],"confidence":{"state":"pre-added","who":["user:Frederike"],"prob":1},"fields":{},"normalizations":{}},{"classId":"e_1","part":"s1v1","offsets":[{"start":1197,"text":"A müsste mit Vertretungsmacht gehandelt haben"}],"coordinates":[],"confidence":{"state":"pre-added","who":["user:Frederike"],"prob":1},"fields":{},"normalizations":{}},{"classId":"e_5","part":"s1v1","offsets":[{"start":1244,"text":"Durch §166 Abs. 2 BGB hatte A eine rechtsgeschäftliche Vollmacht mit einer Innenvollmacht §167 Abs. 1 War. 1 BGB. A hatte von V den Auftrag die Maschine eigenverantwortlich zu verhandeln und abzuwickeln."}],"coordinates":[],"confidence":{"state":"pre-added","who":["user:Frederike"],"prob":1},"fields":{},"normalizations":{}},{"classId":"e_6","part":"s1v1","offsets":[{"start":1244,"text":"Durch §166 Abs. 2 BGB hatte A eine rechtsgeschäftliche Vollmacht mit einer Innenvollmacht §167 Abs. 1 War. 1 BGB"}],"coordinates":[],"confidence":{"state":"pre-added","who":["user:Frederike"],"prob":1},"fields":{},"normalizations":{}},{"classId":"e_7","part":"s1v1","offsets":[{"start":1358,"text":"A hatte von V den Auftrag die Maschine eigenverantwortlich zu verhandeln und abzuwickeln"}],"coordinates":[],"confidence":{"state":"pre-added","who":["user:Frederike"],"prob":1},"fields":{},"normalizations":{}},{"classId":"e_2","part":"s1v1","offsets":[{"start":1470,"text":"A hat K ein Angebot zum Kauf der Maschine gemacht, welches gemäß §164 Abs. 1 BGB Wirkung gegen V hat"}],"coordinates":[],"confidence":{"state":"pre-added","who":["user:Frederike"],"prob":1},"fields":{},"normalizations":{}},{"classId":"e_1","part":"s1v1","offsets":[{"start":1582,"text":"K müsste das Angebot der A für V angenommen haben"}],"coordinates":[],"confidence":{"state":"pre-added","who":["user:Frederike"],"prob":1},"fields":{},"normalizations":{}},{"classId":"e_5","part":"s1v1","offsets":[{"start":1891,"text":"Nach §164 Abs. 3 BGB kommt er bei Stellvertreterin A an. In diesem Fall zählt der Spamordner auch als Verfügungsbereich der A. Dieser sollte den Ordner täglich für geschäftliches Interesse kontrollieren, vor allem wenn es kurz vor einem Kaufvertrag stehend ist."}],"coordinates":[],"confidence":{"state":"pre-added","who":["user:Frederike"],"prob":1},"fields":{},"normalizations":{}},{"classId":"e_6","part":"s1v1","offsets":[{"start":1948,"text":"In diesem Fall zählt der Spamordner auch als Verfügungsbereich der A"}],"coordinates":[],"confidence":{"state":"pre-added","who":["user:Frederike"],"prob":1},"fields":{},"normalizations":{}},{"classId":"e_7","part":"s1v1","offsets":[{"start":2018,"text":"Dieser sollte den Ordner täglich für geschäftliches Interesse kontrollieren, vor allem wenn es kurz vor einem Kaufvertrag stehend ist"}],"coordinates":[],"confidence":{"state":"pre-added","who":["user:Frederike"],"prob":1},"fields":{},"normalizations":{}},{"classId":"e_2","part":"s1v1","offsets":[{"start":2153,"text":"Somit ist nach §164 Abs. 3 BGB die e-Mail der K bei A angekommen"}],"coordinates":[],"confidence":{"state":"pre-added","who":["user:Frederike"],"prob":1},"fields":{},"normalizations":{}},{"classId":"e_2","part":"s1v1","offsets":[{"start":2240,"text":"Zwischen V und K ist ein Kaufvertrag zustande gekommen"}],"coordinates":[],"confidence":{"state":"pre-added","who":["user:Frederike"],"prob":1},"fields":{},"normalizations":{}},{"classId":"e_1","part":"s1v1","offsets":[{"start":2314,"text":"Durch die Anfechtung von V könnte der Kaufvertrag gemäß §142 Abs. 1 BGB von Anfang an unwirksam sein"}],"coordinates":[],"confidence":{"state":"pre-added","who":["user:Frederike"],"prob":1},"fields":{},"normalizations":{}},{"classId":"e_5","part":"s1v1","offsets":[{"start":2687,"text":"Als Anfechtungsgrund nennt V, dass A sich beim Wert der Maschine geirrt habe und der Kaufvertrag mit so einem Irrtum nicht zustande kommen kann. Hier wird von V genannt das der Wert der Maschine unterschätzt worden wäre. Dies war aber vor dem 10.03. nicht der Fall, denn am 11.03. wurde Corona zu einer Pandemie erklärt, wodurch sich der Wert der Maschine erhöhte."}],"coordinates":[],"confidence":{"state":"pre-added","who":["user:Frederike"],"prob":1},"fields":{},"normalizations":{}},{"classId":"e_7","part":"s1v1","offsets":[{"start":2687,"text":"Als Anfechtungsgrund nennt V, dass A sich beim Wert der Maschine geirrt habe und der Kaufvertrag mit so einem Irrtum nicht zustande kommen kann"}],"coordinates":[],"confidence":{"state":"pre-added","who":["user:Frederike"],"prob":1},"fields":{},"normalizations":{}},{"classId":"e_6","part":"s1v1","offsets":[{"start":2908,"text":"Dies war aber vor dem 10.03. nicht der Fall"}],"coordinates":[],"confidence":{"state":"pre-added","who":["user:Frederike"],"prob":1},"fields":{},"normalizations":{}},{"classId":"e_7","part":"s1v1","offsets":[{"start":2953,"text":"denn am 11.03. wurde Corona zu einer Pandemie erklärt, wodurch sich der Wert der Maschine erhöhte"}],"coordinates":[],"confidence":{"state":"pre-added","who":["user:Frederike"],"prob":1},"fields":{},"normalizations":{}},{"classId":"e_5","part":"s1v1","offsets":[{"start":3146,"text":"Beim Marktpreis handelt es sich nicht um eine verkehrswesentliche Eigenschaft der Maschine."}],"coordinates":[],"confidence":{"state":"pre-added","who":["user:Frederike"],"prob":1},"fields":{},"normalizations":{}},{"classId":"e_7","part":"s1v1","offsets":[{"start":3146,"text":"Beim Marktpreis handelt es sich nicht um eine verkehrswesentliche Eigenschaft der Maschine"}],"coordinates":[],"confidence":{"state":"pre-added","who":["user:Frederike"],"prob":1},"fields":{},"normalizations":{}},{"classId":"e_2","part":"s1v1","offsets":[{"start":3260,"text":"Somit ist die Anfechtung der V gegenüber K nicht wirksam"}],"coordinates":[],"confidence":{"state":"pre-added","who":["user:Frederike"],"prob":1},"fields":{},"normalizations":{}},{"classId":"e_2","part":"s1v1","offsets":[{"start":3335,"text":"K hat gegenüber V einen Anspruch auf Übergabe und Übereignung der Maschine gemäß §433 Abs. 1 Satz 1 BGB. II"}],"coordinates":[],"confidence":{"state":"pre-added","who":["user:Frederike"],"prob":1},"fields":{},"normalizations":{}}],"relations":[{"classId":"r_3","type":"linked","directed":false,"entities":["s1v1|e_1|416,528","s1v1|e_2|1470,1569"],"confidence":{"state":"pre-added","who":["user:Frederike"],"prob":1}},{"classId":"r_3","type":"linked","directed":false,"entities":["s1v1|e_2|2240,2293","s1v1|e_1|129,186"],"confidence":{"state":"pre-added","who":["user:Frederike"],"prob":1}},{"classId":"r_3","type":"linked","directed":false,"entities":["s1v1|e_2|3335,3441","s1v1|e_1|0,105"],"confidence":{"state":"pre-added","who":["user:Frederike"],"prob":1}},{"classId":"r_8","type":"linked","directed":false,"entities":["s1v1|e_6|1244,1355","s1v1|e_7|1358,1445"],"confidence":{"state":"pre-added","who":["user:Frederike"],"prob":1}},{"classId":"r_8","type":"linked","directed":false,"entities":["s1v1|e_6|1948,2015","s1v1|e_7|2018,2150"],"confidence":{"state":"pre-added","who":["user:Frederike"],"prob":1}},{"classId":"r_8","type":"linked","directed":false,"entities":["s1v1|e_6|2908,2950","s1v1|e_7|2953,3049"],"confidence":{"state":"pre-added","who":["user:Frederike"],"prob":1}}]}