{"annotatable":{"parts":["s1v1"]},"anncomplete":false,"sources":[],"metas":{},"entities":[{"classId":"e_1","part":"s1v1","offsets":[{"start":8,"text":"Zunächst müsste ein Anspruch des K auf Übergabe und Übereignung der Maschine von V nach §433 1 Satz.1 BGB entstanden sein"}],"coordinates":[],"confidence":{"state":"pre-added","who":["user:FlorianWeber1993"],"prob":1},"fields":{},"normalizations":{}},{"classId":"e_1","part":"s1v1","offsets":[{"start":153,"text":"Hierzu müssten K und V einen wirksamen Kaufvertrag geschlossen haben"}],"coordinates":[],"confidence":{"state":"pre-added","who":["user:FlorianWeber1993"],"prob":1},"fields":{},"normalizations":{}},{"classId":"e_4","part":"s1v1","offsets":[{"start":223,"text":"Dieser entsteht durch 2 Übereinstimmende Willenserklärungen dem Angebot und der Annahme"}],"coordinates":[],"confidence":{"state":"pre-added","who":["user:FlorianWeber1993"],"prob":1},"fields":{},"normalizations":{}},{"classId":"e_1","part":"s1v1","offsets":[{"start":331,"text":"Fraglich ist, ob V ein Angebot gemäß §145ff BGB gegenüber K abgegeben hat"}],"coordinates":[],"confidence":{"state":"pre-added","who":["user:FlorianWeber1993"],"prob":1},"fields":{},"normalizations":{}},{"classId":"e_4","part":"s1v1","offsets":[{"start":406,"text":"Ein Angebot ist eine empfangsbedürftige Willenserklärung, welche die wesentlichen Eigenschaften enthält und mit einem einfachen ja angenommen werden kann"}],"coordinates":[],"confidence":{"state":"pre-added","who":["user:FlorianWeber1993"],"prob":1},"fields":{},"normalizations":{}},{"classId":"e_7","part":"s1v1","offsets":[{"start":562,"text":"V hat laut SV kein Angebot an K gemacht"}],"coordinates":[],"confidence":{"state":"pre-added","who":["user:FlorianWeber1993"],"prob":1},"fields":{},"normalizations":{}},{"classId":"e_1","part":"s1v1","offsets":[{"start":604,"text":"Aber A könnte stellvertretend für V nach §164 1 Satz.1 BGB gehandelt haben."}],"coordinates":[],"confidence":{"state":"pre-added","who":["user:FlorianWeber1993"],"prob":1},"fields":{},"normalizations":{}},{"classId":"e_7","part":"s1v1","offsets":[{"start":871,"text":"Laut SV überließ V der A den Verkauf der Maschine eigenverantwortlich zu verhandeln und abzuwickeln"}],"coordinates":[],"confidence":{"state":"pre-added","who":["user:FlorianWeber1993"],"prob":1},"fields":{},"normalizations":{}},{"classId":"e_1","part":"s1v1","offsets":[{"start":1017,"text":"A müsste hierbei eine eigene Willenserklärung abgegeben haben"}],"coordinates":[],"confidence":{"state":"pre-added","who":["user:FlorianWeber1993"],"prob":1},"fields":{},"normalizations":{}},{"classId":"e_7","part":"s1v1","offsets":[{"start":1114,"text":"Sie schickte laut SV ein befristetes Angebot über den Kauf der Maschine zum Preis von 1.000.000 €"}],"coordinates":[],"confidence":{"state":"pre-added","who":["user:FlorianWeber1993"],"prob":1},"fields":{},"normalizations":{}},{"classId":"e_2","part":"s1v1","offsets":[{"start":1213,"text":"Abgabe einer eigenen Willenserklärung der A liegt vor"}],"coordinates":[],"confidence":{"state":"pre-added","who":["user:FlorianWeber1993"],"prob":1},"fields":{},"normalizations":{}},{"classId":"e_4","part":"s1v1","offsets":[{"start":1326,"text":"Hierbei kommt es nur zu einem Vertragsschluss, wenn der Vertreter ausdrücklich oder konkludent offenlegt das er als Vertreter handelt vgl. §164 1, 2 BGB"}],"coordinates":[],"confidence":{"state":"pre-added","who":["user:FlorianWeber1993"],"prob":1},"fields":{},"normalizations":{}},{"classId":"e_2","part":"s1v1","offsets":[{"start":1480,"text":"Dies ist laut SV unstrittig"}],"coordinates":[],"confidence":{"state":"pre-added","who":["user:FlorianWeber1993"],"prob":1},"fields":{},"normalizations":{}},{"classId":"e_4","part":"s1v1","offsets":[{"start":1533,"text":"A muss mit oder innerhalb der ihr zustehenden Vertretungsmacht gehandelt haben"}],"coordinates":[],"confidence":{"state":"pre-added","who":["user:FlorianWeber1993"],"prob":1},"fields":{},"normalizations":{}},{"classId":"e_7","part":"s1v1","offsets":[{"start":1613,"text":"V weist A an den Verkauf abzuwickeln"}],"coordinates":[],"confidence":{"state":"pre-added","who":["user:FlorianWeber1993"],"prob":1},"fields":{},"normalizations":{}},{"classId":"e_2","part":"s1v1","offsets":[{"start":1651,"text":"Bei der Abgabe eines Angebotes handelt A innerhalb der Vollmacht"}],"coordinates":[],"confidence":{"state":"pre-added","who":["user:FlorianWeber1993"],"prob":1},"fields":{},"normalizations":{}},{"classId":"e_5","part":"s1v1","offsets":[{"start":1749,"text":"Das Angebot der A wirkt unmittelbar für und gegen den Vertretenen nach §164 1. Satz.1 BGB. Also hat A bei der Abgabe des Angebotes, V wirksam vertreten"}],"coordinates":[],"confidence":{"state":"pre-added","who":["user:FlorianWeber1993"],"prob":1},"fields":{},"normalizations":{}},{"classId":"e_7","part":"s1v1","offsets":[{"start":1749,"text":"Das Angebot der A wirkt unmittelbar für und gegen den Vertretenen nach §164 1. Satz.1 BGB"}],"coordinates":[],"confidence":{"state":"pre-added","who":["user:FlorianWeber1993"],"prob":1},"fields":{},"normalizations":{}},{"classId":"e_6","part":"s1v1","offsets":[{"start":1840,"text":"Also hat A bei der Abgabe des Angebotes, V wirksam vertreten"}],"coordinates":[],"confidence":{"state":"pre-added","who":["user:FlorianWeber1993"],"prob":1},"fields":{},"normalizations":{}},{"classId":"e_2","part":"s1v1","offsets":[{"start":1903,"text":"Wirksamkeit des Angebots Abgabe und Zugangs des Angebotes wird im SV eindeutig bestätigt"}],"coordinates":[],"confidence":{"state":"pre-added","who":["user:FlorianWeber1993"],"prob":1},"fields":{},"normalizations":{}},{"classId":"e_1","part":"s1v1","offsets":[{"start":2012,"text":"Fraglich ist, ob K das Angebot angenommen hat"}],"coordinates":[],"confidence":{"state":"pre-added","who":["user:FlorianWeber1993"],"prob":1},"fields":{},"normalizations":{}},{"classId":"e_4","part":"s1v1","offsets":[{"start":2059,"text":"Die Annahme ist eine empfangsbedürftige Willenserklärung, mit der jemand einem ihm unterbreiteten, Angebot vorbehaltslos zustimmt"}],"coordinates":[],"confidence":{"state":"pre-added","who":["user:FlorianWeber1993"],"prob":1},"fields":{},"normalizations":{}},{"classId":"e_7","part":"s1v1","offsets":[{"start":2191,"text":"K schickt eine Annahmeerklärung per E-Mail an A"}],"coordinates":[],"confidence":{"state":"pre-added","who":["user:FlorianWeber1993"],"prob":1},"fields":{},"normalizations":{}},{"classId":"e_2","part":"s1v1","offsets":[{"start":2240,"text":"K nimmt somit an"}],"coordinates":[],"confidence":{"state":"pre-added","who":["user:FlorianWeber1993"],"prob":1},"fields":{},"normalizations":{}},{"classId":"e_1","part":"s1v1","offsets":[{"start":2288,"text":"Die Annahme müsste wirksam geworden sein"}],"coordinates":[],"confidence":{"state":"pre-added","who":["user:FlorianWeber1993"],"prob":1},"fields":{},"normalizations":{}},{"classId":"e_1","part":"s1v1","offsets":[{"start":2465,"text":"Zunächst müsste K, die Annahme abgegeben haben"}],"coordinates":[],"confidence":{"state":"pre-added","who":["user:FlorianWeber1993"],"prob":1},"fields":{},"normalizations":{}},{"classId":"e_5","part":"s1v1","offsets":[{"start":2513,"text":"K Schrieb eine Annahmeerklärung per E-Mail an die angegebene Adresse. Demnach hat K eine Willenserklärung an A geäußert"}],"coordinates":[],"confidence":{"state":"pre-added","who":["user:FlorianWeber1993"],"prob":1},"fields":{},"normalizations":{}},{"classId":"e_7","part":"s1v1","offsets":[{"start":2513,"text":"K Schrieb eine Annahmeerklärung per E-Mail an die angegebene Adresse"}],"coordinates":[],"confidence":{"state":"pre-added","who":["user:FlorianWeber1993"],"prob":1},"fields":{},"normalizations":{}},{"classId":"e_6","part":"s1v1","offsets":[{"start":2583,"text":"Demnach hat K eine Willenserklärung an A geäußert"}],"coordinates":[],"confidence":{"state":"pre-added","who":["user:FlorianWeber1993"],"prob":1},"fields":{},"normalizations":{}},{"classId":"e_2","part":"s1v1","offsets":[{"start":2635,"text":"Eine Abgabe liegt damit vor"}],"coordinates":[],"confidence":{"state":"pre-added","who":["user:FlorianWeber1993"],"prob":1},"fields":{},"normalizations":{}},{"classId":"e_4","part":"s1v1","offsets":[{"start":2730,"text":"Der Zugang ist dann gegeben, wenn die Annahme in den Persönlichen Machtbereich fällt"}],"coordinates":[],"confidence":{"state":"pre-added","who":["user:FlorianWeber1993"],"prob":1},"fields":{},"normalizations":{}},{"classId":"e_4","part":"s1v1","offsets":[{"start":2816,"text":"Bei E-Mail-Verkehr spricht man von Zugang unter Abwesenden nach §147 2 BGB"}],"coordinates":[],"confidence":{"state":"pre-added","who":["user:FlorianWeber1993"],"prob":1},"fields":{},"normalizations":{}},{"classId":"e_4","part":"s1v1","offsets":[{"start":2964,"text":"Dies ist bei E-Mail meist noch am selben Tag"}],"coordinates":[],"confidence":{"state":"pre-added","who":["user:FlorianWeber1993"],"prob":1},"fields":{},"normalizations":{}},{"classId":"e_5","part":"s1v1","offsets":[{"start":3010,"text":"Hier ist die E-Mail in den Spam Ordner der A gekommen, womit man mit einem unzureichenden Zugang ausgehen kann. Aber laut allgemeiner Rechtsprechung gilt eine E-Mail als zugegangen, wenn sie in den Machtbereich des Empfängers fällt und somit auf dem mail-Account der A eingeht. Auch die Frist wurde laut SV gewahrt"}],"coordinates":[],"confidence":{"state":"pre-added","who":["user:FlorianWeber1993"],"prob":1},"fields":{},"normalizations":{}},{"classId":"e_7","part":"s1v1","offsets":[{"start":3010,"text":"Hier ist die E-Mail in den Spam Ordner der A gekommen, womit man mit einem unzureichenden Zugang ausgehen kann"}],"coordinates":[],"confidence":{"state":"pre-added","who":["user:FlorianWeber1993"],"prob":1},"fields":{},"normalizations":{}},{"classId":"e_7","part":"s1v1","offsets":[{"start":3122,"text":"Aber laut allgemeiner Rechtsprechung gilt eine E-Mail als zugegangen, wenn sie in den Machtbereich des Empfängers fällt und somit auf dem mail-Account der A eingeht"}],"coordinates":[],"confidence":{"state":"pre-added","who":["user:FlorianWeber1993"],"prob":1},"fields":{},"normalizations":{}},{"classId":"e_6","part":"s1v1","offsets":[{"start":3288,"text":"Auch die Frist wurde laut SV gewahrt"}],"coordinates":[],"confidence":{"state":"pre-added","who":["user:FlorianWeber1993"],"prob":1},"fields":{},"normalizations":{}},{"classId":"e_2","part":"s1v1","offsets":[{"start":3327,"text":"Somit liegt ein wirksamer Zugang vor"}],"coordinates":[],"confidence":{"state":"pre-added","who":["user:FlorianWeber1993"],"prob":1},"fields":{},"normalizations":{}},{"classId":"e_2","part":"s1v1","offsets":[{"start":3430,"text":"Der Anspruch des K ist entstanden"}],"coordinates":[],"confidence":{"state":"pre-added","who":["user:FlorianWeber1993"],"prob":1},"fields":{},"normalizations":{}},{"classId":"e_1","part":"s1v1","offsets":[{"start":3533,"text":"Hierzu benötigt es eine Anfechtungserklärung mit einem triftigen Grund, welcher in der rechtmäßigen Frist zugegangen ist"}],"coordinates":[],"confidence":{"state":"pre-added","who":["user:FlorianWeber1993"],"prob":1},"fields":{},"normalizations":{}},{"classId":"e_4","part":"s1v1","offsets":[{"start":3680,"text":"Hierbei muss eine Erklärung gegenüber des Anfechtungsgegners nach § 143BGB vorliegen"}],"coordinates":[],"confidence":{"state":"pre-added","who":["user:FlorianWeber1993"],"prob":1},"fields":{},"normalizations":{}},{"classId":"e_5","part":"s1v1","offsets":[{"start":3766,"text":"V sagt K das A sich geirrt hat. Konkludent ist davon auszugehen das eine Erklärung abgegeben wurde"}],"coordinates":[],"confidence":{"state":"pre-added","who":["user:FlorianWeber1993"],"prob":1},"fields":{},"normalizations":{}},{"classId":"e_7","part":"s1v1","offsets":[{"start":3766,"text":"V sagt K das A sich geirrt hat"}],"coordinates":[],"confidence":{"state":"pre-added","who":["user:FlorianWeber1993"],"prob":1},"fields":{},"normalizations":{}},{"classId":"e_6","part":"s1v1","offsets":[{"start":3798,"text":"Konkludent ist davon auszugehen das eine Erklärung abgegeben wurde"}],"coordinates":[],"confidence":{"state":"pre-added","who":["user:FlorianWeber1993"],"prob":1},"fields":{},"normalizations":{}},{"classId":"e_4","part":"s1v1","offsets":[{"start":3887,"text":"Hier müsste ein Inhalts-, Erklärungs-, oder Eigenschaftenirrtum nach § 119BGB Vorliegen"}],"coordinates":[],"confidence":{"state":"pre-added","who":["user:FlorianWeber1993"],"prob":1},"fields":{},"normalizations":{}},{"classId":"e_4","part":"s1v1","offsets":[{"start":3976,"text":"Bei einem Eigenschaftenirrtum ist der Angebotsersteller im Irrtum über eine Eigenschaft der Sache wie z.B. der Preis"}],"coordinates":[],"confidence":{"state":"pre-added","who":["user:FlorianWeber1993"],"prob":1},"fields":{},"normalizations":{}},{"classId":"e_5","part":"s1v1","offsets":[{"start":4094,"text":"Der Preis lag beim Zeitpunkt der Abgabe des Angebots ca. bei 1.000.000 € und wurde erst später durch die Globale Entwicklung der Pandemie höher eingestuft. Somit hat sich A/V bei der Abgabe des Angebotes nicht in der Eigenschaft der Sache geirrt"}],"coordinates":[],"confidence":{"state":"pre-added","who":["user:FlorianWeber1993"],"prob":1},"fields":{},"normalizations":{}},{"classId":"e_7","part":"s1v1","offsets":[{"start":4094,"text":"Der Preis lag beim Zeitpunkt der Abgabe des Angebots ca. bei 1.000.000 € und wurde erst später durch die Globale Entwicklung der Pandemie höher eingestuft"}],"coordinates":[],"confidence":{"state":"pre-added","who":["user:FlorianWeber1993"],"prob":1},"fields":{},"normalizations":{}},{"classId":"e_6","part":"s1v1","offsets":[{"start":4250,"text":"Somit hat sich A/V bei der Abgabe des Angebotes nicht in der Eigenschaft der Sache geirrt"}],"coordinates":[],"confidence":{"state":"pre-added","who":["user:FlorianWeber1993"],"prob":1},"fields":{},"normalizations":{}},{"classId":"e_4","part":"s1v1","offsets":[{"start":4403,"text":"Die Anfechtungsfrist ist nach § 121 1 BGB ohne schuldhaftes Zögern vorzunehmen"}],"coordinates":[],"confidence":{"state":"pre-added","who":["user:FlorianWeber1993"],"prob":1},"fields":{},"normalizations":{}},{"classId":"e_5","part":"s1v1","offsets":[{"start":4566,"text":"V fichtet direkt nach dem erkennen des Fehlers an. Die Frist wurde gewahrt"}],"coordinates":[],"confidence":{"state":"pre-added","who":["user:FlorianWeber1993"],"prob":1},"fields":{},"normalizations":{}},{"classId":"e_7","part":"s1v1","offsets":[{"start":4566,"text":"V fichtet direkt nach dem erkennen des Fehlers an"}],"coordinates":[],"confidence":{"state":"pre-added","who":["user:FlorianWeber1993"],"prob":1},"fields":{},"normalizations":{}},{"classId":"e_6","part":"s1v1","offsets":[{"start":4617,"text":"Die Frist wurde gewahrt"}],"coordinates":[],"confidence":{"state":"pre-added","who":["user:FlorianWeber1993"],"prob":1},"fields":{},"normalizations":{}},{"classId":"e_2","part":"s1v1","offsets":[{"start":4663,"text":"V hat nicht wirksam angefochten und somit ist der Anspruch auch nicht untergegangen"}],"coordinates":[],"confidence":{"state":"pre-added","who":["user:FlorianWeber1993"],"prob":1},"fields":{},"normalizations":{}},{"classId":"e_2","part":"s1v1","offsets":[{"start":4749,"text":"K hat einen Anspruch auf Übergabe und Überlassung der Maschine nach § 433 1 Satz. 1 BGB"}],"coordinates":[],"confidence":{"state":"pre-added","who":["user:FlorianWeber1993"],"prob":1},"fields":{},"normalizations":{}}],"relations":[{"classId":"r_3","type":"linked","directed":false,"entities":["s1v1|e_1|8,128","s1v1|e_2|4749,4835"],"confidence":{"state":"pre-added","who":["user:FlorianWeber1993"],"prob":1}},{"classId":"r_3","type":"linked","directed":false,"entities":["s1v1|e_1|1017,1077","s1v1|e_2|1213,1265"],"confidence":{"state":"pre-added","who":["user:FlorianWeber1993"],"prob":1}},{"classId":"r_3","type":"linked","directed":false,"entities":["s1v1|e_1|2012,2056","s1v1|e_2|2240,2255"],"confidence":{"state":"pre-added","who":["user:FlorianWeber1993"],"prob":1}},{"classId":"r_3","type":"linked","directed":false,"entities":["s1v1|e_1|2465,2510","s1v1|e_2|2635,2661"],"confidence":{"state":"pre-added","who":["user:FlorianWeber1993"],"prob":1}},{"classId":"r_8","type":"linked","directed":false,"entities":["s1v1|e_7|1749,1837","s1v1|e_6|1840,1899"],"confidence":{"state":"pre-added","who":["user:FlorianWeber1993"],"prob":1}},{"classId":"r_8","type":"linked","directed":false,"entities":["s1v1|e_7|2513,2580","s1v1|e_6|2583,2631"],"confidence":{"state":"pre-added","who":["user:FlorianWeber1993"],"prob":1}},{"classId":"r_8","type":"linked","directed":false,"entities":["s1v1|e_7|3010,3119","s1v1|e_6|3288,3323"],"confidence":{"state":"pre-added","who":["user:FlorianWeber1993"],"prob":1}},{"classId":"r_8","type":"linked","directed":false,"entities":["s1v1|e_7|3122,3285","s1v1|e_6|3288,3323"],"confidence":{"state":"pre-added","who":["user:FlorianWeber1993"],"prob":1}},{"classId":"r_8","type":"linked","directed":false,"entities":["s1v1|e_7|3766,3795","s1v1|e_6|3798,3863"],"confidence":{"state":"pre-added","who":["user:FlorianWeber1993"],"prob":1}},{"classId":"r_8","type":"linked","directed":false,"entities":["s1v1|e_7|4094,4247","s1v1|e_6|4250,4338"],"confidence":{"state":"pre-added","who":["user:FlorianWeber1993"],"prob":1}},{"classId":"r_8","type":"linked","directed":false,"entities":["s1v1|e_7|4566,4614","s1v1|e_6|4617,4639"],"confidence":{"state":"pre-added","who":["user:FlorianWeber1993"],"prob":1}}]}