{"annotatable":{"parts":["s1v1"]},"anncomplete":true,"sources":[],"metas":{},"entities":[{"classId":"e_1","part":"s1v1","offsets":[{"start":15,"text":"H könnte gegen R einen Anspruch auf Zahlung von 125 Euro aus § 433 II BGB haben"}],"coordinates":[],"confidence":{"state":"pre-added","who":["user:Frederike"],"prob":1},"fields":{},"normalizations":{}},{"classId":"e_1","part":"s1v1","offsets":[{"start":96,"text":"Dafür müsste der Anspruch entstanden sein, d.h. ein Kaufvertrag bestehen"}],"coordinates":[],"confidence":{"state":"pre-added","who":["user:Frederike"],"prob":1},"fields":{},"normalizations":{}},{"classId":"e_4","part":"s1v1","offsets":[{"start":170,"text":"Ein Kaufvertrag besteht aus zwei übereinstimmenden Willenserklärungen, Angebot und Annahme"}],"coordinates":[],"confidence":{"state":"pre-added","who":["user:Frederike"],"prob":1},"fields":{},"normalizations":{}},{"classId":"e_1","part":"s1v1","offsets":[{"start":274,"text":"R könnte das Angebot gemacht haben, indem sie die E-Mail gesendet hat"}],"coordinates":[],"confidence":{"state":"pre-added","who":["user:Frederike"],"prob":1},"fields":{},"normalizations":{}},{"classId":"e_4","part":"s1v1","offsets":[{"start":345,"text":"Ein Angebot ist eine emfangsbedürftige Willenserklärung, die den Abschluss eines Vertrags bewzeckt und so bestimmt ist, dass die Annahme durch ein schlichtes „Ja“ möglich ist"}],"coordinates":[],"confidence":{"state":"pre-added","who":["user:Frederike"],"prob":1},"fields":{},"normalizations":{}},{"classId":"e_5","part":"s1v1","offsets":[{"start":521,"text":"R handelt mit Handlung- und auch Rechtsbindungswillen. R hat aus Sicht eines objektiven Empfängers ein Angebot über den Abschluss eines Kaufvertrags über einen Luftreiniger abgegeben, indem sie mit ihren E-Mail einen Leitz Z-100 bestellt hat. Aber subjektiv wollte R aber keinen Kaufvertrag über einen Luftreiniger abschließen, sondern Aktenordner kaufen. Ein solches Auseinanderfallen des subjektiven Geschäftswillens und des diesbezüglichen Eindrucks aus dem objektiven Empfängerhorizont führt jedoch nicht zur Unwirksamkeit der Willenserklärung. Der Inhalt einer empfangsbedürftigen Willenserklärung wird durch Auslegung nach dem objektiven Empfängerhorizont bestimmt."}],"coordinates":[],"confidence":{"state":"pre-added","who":["user:Frederike"],"prob":1},"fields":{},"normalizations":{}},{"classId":"e_7","part":"s1v1","offsets":[{"start":521,"text":"R handelt mit Handlung- und auch Rechtsbindungswillen"}],"coordinates":[],"confidence":{"state":"pre-added","who":["user:Frederike"],"prob":1},"fields":{},"normalizations":{}},{"classId":"e_6","part":"s1v1","offsets":[{"start":576,"text":"R hat aus Sicht eines objektiven Empfängers ein Angebot über den Abschluss eines Kaufvertrags über einen Luftreiniger abgegeben"}],"coordinates":[],"confidence":{"state":"pre-added","who":["user:Frederike"],"prob":1},"fields":{},"normalizations":{}},{"classId":"e_7","part":"s1v1","offsets":[{"start":705,"text":"indem sie mit ihren E-Mail einen Leitz Z-100 bestellt hat"}],"coordinates":[],"confidence":{"state":"pre-added","who":["user:Frederike"],"prob":1},"fields":{},"normalizations":{}},{"classId":"e_7","part":"s1v1","offsets":[{"start":764,"text":"Aber subjektiv wollte R aber keinen Kaufvertrag über einen Luftreiniger abschließen, sondern Aktenordner kaufen"}],"coordinates":[],"confidence":{"state":"pre-added","who":["user:Frederike"],"prob":1},"fields":{},"normalizations":{}},{"classId":"e_6","part":"s1v1","offsets":[{"start":877,"text":"Ein solches Auseinanderfallen des subjektiven Geschäftswillens und des diesbezüglichen Eindrucks aus dem objektiven Empfängerhorizont führt jedoch nicht zur Unwirksamkeit der Willenserklärung"}],"coordinates":[],"confidence":{"state":"pre-added","who":["user:Frederike"],"prob":1},"fields":{},"normalizations":{}},{"classId":"e_2","part":"s1v1","offsets":[{"start":1193,"text":"Die Erklärung der R ist also als Angebot zum Abschluss eines Vertrags über einen Luftreiniger zu werten"}],"coordinates":[],"confidence":{"state":"pre-added","who":["user:Frederike"],"prob":1},"fields":{},"normalizations":{}},{"classId":"e_5","part":"s1v1","offsets":[{"start":1312,"text":"H wollte unproblematisch das Luftreiniger-Kaufvertrag der R annehmen, indem er den Luftreiniger Leitz Z-1000 besorgte und zu R brachte."}],"coordinates":[],"confidence":{"state":"pre-added","who":["user:Frederike"],"prob":1},"fields":{},"normalizations":{}},{"classId":"e_7","part":"s1v1","offsets":[{"start":1312,"text":"H wollte unproblematisch das Luftreiniger-Kaufvertrag der R annehmen, indem er den Luftreiniger Leitz Z-1000 besorgte und zu R brachte"}],"coordinates":[],"confidence":{"state":"pre-added","who":["user:Frederike"],"prob":1},"fields":{},"normalizations":{}},{"classId":"e_4","part":"s1v1","offsets":[{"start":1448,"text":"Eine Annahme ist eine empfangsbedürftige Willenserklärung, durch die der Antragsempfänger sein Einverständnis mit dem angebotenen Vertragsabschluss zu verstehen gibt"}],"coordinates":[],"confidence":{"state":"pre-added","who":["user:Frederike"],"prob":1},"fields":{},"normalizations":{}},{"classId":"e_5","part":"s1v1","offsets":[{"start":1615,"text":"Die Annahme des H, die ebenfalls eine Willenserklärung ist, ist hier unproblematisch gegeben: H handelt subjektiv mit Handlungs- und Rechtsbindungswillen und will konkret einen Luftreiniger verkaufen. Auch für einen objektiven Empfänger dieser Willenserklärung wirkt die Besorgung und Lieferung des H genau so. H erklärt konkludent die Annahme des Angebots der R auf Abschluss eines Luftreiniger-Kaufvertrags."}],"coordinates":[],"confidence":{"state":"pre-added","who":["user:Frederike"],"prob":1},"fields":{},"normalizations":{}},{"classId":"e_7","part":"s1v1","offsets":[{"start":1615,"text":"Die Annahme des H, die ebenfalls eine Willenserklärung ist, ist hier unproblematisch gegeben: H handelt subjektiv mit Handlungs- und Rechtsbindungswillen und will konkret einen Luftreiniger verkaufen"}],"coordinates":[],"confidence":{"state":"pre-added","who":["user:Frederike"],"prob":1},"fields":{},"normalizations":{}},{"classId":"e_7","part":"s1v1","offsets":[{"start":1816,"text":"Auch für einen objektiven Empfänger dieser Willenserklärung wirkt die Besorgung und Lieferung des H genau so"}],"coordinates":[],"confidence":{"state":"pre-added","who":["user:Frederike"],"prob":1},"fields":{},"normalizations":{}},{"classId":"e_7","part":"s1v1","offsets":[{"start":1926,"text":"H erklärt konkludent die Annahme des Angebots der R auf Abschluss eines Luftreiniger-Kaufvertrags"}],"coordinates":[],"confidence":{"state":"pre-added","who":["user:Frederike"],"prob":1},"fields":{},"normalizations":{}},{"classId":"e_2","part":"s1v1","offsets":[{"start":2025,"text":"Es liegen zwei übereinstimmende Willenserklärungen, Angebot und Annahme vor, das heißt ein Kaufvertrag wurde geschlossen, und der Zahlungsanspruch des H aus § 433 II BGB ist zunächst entstanden"}],"coordinates":[],"confidence":{"state":"pre-added","who":["user:Frederike"],"prob":1},"fields":{},"normalizations":{}},{"classId":"e_1","part":"s1v1","offsets":[{"start":2238,"text":"Der Zahlungsanspruch könnte jedoch durch eine wirksame Anfechtung nach § 142 I BGB wieder rückwirkend untergegangen sein, denn eine wirksame Anfechtung führt zur Nichtigkeit des Kaufvertrags"}],"coordinates":[],"confidence":{"state":"pre-added","who":["user:Frederike"],"prob":1},"fields":{},"normalizations":{}},{"classId":"e_5","part":"s1v1","offsets":[{"start":2430,"text":"R muss erklären, dass sie die Willenserklärung nicht gelten lassen will und welcher Anfechtungsgrund vorliegt. In Betracht kommen hier eine Anfechtung wegen falscher Übermittlung (§ 120 BGB). R hat die Bestellung an der falschen Person gesendet. Hätte R gewusst, dass sie die Bestellung an der falschen Person gesendet hat, hätte sie den Luftreiniger nicht bestellt und den Vertrag nicht abgeschlossen. Ihr Irrtum war also kausal für die Abgabe ihrer Willenserklärung.\n\nGleich nachdem H den Luftreiniger zu R gebracht hatte, hat sie das Missverständnis erklärt. Das heißt, dass die Anfechtung unverzüglich erfolgt ist. Gemäß § 121 I BGB gibt es kein schuldhaftes Zögern in diesem Fall."}],"coordinates":[],"confidence":{"state":"pre-added","who":["user:Frederike"],"prob":1},"fields":{},"normalizations":{}},{"classId":"e_7","part":"s1v1","offsets":[{"start":2430,"text":"R muss erklären, dass sie die Willenserklärung nicht gelten lassen will und welcher Anfechtungsgrund vorliegt"}],"coordinates":[],"confidence":{"state":"pre-added","who":["user:Frederike"],"prob":1},"fields":{},"normalizations":{}},{"classId":"e_7","part":"s1v1","offsets":[{"start":2541,"text":"In Betracht kommen hier eine Anfechtung wegen falscher Übermittlung (§ 120 BGB)"}],"coordinates":[],"confidence":{"state":"pre-added","who":["user:Frederike"],"prob":1},"fields":{},"normalizations":{}},{"classId":"e_7","part":"s1v1","offsets":[{"start":2622,"text":"R hat die Bestellung an der falschen Person gesendet"}],"coordinates":[],"confidence":{"state":"pre-added","who":["user:Frederike"],"prob":1},"fields":{},"normalizations":{}},{"classId":"e_6","part":"s1v1","offsets":[{"start":2676,"text":"Hätte R gewusst, dass sie die Bestellung an der falschen Person gesendet hat, hätte sie den Luftreiniger nicht bestellt und den Vertrag nicht abgeschlossen"}],"coordinates":[],"confidence":{"state":"pre-added","who":["user:Frederike"],"prob":1},"fields":{},"normalizations":{}},{"classId":"e_6","part":"s1v1","offsets":[{"start":2833,"text":"Ihr Irrtum war also kausal für die Abgabe ihrer Willenserklärung"}],"coordinates":[],"confidence":{"state":"pre-added","who":["user:Frederike"],"prob":1},"fields":{},"normalizations":{}},{"classId":"e_7","part":"s1v1","offsets":[{"start":2900,"text":"Gleich nachdem H den Luftreiniger zu R gebracht hatte, hat sie das Missverständnis erklärt"}],"coordinates":[],"confidence":{"state":"pre-added","who":["user:Frederike"],"prob":1},"fields":{},"normalizations":{}},{"classId":"e_7","part":"s1v1","offsets":[{"start":2992,"text":"Das heißt, dass die Anfechtung unverzüglich erfolgt ist"}],"coordinates":[],"confidence":{"state":"pre-added","who":["user:Frederike"],"prob":1},"fields":{},"normalizations":{}},{"classId":"e_7","part":"s1v1","offsets":[{"start":3049,"text":"Gemäß § 121 I BGB gibt es kein schuldhaftes Zögern in diesem Fall"}],"coordinates":[],"confidence":{"state":"pre-added","who":["user:Frederike"],"prob":1},"fields":{},"normalizations":{}},{"classId":"e_2","part":"s1v1","offsets":[{"start":3134,"text":"Gemäß §142 I BGB ist der Kaufvertrag nichtig"}],"coordinates":[],"confidence":{"state":"pre-added","who":["user:Frederike"],"prob":1},"fields":{},"normalizations":{}},{"classId":"e_2","part":"s1v1","offsets":[{"start":3180,"text":"Der Anspruch auf Zahlung nach § 433 II BGB ist daher untergegangen"}],"coordinates":[],"confidence":{"state":"pre-added","who":["user:Frederike"],"prob":1},"fields":{},"normalizations":{}},{"classId":"e_2","part":"s1v1","offsets":[{"start":3248,"text":"H hat keinen Anpruch aus § 433 II BGB"}],"coordinates":[],"confidence":{"state":"pre-added","who":["user:Frederike"],"prob":1},"fields":{},"normalizations":{}}],"relations":[{"classId":"r_3","type":"linked","directed":false,"entities":["s1v1|e_1|274,342","s1v1|e_2|1193,1295"],"confidence":{"state":"pre-added","who":["user:Frederike"],"prob":1}},{"classId":"r_3","type":"linked","directed":false,"entities":["s1v1|e_2|2025,2217","s1v1|e_1|96,167"],"confidence":{"state":"pre-added","who":["user:Frederike"],"prob":1}},{"classId":"r_3","type":"linked","directed":false,"entities":["s1v1|e_1|2238,2427","s1v1|e_2|3134,3177"],"confidence":{"state":"pre-added","who":["user:Frederike"],"prob":1}},{"classId":"r_3","type":"linked","directed":false,"entities":["s1v1|e_2|3248,3284","s1v1|e_1|15,93"],"confidence":{"state":"pre-added","who":["user:Frederike"],"prob":1}},{"classId":"r_8","type":"linked","directed":false,"entities":["s1v1|e_7|705,761","s1v1|e_6|576,702"],"confidence":{"state":"pre-added","who":["user:Frederike"],"prob":1}},{"classId":"r_8","type":"linked","directed":false,"entities":["s1v1|e_7|764,874","s1v1|e_6|877,1067"],"confidence":{"state":"pre-added","who":["user:Frederike"],"prob":1}},{"classId":"r_8","type":"linked","directed":false,"entities":["s1v1|e_7|2622,2673","s1v1|e_6|2676,2830"],"confidence":{"state":"pre-added","who":["user:Frederike"],"prob":1}}]}