{"annotatable":{"parts":["s1v1"]},"anncomplete":true,"sources":[],"metas":{},"entities":[{"classId":"e_1","part":"s1v1","offsets":[{"start":18,"text":"H könnte gegen R einen Anspruch auf Kaufpreiszahlung in Höhe von 125€ aus § 433 II BGB haben"}],"coordinates":[],"confidence":{"state":"pre-added","who":["user:FabianBrese"],"prob":1},"fields":{},"normalizations":{}},{"classId":"e_1","part":"s1v1","offsets":[{"start":132,"text":"Es müsste ein wirksamer Kaufvertrag zwischen H und R geschlossen worden sein"}],"coordinates":[],"confidence":{"state":"pre-added","who":["user:FabianBrese"],"prob":1},"fields":{},"normalizations":{}},{"classId":"e_4","part":"s1v1","offsets":[{"start":210,"text":"Ein Kaufvertrag kommt durch zwei übereinstimmende Willenserklärungen, Angebot und Annahme, zustande"}],"coordinates":[],"confidence":{"state":"pre-added","who":["user:FabianBrese"],"prob":1},"fields":{},"normalizations":{}},{"classId":"e_4","part":"s1v1","offsets":[{"start":311,"text":"Diese müssen eine Einigung über die wesentlichen Vertragsbestandteile beinhalten"}],"coordinates":[],"confidence":{"state":"pre-added","who":["user:FabianBrese"],"prob":1},"fields":{},"normalizations":{}},{"classId":"e_1","part":"s1v1","offsets":[{"start":411,"text":"R müsste ein wirksames Angebot abgegeben haben"}],"coordinates":[],"confidence":{"state":"pre-added","who":["user:FabianBrese"],"prob":1},"fields":{},"normalizations":{}},{"classId":"e_4","part":"s1v1","offsets":[{"start":460,"text":"Ein Angebot ist eine empfangsbedürftige Willenserklärung, mit der dem Vertragspartner ein Vertragsschluss dergestalt angetragen wird, dass der Andere den Vertrag mit einem einfachen „Ja“ zustande bringen kann"}],"coordinates":[],"confidence":{"state":"pre-added","who":["user:FabianBrese"],"prob":1},"fields":{},"normalizations":{}},{"classId":"e_5","part":"s1v1","offsets":[{"start":670,"text":"R hat mit ihrer E-Mail dem H den Kauf des Leitz Z-1000 so angetragen, dass dieser mit einem einfachen „Ja“ den Kaufvertrag annehmen könnte."}],"coordinates":[],"confidence":{"state":"pre-added","who":["user:FabianBrese"],"prob":1},"fields":{},"normalizations":{}},{"classId":"e_7","part":"s1v1","offsets":[{"start":670,"text":"R hat mit ihrer E-Mail dem H den Kauf des Leitz Z-1000 so angetragen, dass dieser mit einem einfachen „Ja“ den Kaufvertrag annehmen könnte"}],"coordinates":[],"confidence":{"state":"pre-added","who":["user:FabianBrese"],"prob":1},"fields":{},"normalizations":{}},{"classId":"e_2","part":"s1v1","offsets":[{"start":810,"text":"Somit liegt ein Angebot seitens der R vor"}],"coordinates":[],"confidence":{"state":"pre-added","who":["user:FabianBrese"],"prob":1},"fields":{},"normalizations":{}},{"classId":"e_1","part":"s1v1","offsets":[{"start":873,"text":"H müsste das Angebot der R angenommen haben"}],"coordinates":[],"confidence":{"state":"pre-added","who":["user:FabianBrese"],"prob":1},"fields":{},"normalizations":{}},{"classId":"e_4","part":"s1v1","offsets":[{"start":919,"text":"Eine Annahme ist eine empfangsbedürftige Willenserklärung, durch die der Erklärende sein uneingeschränktes Einverständnis mit dem Angebot ausdruckt"}],"coordinates":[],"confidence":{"state":"pre-added","who":["user:FabianBrese"],"prob":1},"fields":{},"normalizations":{}},{"classId":"e_5","part":"s1v1","offsets":[{"start":1068,"text":"H geht nach Kenntnisnahme der E-Mail der R sofort los, um das bestellte Gerät zu kaufen. Dabei bringt H seinen Rechtsbindungswillen schlüssig zum Ausdruck. Durch das persönliche Liefern des Geräts signalisiert H dies ebenso der R."}],"coordinates":[],"confidence":{"state":"pre-added","who":["user:FabianBrese"],"prob":1},"fields":{},"normalizations":{}},{"classId":"e_7","part":"s1v1","offsets":[{"start":1068,"text":"H geht nach Kenntnisnahme der E-Mail der R sofort los, um das bestellte Gerät zu kaufen"}],"coordinates":[],"confidence":{"state":"pre-added","who":["user:FabianBrese"],"prob":1},"fields":{},"normalizations":{}},{"classId":"e_6","part":"s1v1","offsets":[{"start":1157,"text":"Dabei bringt H seinen Rechtsbindungswillen schlüssig zum Ausdruck"}],"coordinates":[],"confidence":{"state":"pre-added","who":["user:FabianBrese"],"prob":1},"fields":{},"normalizations":{}},{"classId":"e_2","part":"s1v1","offsets":[{"start":1299,"text":"Mithin liegt eine Annahme des H im Sinne von §§ 146 f. BGB vor"}],"coordinates":[],"confidence":{"state":"pre-added","who":["user:FabianBrese"],"prob":1},"fields":{},"normalizations":{}},{"classId":"e_2","part":"s1v1","offsets":[{"start":1384,"text":"R und H haben zwei auf den Abschluss eines Kaufvertrages gerichtete übereinstimmende Willenserklärungen abgegeben"}],"coordinates":[],"confidence":{"state":"pre-added","who":["user:FabianBrese"],"prob":1},"fields":{},"normalizations":{}},{"classId":"e_2","part":"s1v1","offsets":[{"start":1499,"text":"Zwischen R und H wurde ein wirksamer Kaufvertrag im Sinne von § 433 BGB geschlossen"}],"coordinates":[],"confidence":{"state":"pre-added","who":["user:FabianBrese"],"prob":1},"fields":{},"normalizations":{}},{"classId":"e_2","part":"s1v1","offsets":[{"start":1598,"text":"H hat gegen R einen Anspruch auf Kaufpreiszahlung in Höh von 125€ aus § 433 II BGB"}],"coordinates":[],"confidence":{"state":"pre-added","who":["user:FabianBrese"],"prob":1},"fields":{},"normalizations":{}}],"relations":[{"classId":"r_3","type":"linked","directed":false,"entities":["s1v1|e_2|810,850","s1v1|e_1|411,456"],"confidence":{"state":"pre-added","who":["user:FabianBrese"],"prob":1}},{"classId":"r_3","type":"linked","directed":false,"entities":["s1v1|e_2|1299,1360","s1v1|e_1|873,915"],"confidence":{"state":"pre-added","who":["user:FabianBrese"],"prob":1}},{"classId":"r_3","type":"linked","directed":false,"entities":["s1v1|e_2|1499,1581","s1v1|e_1|132,207"],"confidence":{"state":"pre-added","who":["user:FabianBrese"],"prob":1}},{"classId":"r_3","type":"linked","directed":false,"entities":["s1v1|e_2|1598,1679","s1v1|e_1|18,109"],"confidence":{"state":"pre-added","who":["user:FabianBrese"],"prob":1}},{"classId":"r_8","type":"linked","directed":false,"entities":["s1v1|e_7|1068,1154","s1v1|e_6|1157,1221"],"confidence":{"state":"pre-added","who":["user:FabianBrese"],"prob":1}}]}