{"annotatable":{"parts":["s1v1"]},"anncomplete":true,"sources":[],"metas":{},"entities":[{"classId":"e_1","part":"s1v1","offsets":[{"start":9,"text":"Zu prüfen ist, ob K gegen V gemäß §433 Abs.1 S.1 BGB Anspruch auf Übergabe und Übereignung der Maschine hat"}],"coordinates":[],"confidence":{"state":"pre-added","who":["user:FabianBrese"],"prob":1},"fields":{},"normalizations":{}},{"classId":"e_1","part":"s1v1","offsets":[{"start":118,"text":"Dafür müsste zwischen K und V ein wirksamer Kaufvertrag zustande gekommen sein"}],"coordinates":[],"confidence":{"state":"pre-added","who":["user:FabianBrese"],"prob":1},"fields":{},"normalizations":{}},{"classId":"e_4","part":"s1v1","offsets":[{"start":198,"text":"Dies ist der Fall, wenn zwei übereinstimmende Willenserklärungen abgegeben wurden, nämlich Angebot und Annahme"}],"coordinates":[],"confidence":{"state":"pre-added","who":["user:FabianBrese"],"prob":1},"fields":{},"normalizations":{}},{"classId":"e_1","part":"s1v1","offsets":[{"start":318,"text":"Fraglich ist, ob V ein Angebot gemäß §145 BGB an K gemacht hat"}],"coordinates":[],"confidence":{"state":"pre-added","who":["user:FabianBrese"],"prob":1},"fields":{},"normalizations":{}},{"classId":"e_4","part":"s1v1","offsets":[{"start":382,"text":"Ein Angebot ist eine empfangsbedürftige Willenserklärung, die alle vertragswesentlichen Bestandteile enthält und durch die der Vertragsschluss dem Empfänger so angetragen wird, dass das Zustandekommen des Vertrages nur noch von dessen Einverständnis abhängt"}],"coordinates":[],"confidence":{"state":"pre-added","who":["user:FabianBrese"],"prob":1},"fields":{},"normalizations":{}},{"classId":"e_5","part":"s1v1","offsets":[{"start":642,"text":"In diesem Sachverhalt ist zu beachten, dass V die Arbeitnehmerin A mit der Abwicklung des Verkaufs der Maschine beauftragt. A ist also ermächtigt, V in diesem Rechtsgeschäft zu vertreten. So schickt A an K eine E-Mail, aus der alle essentialia negotii hervorgehen. Vertragspartner, Vertragsgegenstand und Gegenleistung bzw. Preis sind klar genannt und K kann mit ihrer einfachen Zustimmung den Vertrag zustande kommen lassen. Sogar eine Befristung wird genannt."}],"coordinates":[],"confidence":{"state":"pre-added","who":["user:FabianBrese"],"prob":1},"fields":{},"normalizations":{}},{"classId":"e_7","part":"s1v1","offsets":[{"start":642,"text":"In diesem Sachverhalt ist zu beachten, dass V die Arbeitnehmerin A mit der Abwicklung des Verkaufs der Maschine beauftragt"}],"coordinates":[],"confidence":{"state":"pre-added","who":["user:FabianBrese"],"prob":1},"fields":{},"normalizations":{}},{"classId":"e_6","part":"s1v1","offsets":[{"start":766,"text":"A ist also ermächtigt, V in diesem Rechtsgeschäft zu vertreten"}],"coordinates":[],"confidence":{"state":"pre-added","who":["user:FabianBrese"],"prob":1},"fields":{},"normalizations":{}},{"classId":"e_7","part":"s1v1","offsets":[{"start":830,"text":"So schickt A an K eine E-Mail, aus der alle essentialia negotii hervorgehen. Vertragspartner, Vertragsgegenstand und Gegenleistung bzw. Preis sind klar genannt"}],"coordinates":[],"confidence":{"state":"pre-added","who":["user:FabianBrese"],"prob":1},"fields":{},"normalizations":{}},{"classId":"e_6","part":"s1v1","offsets":[{"start":990,"text":"und K kann mit ihrer einfachen Zustimmung den Vertrag zustande kommen lassen"}],"coordinates":[],"confidence":{"state":"pre-added","who":["user:FabianBrese"],"prob":1},"fields":{},"normalizations":{}},{"classId":"e_2","part":"s1v1","offsets":[{"start":1105,"text":"V, im Rechtsgeschäft vertreten von A, macht K also ein Angebot gemäß §145 BGB"}],"coordinates":[],"confidence":{"state":"pre-added","who":["user:FabianBrese"],"prob":1},"fields":{},"normalizations":{}},{"classId":"e_1","part":"s1v1","offsets":[{"start":1192,"text":"Nun ist zu prüfen, ob K dieses Angebot annimmt"}],"coordinates":[],"confidence":{"state":"pre-added","who":["user:FabianBrese"],"prob":1},"fields":{},"normalizations":{}},{"classId":"e_4","part":"s1v1","offsets":[{"start":1241,"text":"Eine Annahme ist gemäß §§147 ff. BGB eine empfangsbedürftige, einschränkungslos bejahende, an einen Empfänger gerichtete Willenserklärung"}],"coordinates":[],"confidence":{"state":"pre-added","who":["user:FabianBrese"],"prob":1},"fields":{},"normalizations":{}},{"classId":"e_5","part":"s1v1","offsets":[{"start":1380,"text":"K bejaht das Angebot, und schickt eine E-Mail an die von A für die Abwicklung genutzte E-Mail-Adresse innerhalb der vorgegebenen Frist. Sie nimmt keine Abänderungen vor. Ihre Antwort bedarf eines Empfangs durch A, die V vertritt."}],"coordinates":[],"confidence":{"state":"pre-added","who":["user:FabianBrese"],"prob":1},"fields":{},"normalizations":{}},{"classId":"e_7","part":"s1v1","offsets":[{"start":1380,"text":"K bejaht das Angebot, und schickt eine E-Mail an die von A für die Abwicklung genutzte E-Mail-Adresse innerhalb der vorgegebenen Frist"}],"coordinates":[],"confidence":{"state":"pre-added","who":["user:FabianBrese"],"prob":1},"fields":{},"normalizations":{}},{"classId":"e_6","part":"s1v1","offsets":[{"start":1550,"text":"Ihre Antwort bedarf eines Empfangs durch A, die V vertritt"}],"coordinates":[],"confidence":{"state":"pre-added","who":["user:FabianBrese"],"prob":1},"fields":{},"normalizations":{}},{"classId":"e_2","part":"s1v1","offsets":[{"start":1611,"text":"Es liegt folglich eine Annahme des Angebots von V/A durch K gemäß §§147 ff. BGB vor"}],"coordinates":[],"confidence":{"state":"pre-added","who":["user:FabianBrese"],"prob":1},"fields":{},"normalizations":{}},{"classId":"e_1","part":"s1v1","offsets":[{"start":1818,"text":"Es ist also zu prüfen, ob die Willenserklärung, die K mit der Annahme abgegeben hat, wirksam ist"}],"coordinates":[],"confidence":{"state":"pre-added","who":["user:FabianBrese"],"prob":1},"fields":{},"normalizations":{}},{"classId":"e_4","part":"s1v1","offsets":[{"start":2072,"text":"Die Rechtsnorm besagt, dass eine Willenserklärung gegenüber Abwesenden dann wirksam ist, wenn sie abgegeben wurde, dem Adressaten zugegangen ist und nicht durch Widerruf unwirksam wurde"}],"coordinates":[],"confidence":{"state":"pre-added","who":["user:FabianBrese"],"prob":1},"fields":{},"normalizations":{}},{"classId":"e_1","part":"s1v1","offsets":[{"start":2268,"text":"Fraglich ist, ob eine Abgabe der Willenserklärung von K an A/V vorliegt"}],"coordinates":[],"confidence":{"state":"pre-added","who":["user:FabianBrese"],"prob":1},"fields":{},"normalizations":{}},{"classId":"e_4","part":"s1v1","offsets":[{"start":2341,"text":"Eine Abgabe erfolgt dann, wenn K die Erklärung wissentlich und willentlich in den Rechtsverkehr bringt; in einer Weise, bei der unter normalen Umständen mit dem Zugang gerechnet werden kann"}],"coordinates":[],"confidence":{"state":"pre-added","who":["user:FabianBrese"],"prob":1},"fields":{},"normalizations":{}},{"classId":"e_5","part":"s1v1","offsets":[{"start":2533,"text":"Der Sachverhalt legt nahe, dass K wissentlich und willentlich die fristgerechte Erklärung abgibt. Da sie die E-Mail an die zuvor auch von A verwendete Adresse schickt, kann sie damit rechnen, dass der Zugang zeitnah erfolgt."}],"coordinates":[],"confidence":{"state":"pre-added","who":["user:FabianBrese"],"prob":1},"fields":{},"normalizations":{}},{"classId":"e_7","part":"s1v1","offsets":[{"start":2631,"text":"Da sie die E-Mail an die zuvor auch von A verwendete Adresse schickt"}],"coordinates":[],"confidence":{"state":"pre-added","who":["user:FabianBrese"],"prob":1},"fields":{},"normalizations":{}},{"classId":"e_6","part":"s1v1","offsets":[{"start":2701,"text":"kann sie damit rechnen, dass der Zugang zeitnah erfolgt"}],"coordinates":[],"confidence":{"state":"pre-added","who":["user:FabianBrese"],"prob":1},"fields":{},"normalizations":{}},{"classId":"e_2","part":"s1v1","offsets":[{"start":2759,"text":"Es liegt folglich eine Abgabe der Willenserklärung gemäß §130 Abs. S.1 BGB von K an A/V vor"}],"coordinates":[],"confidence":{"state":"pre-added","who":["user:FabianBrese"],"prob":1},"fields":{},"normalizations":{}},{"classId":"e_1","part":"s1v1","offsets":[{"start":2861,"text":"Um wirksam zu sein, müsste die Willenserklärung zudem zugegangen sein"}],"coordinates":[],"confidence":{"state":"pre-added","who":["user:FabianBrese"],"prob":1},"fields":{},"normalizations":{}},{"classId":"e_4","part":"s1v1","offsets":[{"start":2933,"text":"Zugegangen ist eine Willenserklärung dann, wenn sie in den Herrschaftsbereich des Empfängers gelangt, sodass dieser sie unter normalen Umständen und bei Berücksichtigung der Verkehrssitte zur Kenntnis nehmen kann"}],"coordinates":[],"confidence":{"state":"pre-added","who":["user:FabianBrese"],"prob":1},"fields":{},"normalizations":{}},{"classId":"e_5","part":"s1v1","offsets":[{"start":3148,"text":"Ks E-Mail wird zugestellt an die für das Verkaufsgespräch genutzte E-Mail-Adresse. Sie landet im Spam-Ordner, doch dies schließt die Wirksamkeit der Willenserklärung nicht aus, denn die Verkehrssitte verlangt es, dass auch regelmäßig dieser Ordner überprüft wird. Es ist gemeinhin bekannt, dass E-Mails unbeabsichtigt dort ankommen – die Seltenheit dieses Sachverhaltes entbindet A nicht von der Sorgfaltspflicht, dies zu kontrollieren.\n\nA hätte diese fristgerecht eingegangene Erklärung wahrnehmen können und dies wäre bei Berücksichtigung der Verkehrssitten auch geschehen."}],"coordinates":[],"confidence":{"state":"pre-added","who":["user:FabianBrese"],"prob":1},"fields":{},"normalizations":{}},{"classId":"e_7","part":"s1v1","offsets":[{"start":3148,"text":"Ks E-Mail wird zugestellt an die für das Verkaufsgespräch genutzte E-Mail-Adresse"}],"coordinates":[],"confidence":{"state":"pre-added","who":["user:FabianBrese"],"prob":1},"fields":{},"normalizations":{}},{"classId":"e_6","part":"s1v1","offsets":[{"start":3586,"text":"A hätte diese fristgerecht eingegangene Erklärung wahrnehmen können und dies wäre bei Berücksichtigung der Verkehrssitten auch geschehen"}],"coordinates":[],"confidence":{"state":"pre-added","who":["user:FabianBrese"],"prob":1},"fields":{},"normalizations":{}},{"classId":"e_2","part":"s1v1","offsets":[{"start":3725,"text":"Die Willenserklärung ist also gemäß §130 Abs. S.1 BGB auch zugegangen"}],"coordinates":[],"confidence":{"state":"pre-added","who":["user:FabianBrese"],"prob":1},"fields":{},"normalizations":{}},{"classId":"e_1","part":"s1v1","offsets":[{"start":3826,"text":"Nun könnte die Willenserklärung von K unwirksam geworden sein, indem ihr vorher oder gleichzeitig ein Widerruf zuging"}],"coordinates":[],"confidence":{"state":"pre-added","who":["user:FabianBrese"],"prob":1},"fields":{},"normalizations":{}},{"classId":"e_5","part":"s1v1","offsets":[{"start":3945,"text":"K sendet ihre E-Mail am 10.3. ab, während V am 11.03. den Kaufvertrag für nichtig erklären möchte. Da der Widerruf einen Tag nach dem Zugang der Annahme erfolgt ist, beeinflusst dieser nicht die Gültigkeit der Willenserklärung."}],"coordinates":[],"confidence":{"state":"pre-added","who":["user:FabianBrese"],"prob":1},"fields":{},"normalizations":{}},{"classId":"e_7","part":"s1v1","offsets":[{"start":3945,"text":"K sendet ihre E-Mail am 10.3. ab, während V am 11.03. den Kaufvertrag für nichtig erklären möchte"}],"coordinates":[],"confidence":{"state":"pre-added","who":["user:FabianBrese"],"prob":1},"fields":{},"normalizations":{}},{"classId":"e_7","part":"s1v1","offsets":[{"start":4044,"text":"Da der Widerruf einen Tag nach dem Zugang der Annahme erfolgt ist"}],"coordinates":[],"confidence":{"state":"pre-added","who":["user:FabianBrese"],"prob":1},"fields":{},"normalizations":{}},{"classId":"e_6","part":"s1v1","offsets":[{"start":4111,"text":"beeinflusst dieser nicht die Gültigkeit der Willenserklärung"}],"coordinates":[],"confidence":{"state":"pre-added","who":["user:FabianBrese"],"prob":1},"fields":{},"normalizations":{}},{"classId":"e_2","part":"s1v1","offsets":[{"start":4174,"text":"Die Willenserklärung ist gemäß §130 Abs. S.1 BGB nicht unwirksam geworden"}],"coordinates":[],"confidence":{"state":"pre-added","who":["user:FabianBrese"],"prob":1},"fields":{},"normalizations":{}},{"classId":"e_2","part":"s1v1","offsets":[{"start":4250,"text":"Die Willenserklärung, die K an A – stellvertretend für V – gegeben hat, ist also wirksam gemäß §130 Abs. S.1 BGB"}],"coordinates":[],"confidence":{"state":"pre-added","who":["user:FabianBrese"],"prob":1},"fields":{},"normalizations":{}},{"classId":"e_2","part":"s1v1","offsets":[{"start":4365,"text":"Somit liegt trotz der Besonderheiten des Sachverhaltes eine gültige Annahme von K zum Angebot von A/V i.S.v. §§147 ff. BGB und §130 Abs.1 S.1 BGB vor"}],"coordinates":[],"confidence":{"state":"pre-added","who":["user:FabianBrese"],"prob":1},"fields":{},"normalizations":{}},{"classId":"e_2","part":"s1v1","offsets":[{"start":4517,"text":"Ein Kaufvertrag zwischen A/V und K ist also zustande gekommen"}],"coordinates":[],"confidence":{"state":"pre-added","who":["user:FabianBrese"],"prob":1},"fields":{},"normalizations":{}},{"classId":"e_1","part":"s1v1","offsets":[{"start":4628,"text":"Es bleibt zu prüfen, ob ein Anspruch seitens K erloschen oder undurchsetzbar sein könnte"}],"coordinates":[],"confidence":{"state":"pre-added","who":["user:FabianBrese"],"prob":1},"fields":{},"normalizations":{}},{"classId":"e_4","part":"s1v1","offsets":[{"start":4719,"text":"Erloschen ist ein Anspruch unter anderem, wenn er gemäß §214 Abs. 1 BGB verjährt ist"}],"coordinates":[],"confidence":{"state":"pre-added","who":["user:FabianBrese"],"prob":1},"fields":{},"normalizations":{}},{"classId":"e_5","part":"s1v1","offsets":[{"start":4805,"text":"Da alle Fristen im Sachverhalt eingehalten wurden, gibt es keinerlei Indizien, dass dies der Fall sein könnte. Untergegangen wäre ein Anspruch u.a. gemäß §275 Abs. 1 BGB bei Unmöglichkeit der Leistung, die jedoch nicht vorliegt, denn die Maschine ist vorhanden und alle Vertragspartner geschäftsfähig."}],"coordinates":[],"confidence":{"state":"pre-added","who":["user:FabianBrese"],"prob":1},"fields":{},"normalizations":{}},{"classId":"e_7","part":"s1v1","offsets":[{"start":4805,"text":"Da alle Fristen im Sachverhalt eingehalten wurden"}],"coordinates":[],"confidence":{"state":"pre-added","who":["user:FabianBrese"],"prob":1},"fields":{},"normalizations":{}},{"classId":"e_6","part":"s1v1","offsets":[{"start":4856,"text":"gibt es keinerlei Indizien, dass dies der Fall sein könnte"}],"coordinates":[],"confidence":{"state":"pre-added","who":["user:FabianBrese"],"prob":1},"fields":{},"normalizations":{}},{"classId":"e_2","part":"s1v1","offsets":[{"start":5292,"text":"K hat gemäß §433 Abs.1 S.1 einen Anspruch an V auf Übergabe und Übereignung der Maschine"}],"coordinates":[],"confidence":{"state":"pre-added","who":["user:FabianBrese"],"prob":1},"fields":{},"normalizations":{}}],"relations":[{"classId":"r_3","type":"linked","directed":false,"entities":["s1v1|e_2|1105,1181","s1v1|e_1|318,379"],"confidence":{"state":"pre-added","who":["user:FabianBrese"],"prob":1}},{"classId":"r_3","type":"linked","directed":false,"entities":["s1v1|e_2|1611,1693","s1v1|e_1|1192,1237"],"confidence":{"state":"pre-added","who":["user:FabianBrese"],"prob":1}},{"classId":"r_3","type":"linked","directed":false,"entities":["s1v1|e_2|2759,2849","s1v1|e_1|2268,2338"],"confidence":{"state":"pre-added","who":["user:FabianBrese"],"prob":1}},{"classId":"r_3","type":"linked","directed":false,"entities":["s1v1|e_2|3725,3793","s1v1|e_1|2861,2929"],"confidence":{"state":"pre-added","who":["user:FabianBrese"],"prob":1}},{"classId":"r_3","type":"linked","directed":false,"entities":["s1v1|e_2|4174,4246","s1v1|e_1|3826,3942"],"confidence":{"state":"pre-added","who":["user:FabianBrese"],"prob":1}},{"classId":"r_3","type":"linked","directed":false,"entities":["s1v1|e_2|4517,4577","s1v1|e_1|118,195"],"confidence":{"state":"pre-added","who":["user:FabianBrese"],"prob":1}},{"classId":"r_3","type":"linked","directed":false,"entities":["s1v1|e_2|5292,5379","s1v1|e_1|9,115"],"confidence":{"state":"pre-added","who":["user:FabianBrese"],"prob":1}},{"classId":"r_8","type":"linked","directed":false,"entities":["s1v1|e_7|642,763","s1v1|e_6|766,827"],"confidence":{"state":"pre-added","who":["user:FabianBrese"],"prob":1}},{"classId":"r_8","type":"linked","directed":false,"entities":["s1v1|e_7|830,988","s1v1|e_6|990,1065"],"confidence":{"state":"pre-added","who":["user:FabianBrese"],"prob":1}},{"classId":"r_8","type":"linked","directed":false,"entities":["s1v1|e_7|1380,1513","s1v1|e_6|1550,1607"],"confidence":{"state":"pre-added","who":["user:FabianBrese"],"prob":1}},{"classId":"r_8","type":"linked","directed":false,"entities":["s1v1|e_7|2631,2698","s1v1|e_6|2701,2755"],"confidence":{"state":"pre-added","who":["user:FabianBrese"],"prob":1}},{"classId":"r_8","type":"linked","directed":false,"entities":["s1v1|e_7|4044,4108","s1v1|e_6|4111,4170"],"confidence":{"state":"pre-added","who":["user:FabianBrese"],"prob":1}},{"classId":"r_8","type":"linked","directed":false,"entities":["s1v1|e_7|4805,4853","s1v1|e_6|4856,4913"],"confidence":{"state":"pre-added","who":["user:FabianBrese"],"prob":1}}]}