{"annotatable":{"parts":["s1v1"]},"anncomplete":true,"sources":[],"metas":{},"entities":[{"classId":"e_1","part":"s1v1","offsets":[{"start":29,"text":"V könnte gegenüber K einen Anspruch auf Zahlung, von 27.000 € für das Auto, nach § 433 Abs. 2 haben"}],"coordinates":[],"confidence":{"state":"pre-added","who":["user:FabianBrese"],"prob":1},"fields":{},"normalizations":{}},{"classId":"e_1","part":"s1v1","offsets":[{"start":149,"text":"Dies setzt voraus, dass K und V einen wirksamen Kaufvertrag geschlossen haben"}],"coordinates":[],"confidence":{"state":"pre-added","who":["user:FabianBrese"],"prob":1},"fields":{},"normalizations":{}},{"classId":"e_4","part":"s1v1","offsets":[{"start":229,"text":"Ein Kaufvertrag besteht aus zwei übereinstimmenden Willenserklärungen, Angebot und Annahme (§145 und §147 BGB)"}],"coordinates":[],"confidence":{"state":"pre-added","who":["user:FabianBrese"],"prob":1},"fields":{},"normalizations":{}},{"classId":"e_4","part":"s1v1","offsets":[{"start":341,"text":"Ein Kaufvertrag gemäß §433 ist ein Vertrag über den Erwerb einer Sache gegen Zahlung eines Kaufpreises"}],"coordinates":[],"confidence":{"state":"pre-added","who":["user:FabianBrese"],"prob":1},"fields":{},"normalizations":{}},{"classId":"e_4","part":"s1v1","offsets":[{"start":446,"text":"Sachen sind gemäß §90 BGB, körperliche Gegenstände"}],"coordinates":[],"confidence":{"state":"pre-added","who":["user:FabianBrese"],"prob":1},"fields":{},"normalizations":{}},{"classId":"e_1","part":"s1v1","offsets":[{"start":519,"text":"Fraglich ist, ob ein ein Angebot durch V vorliegt"}],"coordinates":[],"confidence":{"state":"pre-added","who":["user:FabianBrese"],"prob":1},"fields":{},"normalizations":{}},{"classId":"e_4","part":"s1v1","offsets":[{"start":570,"text":"Ein Angebot ist eine empfangsbedürftige Willenserklärung, die dem Erklärungsempfänger so angetragen werden muss, dass dieser den Vertragsschluss mit einem bloßen „Ja“ zustande bringen kann"}],"coordinates":[],"confidence":{"state":"pre-added","who":["user:FabianBrese"],"prob":1},"fields":{},"normalizations":{}},{"classId":"e_4","part":"s1v1","offsets":[{"start":777,"text":"Ebenfalls muss das Angebot die wesentlichen Vertragsbestandteile beinhalten, essentiala negotii"}],"coordinates":[],"confidence":{"state":"pre-added","who":["user:FabianBrese"],"prob":1},"fields":{},"normalizations":{}},{"classId":"e_1","part":"s1v1","offsets":[{"start":877,"text":"Dies wäre der Fall, wenn die essentiala negotii Kaufsache, Kaufpreis und Vertragsparteien darin geregelt wären"}],"coordinates":[],"confidence":{"state":"pre-added","who":["user:FabianBrese"],"prob":1},"fields":{},"normalizations":{}},{"classId":"e_5","part":"s1v1","offsets":[{"start":1197,"text":"Folglich hat V nicht selbst das Angebot abgegeben, sondern ihre Auszubildende A."}],"coordinates":[],"confidence":{"state":"pre-added","who":["user:FabianBrese"],"prob":1},"fields":{},"normalizations":{}},{"classId":"e_7","part":"s1v1","offsets":[{"start":1197,"text":"Folglich hat V nicht selbst das Angebot abgegeben"}],"coordinates":[],"confidence":{"state":"pre-added","who":["user:FabianBrese"],"prob":1},"fields":{},"normalizations":{}},{"classId":"e_6","part":"s1v1","offsets":[{"start":1248,"text":"sondern ihre Auszubildende A"}],"coordinates":[],"confidence":{"state":"pre-added","who":["user:FabianBrese"],"prob":1},"fields":{},"normalizations":{}},{"classId":"e_1","part":"s1v1","offsets":[{"start":1301,"text":"Fraglich ist ob ein Angebot von K vorliegt, da K nicht selbst gehandelt hat, sondern eine Vertreterin A"}],"coordinates":[],"confidence":{"state":"pre-added","who":["user:FabianBrese"],"prob":1},"fields":{},"normalizations":{}},{"classId":"e_1","part":"s1v1","offsets":[{"start":1406,"text":"Dafür müsste es sich um eine wirksame Stellvertretung gemäß §164 Abs.1 BGB handeln"}],"coordinates":[],"confidence":{"state":"pre-added","who":["user:FabianBrese"],"prob":1},"fields":{},"normalizations":{}},{"classId":"e_1","part":"s1v1","offsets":[{"start":1530,"text":"Die Stellvertretung von A zu V muss nach §§16 ff. BGB zulässig sein"}],"coordinates":[],"confidence":{"state":"pre-added","who":["user:FabianBrese"],"prob":1},"fields":{},"normalizations":{}},{"classId":"e_5","part":"s1v1","offsets":[{"start":1689,"text":"V hat ihrer Auszubildenden A die Aufgabe erteilt das Auto zum Kauf anzubieten."}],"coordinates":[],"confidence":{"state":"pre-added","who":["user:FabianBrese"],"prob":1},"fields":{},"normalizations":{}},{"classId":"e_7","part":"s1v1","offsets":[{"start":1689,"text":"V hat ihrer Auszubildenden A die Aufgabe erteilt das Auto zum Kauf anzubieten"}],"coordinates":[],"confidence":{"state":"pre-added","who":["user:FabianBrese"],"prob":1},"fields":{},"normalizations":{}},{"classId":"e_2","part":"s1v1","offsets":[{"start":1768,"text":"Folglich handelt es sich hier nicht um ein höchstpersönliches Rechtsgeschäft, somit ist die Stellvertretung zulässig"}],"coordinates":[],"confidence":{"state":"pre-added","who":["user:FabianBrese"],"prob":1},"fields":{},"normalizations":{}},{"classId":"e_1","part":"s1v1","offsets":[{"start":1937,"text":"V müsste eine eigene Willenserklärung abgeben haben, dies ist der Fall wenn ein Entscheidungsspielraum besteht"}],"coordinates":[],"confidence":{"state":"pre-added","who":["user:FabianBrese"],"prob":1},"fields":{},"normalizations":{}},{"classId":"e_5","part":"s1v1","offsets":[{"start":2064,"text":"Da V der A die volle Verantwortlichkeit gegeben ha, besitzt A Entscheidungsspielraum."}],"coordinates":[],"confidence":{"state":"pre-added","who":["user:FabianBrese"],"prob":1},"fields":{},"normalizations":{}},{"classId":"e_7","part":"s1v1","offsets":[{"start":2064,"text":"Da V der A die volle Verantwortlichkeit gegeben ha"}],"coordinates":[],"confidence":{"state":"pre-added","who":["user:FabianBrese"],"prob":1},"fields":{},"normalizations":{}},{"classId":"e_6","part":"s1v1","offsets":[{"start":2116,"text":"besitzt A Entscheidungsspielraum"}],"coordinates":[],"confidence":{"state":"pre-added","who":["user:FabianBrese"],"prob":1},"fields":{},"normalizations":{}},{"classId":"e_5","part":"s1v1","offsets":[{"start":2151,"text":"Da A den Verkauf verhandelt und ein Angebot erstellt, hat A auch eine eigene Willenserklärung abgegeben."}],"coordinates":[],"confidence":{"state":"pre-added","who":["user:FabianBrese"],"prob":1},"fields":{},"normalizations":{}},{"classId":"e_7","part":"s1v1","offsets":[{"start":2151,"text":"Da A den Verkauf verhandelt und ein Angebot erstellt"}],"coordinates":[],"confidence":{"state":"pre-added","who":["user:FabianBrese"],"prob":1},"fields":{},"normalizations":{}},{"classId":"e_6","part":"s1v1","offsets":[{"start":2205,"text":"hat A auch eine eigene Willenserklärung abgegeben"}],"coordinates":[],"confidence":{"state":"pre-added","who":["user:FabianBrese"],"prob":1},"fields":{},"normalizations":{}},{"classId":"e_2","part":"s1v1","offsets":[{"start":2474,"text":"Somit ist die Minderjährigkeit von A nicht relevant, denn sie hat eine eigne Willenserklärung abgegeben"}],"coordinates":[],"confidence":{"state":"pre-added","who":["user:FabianBrese"],"prob":1},"fields":{},"normalizations":{}},{"classId":"e_5","part":"s1v1","offsets":[{"start":2952,"text":"Somit war der K bekannt, dass A im Auftrag der V handelt, denn sie hatte das Auto schon vorher mit der Gebrauchtwagenhändlerin V besichtigt."}],"coordinates":[],"confidence":{"state":"pre-added","who":["user:FabianBrese"],"prob":1},"fields":{},"normalizations":{}},{"classId":"e_6","part":"s1v1","offsets":[{"start":2952,"text":"Somit war der K bekannt, dass A im Auftrag der V handelt"}],"coordinates":[],"confidence":{"state":"pre-added","who":["user:FabianBrese"],"prob":1},"fields":{},"normalizations":{}},{"classId":"e_7","part":"s1v1","offsets":[{"start":3010,"text":"denn sie hatte das Auto schon vorher mit der Gebrauchtwagenhändlerin V besichtigt"}],"coordinates":[],"confidence":{"state":"pre-added","who":["user:FabianBrese"],"prob":1},"fields":{},"normalizations":{}},{"classId":"e_2","part":"s1v1","offsets":[{"start":3094,"text":"Folglich teilte A an K mit, dass sie für V handelt"}],"coordinates":[],"confidence":{"state":"pre-added","who":["user:FabianBrese"],"prob":1},"fields":{},"normalizations":{}},{"classId":"e_1","part":"s1v1","offsets":[{"start":3173,"text":"A müsste Inhaberin einer durch V erteilten Vertretungsmacht sein"}],"coordinates":[],"confidence":{"state":"pre-added","who":["user:FabianBrese"],"prob":1},"fields":{},"normalizations":{}},{"classId":"e_2","part":"s1v1","offsets":[{"start":3240,"text":"Hier liegt eine rechtsgeschäftliche Vollmacht, gemäß §167 Abs. 1 BGB als Innenvollmacht Erklärung gegenüber dem Vertreter, vor"}],"coordinates":[],"confidence":{"state":"pre-added","who":["user:FabianBrese"],"prob":1},"fields":{},"normalizations":{}},{"classId":"e_1","part":"s1v1","offsets":[{"start":3476,"text":"Fraglich ist, ob eine Annahme durch K vorliegt"}],"coordinates":[],"confidence":{"state":"pre-added","who":["user:FabianBrese"],"prob":1},"fields":{},"normalizations":{}},{"classId":"e_4","part":"s1v1","offsets":[{"start":3524,"text":"Eine Annahme ist eine empfangsbedürftige Willenserklärung, durch die der Erklärende zu verstehen gibt, dass er mit dem Angebot einverstanden ist"}],"coordinates":[],"confidence":{"state":"pre-added","who":["user:FabianBrese"],"prob":1},"fields":{},"normalizations":{}},{"classId":"e_4","part":"s1v1","offsets":[{"start":3670,"text":"Die Erklärung muss sich inhaltlich mit dem Angebot decken (§147 BGB)"}],"coordinates":[],"confidence":{"state":"pre-added","who":["user:FabianBrese"],"prob":1},"fields":{},"normalizations":{}},{"classId":"e_5","part":"s1v1","offsets":[{"start":3851,"text":"K war mit dem Angebot der A einverstanden und schickte die Annahme des Angebots per E-Mail."}],"coordinates":[],"confidence":{"state":"pre-added","who":["user:FabianBrese"],"prob":1},"fields":{},"normalizations":{}},{"classId":"e_7","part":"s1v1","offsets":[{"start":3851,"text":"K war mit dem Angebot der A einverstanden"}],"coordinates":[],"confidence":{"state":"pre-added","who":["user:FabianBrese"],"prob":1},"fields":{},"normalizations":{}},{"classId":"e_6","part":"s1v1","offsets":[{"start":3893,"text":"und schickte die Annahme des Angebots per E-Mail"}],"coordinates":[],"confidence":{"state":"pre-added","who":["user:FabianBrese"],"prob":1},"fields":{},"normalizations":{}},{"classId":"e_2","part":"s1v1","offsets":[{"start":3943,"text":"Diese E-Mail ist die Annahme der K"}],"coordinates":[],"confidence":{"state":"pre-added","who":["user:FabianBrese"],"prob":1},"fields":{},"normalizations":{}},{"classId":"e_1","part":"s1v1","offsets":[{"start":3993,"text":"Fraglich ist, ob eine Abgabe vorliegt"}],"coordinates":[],"confidence":{"state":"pre-added","who":["user:FabianBrese"],"prob":1},"fields":{},"normalizations":{}},{"classId":"e_4","part":"s1v1","offsets":[{"start":4032,"text":"Die Abgabe einer Willenserklärung liegt vor, wenn sie willentlich in den Rechtsverkehr entäußert wurde und der Erklärende mit dem Zugang rechnen konnte"}],"coordinates":[],"confidence":{"state":"pre-added","who":["user:FabianBrese"],"prob":1},"fields":{},"normalizations":{}},{"classId":"e_5","part":"s1v1","offsets":[{"start":4198,"text":"K hatte sich das Auto zuvor mit der Autohändlerin V angeschaut und zeigte somit Interesse an dem Auto, deshalb schickte A das Angebot und konnte mit dem Zugang einer Annahme oder Ablehnung rechnen und K konnte ebenfalls mit einem Zugang des Angebots rechnen."}],"coordinates":[],"confidence":{"state":"pre-added","who":["user:FabianBrese"],"prob":1},"fields":{},"normalizations":{}},{"classId":"e_2","part":"s1v1","offsets":[{"start":4457,"text":"Folglich liegt eine Abgabe vor"}],"coordinates":[],"confidence":{"state":"pre-added","who":["user:FabianBrese"],"prob":1},"fields":{},"normalizations":{}},{"classId":"e_1","part":"s1v1","offsets":[{"start":4502,"text":"Fraglich ist, ob ein Zugang vorliegt"}],"coordinates":[],"confidence":{"state":"pre-added","who":["user:FabianBrese"],"prob":1},"fields":{},"normalizations":{}},{"classId":"e_4","part":"s1v1","offsets":[{"start":4541,"text":"Der Zugang einer Willenserklärung liegt vor, wenn sie so in den Herrschaftsbereich des Empfängers gelangt, dass dieser unter normalen Umständen von ihr Kenntnis erlangen kann und dies von ihm erwartet werden kann"}],"coordinates":[],"confidence":{"state":"pre-added","who":["user:FabianBrese"],"prob":1},"fields":{},"normalizations":{}},{"classId":"e_5","part":"s1v1","offsets":[{"start":4872,"text":"Ein Zugang liegt vor, denn bis zum 24.2 wartet A auf eine Antwort."}],"coordinates":[],"confidence":{"state":"pre-added","who":["user:FabianBrese"],"prob":1},"fields":{},"normalizations":{}},{"classId":"e_7","part":"s1v1","offsets":[{"start":4872,"text":"Ein Zugang liegt vor"}],"coordinates":[],"confidence":{"state":"pre-added","who":["user:FabianBrese"],"prob":1},"fields":{},"normalizations":{}},{"classId":"e_6","part":"s1v1","offsets":[{"start":4894,"text":"denn bis zum 24.2 wartet A auf eine Antwort"}],"coordinates":[],"confidence":{"state":"pre-added","who":["user:FabianBrese"],"prob":1},"fields":{},"normalizations":{}},{"classId":"e_1","part":"s1v1","offsets":[{"start":4965,"text":"Wenn der Antragende für die Annahme des Antrags eine Frist bestimmt hat kann die Annahme gemäß § 148 BGB nur innerhalb der Frist erfolgen"}],"coordinates":[],"confidence":{"state":"pre-added","who":["user:FabianBrese"],"prob":1},"fields":{},"normalizations":{}},{"classId":"e_4","part":"s1v1","offsets":[{"start":5105,"text":"Die Annahmeerklärung wird unter Abwesenden nach § 130 Abs. 1 Satz 1 BGB mit Zugang wirksam"}],"coordinates":[],"confidence":{"state":"pre-added","who":["user:FabianBrese"],"prob":1},"fields":{},"normalizations":{}},{"classId":"e_5","part":"s1v1","offsets":[{"start":5198,"text":"Mit der E-Mail am 24.2 um 23:55 Uhr nimmt die K das Angebot an. Jedoch wird die E- Mail wie gewöhnlich nicht mehr um 23:55 Uhr geöffnet, sondern erst am nächsten Tag."}],"coordinates":[],"confidence":{"state":"pre-added","who":["user:FabianBrese"],"prob":1},"fields":{},"normalizations":{}},{"classId":"e_7","part":"s1v1","offsets":[{"start":5199,"text":"it der E-Mail am 24.2 um 23:55 Uhr nimmt die K das Angebot an"}],"coordinates":[],"confidence":{"state":"pre-added","who":["user:FabianBrese"],"prob":1},"fields":{},"normalizations":{}},{"classId":"e_6","part":"s1v1","offsets":[{"start":5262,"text":"Jedoch wird die E- Mail wie gewöhnlich nicht mehr um 23:55 Uhr geöffnet, sondern erst am nächsten Tag"}],"coordinates":[],"confidence":{"state":"pre-added","who":["user:FabianBrese"],"prob":1},"fields":{},"normalizations":{}},{"classId":"e_5","part":"s1v1","offsets":[{"start":5377,"text":"Da die E-Mail erst am 25.2 gelesen wird, ist die E-Mail der K nicht fristgerecht am 24.2 eingegangen, sondern erst am 25.2."}],"coordinates":[],"confidence":{"state":"pre-added","who":["user:FabianBrese"],"prob":1},"fields":{},"normalizations":{}},{"classId":"e_7","part":"s1v1","offsets":[{"start":5377,"text":"Da die E-Mail erst am 25.2 gelesen wird, ist die E-Mail der K nicht fristgerecht am 24.2 eingegangen"}],"coordinates":[],"confidence":{"state":"pre-added","who":["user:FabianBrese"],"prob":1},"fields":{},"normalizations":{}},{"classId":"e_6","part":"s1v1","offsets":[{"start":5479,"text":"sondern erst am 25.2."}],"coordinates":[],"confidence":{"state":"pre-added","who":["user:FabianBrese"],"prob":1},"fields":{},"normalizations":{}},{"classId":"e_2","part":"s1v1","offsets":[{"start":5528,"text":"Durch die späte E-Mail und nicht fristgerechte Kenntnisnahme der Annahme des Angebotes, gilt die E-Mail gemäß §150 Abs.1 BGB als ein neues Angebot"}],"coordinates":[],"confidence":{"state":"pre-added","who":["user:FabianBrese"],"prob":1},"fields":{},"normalizations":{}},{"classId":"e_2","part":"s1v1","offsets":[{"start":5690,"text":"A hat das neue Angebot der K angenommen"}],"coordinates":[],"confidence":{"state":"pre-added","who":["user:FabianBrese"],"prob":1},"fields":{},"normalizations":{}},{"classId":"e_2","part":"s1v1","offsets":[{"start":5752,"text":"Somit liegt ein wirksamer Kaufvertrag des Autos zwischen V und K vor"}],"coordinates":[],"confidence":{"state":"pre-added","who":["user:FabianBrese"],"prob":1},"fields":{},"normalizations":{}},{"classId":"e_1","part":"s1v1","offsets":[{"start":5931,"text":"Der Kaufvertrag könnte jedoch gemäß § 142 Abs. 1 BGB ex tunc (nichtig) sein"}],"coordinates":[],"confidence":{"state":"pre-added","who":["user:FabianBrese"],"prob":1},"fields":{},"normalizations":{}},{"classId":"e_1","part":"s1v1","offsets":[{"start":6008,"text":"Dies wäre der Fall, wenn Rechtsanwältin R. ihre Willenserklärung wirksam angefochten hat"}],"coordinates":[],"confidence":{"state":"pre-added","who":["user:FabianBrese"],"prob":1},"fields":{},"normalizations":{}},{"classId":"e_4","part":"s1v1","offsets":[{"start":6098,"text":"Eine Anfechtung ist wirksam, wenn ein Anfechtungsgrund besteht und die Anfechtung gegenüber dem richtigen Anfechtungsgegner innerhalb der Anfechtungsfrist erklärt wurde"}],"coordinates":[],"confidence":{"state":"pre-added","who":["user:FabianBrese"],"prob":1},"fields":{},"normalizations":{}},{"classId":"e_5","part":"s1v1","offsets":[{"start":6295,"text":"K hat gegen V die Anfechtung gemäß § 143 Abs. 1 BGB erklärt, indem sie mitteilt, dass sie keinen Unfallwagen kaufen möchte und das Auto deshalb nicht bezahlt, sondern dies zurückgeben wird."}],"coordinates":[],"confidence":{"state":"pre-added","who":["user:FabianBrese"],"prob":1},"fields":{},"normalizations":{}},{"classId":"e_7","part":"s1v1","offsets":[{"start":6295,"text":"K hat gegen V die Anfechtung gemäß § 143 Abs. 1 BGB erklärt, indem sie mitteilt, dass sie keinen Unfallwagen kaufen möchte und das Auto deshalb nicht bezahlt"}],"coordinates":[],"confidence":{"state":"pre-added","who":["user:FabianBrese"],"prob":1},"fields":{},"normalizations":{}},{"classId":"e_6","part":"s1v1","offsets":[{"start":6454,"text":"sondern dies zurückgeben wird"}],"coordinates":[],"confidence":{"state":"pre-added","who":["user:FabianBrese"],"prob":1},"fields":{},"normalizations":{}},{"classId":"e_1","part":"s1v1","offsets":[{"start":6508,"text":"Zunächst müsste ein Anfechtungsgrund vorliegen"}],"coordinates":[],"confidence":{"state":"pre-added","who":["user:FabianBrese"],"prob":1},"fields":{},"normalizations":{}},{"classId":"e_1","part":"s1v1","offsets":[{"start":6556,"text":"Dies könnte Inhaltsirrtum, Erklärungsirrtum, Irrtum über wesentliche Eigenschaften, Übermittlungsirrtum, arglistige Täuschung, widerrechtliche Drohung sein"}],"coordinates":[],"confidence":{"state":"pre-added","who":["user:FabianBrese"],"prob":1},"fields":{},"normalizations":{}},{"classId":"e_1","part":"s1v1","offsets":[{"start":6726,"text":"Es käme eine arglistige Täuschung in Betracht"}],"coordinates":[],"confidence":{"state":"pre-added","who":["user:FabianBrese"],"prob":1},"fields":{},"normalizations":{}},{"classId":"e_4","part":"s1v1","offsets":[{"start":6773,"text":"Die arglistigen Täuschung, gemäß §123 BGB, ist das bewusste und gewollte Aufrechterhalten eines Irrtums durch Unterdrücken wahrer Tatsachen, um den Getäuschten zur Abgabe einer Willenserklärung zu veranlassen"}],"coordinates":[],"confidence":{"state":"pre-added","who":["user:FabianBrese"],"prob":1},"fields":{},"normalizations":{}},{"classId":"e_4","part":"s1v1","offsets":[{"start":6983,"text":"Ein Anfechtungsgrund besteht nur dann, wenn die Täuschung kausal war, die Willenserklärung ohne sie also nicht, nicht so oder nicht zu dieser Zeit abgegeben worden wäre"}],"coordinates":[],"confidence":{"state":"pre-added","who":["user:FabianBrese"],"prob":1},"fields":{},"normalizations":{}},{"classId":"e_5","part":"s1v1","offsets":[{"start":7165,"text":"A behauptet bewusst das Auto sei Unfallfrei, obwohl sie dies nicht wusste. Diese falsche Aussage hätte sie nicht tun dürfen, denn das Auto hatte tatsächlich schon einen Unfall. Wenn K dies gewusst hätte, dann hätte sie das Angebot nicht angenommen."}],"coordinates":[],"confidence":{"state":"pre-added","who":["user:FabianBrese"],"prob":1},"fields":{},"normalizations":{}},{"classId":"e_7","part":"s1v1","offsets":[{"start":7165,"text":"A behauptet bewusst das Auto sei Unfallfrei, obwohl sie dies nicht wusste"}],"coordinates":[],"confidence":{"state":"pre-added","who":["user:FabianBrese"],"prob":1},"fields":{},"normalizations":{}},{"classId":"e_6","part":"s1v1","offsets":[{"start":7240,"text":"Diese falsche Aussage hätte sie nicht tun dürfen, denn das Auto hatte tatsächlich schon einen Unfall"}],"coordinates":[],"confidence":{"state":"pre-added","who":["user:FabianBrese"],"prob":1},"fields":{},"normalizations":{}},{"classId":"e_7","part":"s1v1","offsets":[{"start":7342,"text":"Wenn K dies gewusst hätte"}],"coordinates":[],"confidence":{"state":"pre-added","who":["user:FabianBrese"],"prob":1},"fields":{},"normalizations":{}},{"classId":"e_6","part":"s1v1","offsets":[{"start":7369,"text":"dann hätte sie das Angebot nicht angenommen"}],"coordinates":[],"confidence":{"state":"pre-added","who":["user:FabianBrese"],"prob":1},"fields":{},"normalizations":{}},{"classId":"e_2","part":"s1v1","offsets":[{"start":7414,"text":"Folglich kann sich K auf den Anfechtungsgrund „arglistige Täuschung“, gemäß §123 BGB, stützen"}],"coordinates":[],"confidence":{"state":"pre-added","who":["user:FabianBrese"],"prob":1},"fields":{},"normalizations":{}},{"classId":"e_1","part":"s1v1","offsets":[{"start":7532,"text":"K müsste die Anfechtung gem. § 142 Abs. 2 BGB gegenüber dem richtigen Vertragspartner erklärt haben"}],"coordinates":[],"confidence":{"state":"pre-added","who":["user:FabianBrese"],"prob":1},"fields":{},"normalizations":{}},{"classId":"e_5","part":"s1v1","offsets":[{"start":7645,"text":"K hat gegenüber V die Anfechtung erklärt, indem sie mitteilt, dass sie keinen Unfallwagen kaufen möchte und das Auto deshalb nicht bezahlt, sondern dies zurückgeben wird."}],"coordinates":[],"confidence":{"state":"pre-added","who":["user:FabianBrese"],"prob":1},"fields":{},"normalizations":{}},{"classId":"e_7","part":"s1v1","offsets":[{"start":7645,"text":"K hat gegenüber V die Anfechtung erklärt, indem sie mitteilt, dass sie keinen Unfallwagen kaufen möchte und das Auto deshalb nicht bezahlt"}],"coordinates":[],"confidence":{"state":"pre-added","who":["user:FabianBrese"],"prob":1},"fields":{},"normalizations":{}},{"classId":"e_6","part":"s1v1","offsets":[{"start":7785,"text":"sondern dies zurückgeben wird"}],"coordinates":[],"confidence":{"state":"pre-added","who":["user:FabianBrese"],"prob":1},"fields":{},"normalizations":{}},{"classId":"e_2","part":"s1v1","offsets":[{"start":8167,"text":"Es liegt eine wirksame Anfechtung und damit eine rechthindernde einwende vor"}],"coordinates":[],"confidence":{"state":"pre-added","who":["user:FabianBrese"],"prob":1},"fields":{},"normalizations":{}},{"classId":"e_2","part":"s1v1","offsets":[{"start":8245,"text":"Die Willenserklärung und der Kaufvertrag ist, gemäß § 142 Abs. 1 BGB. ec tunc"}],"coordinates":[],"confidence":{"state":"pre-added","who":["user:FabianBrese"],"prob":1},"fields":{},"normalizations":{}},{"classId":"e_2","part":"s1v1","offsets":[{"start":8324,"text":"Die Willenserklärung von K ist von Anfang an nichtig"}],"coordinates":[],"confidence":{"state":"pre-added","who":["user:FabianBrese"],"prob":1},"fields":{},"normalizations":{}},{"classId":"e_2","part":"s1v1","offsets":[{"start":8381,"text":"Somit hat V keinen Anspruch auf Zahlung, gemäß 433 Abs. 2 BGB"}],"coordinates":[],"confidence":{"state":"pre-added","who":["user:FabianBrese"],"prob":1},"fields":{},"normalizations":{}}],"relations":[{"classId":"r_3","type":"linked","directed":false,"entities":["s1v1|e_2|1768,1883","s1v1|e_1|1530,1596"],"confidence":{"state":"pre-added","who":["user:FabianBrese"],"prob":1}},{"classId":"r_3","type":"linked","directed":false,"entities":["s1v1|e_2|3240,3365","s1v1|e_1|3173,3236"],"confidence":{"state":"pre-added","who":["user:FabianBrese"],"prob":1}},{"classId":"r_3","type":"linked","directed":false,"entities":["s1v1|e_2|7414,7506","s1v1|e_1|6726,6770"],"confidence":{"state":"pre-added","who":["user:FabianBrese"],"prob":1}},{"classId":"r_3","type":"linked","directed":false,"entities":["s1v1|e_2|8245,8321","s1v1|e_1|5931,6005"],"confidence":{"state":"pre-added","who":["user:FabianBrese"],"prob":1}},{"classId":"r_8","type":"linked","directed":false,"entities":["s1v1|e_7|1197,1245","s1v1|e_6|1248,1275"],"confidence":{"state":"pre-added","who":["user:FabianBrese"],"prob":1}},{"classId":"r_8","type":"linked","directed":false,"entities":["s1v1|e_7|2064,2113","s1v1|e_6|2116,2147"],"confidence":{"state":"pre-added","who":["user:FabianBrese"],"prob":1}},{"classId":"r_8","type":"linked","directed":false,"entities":["s1v1|e_7|2151,2202","s1v1|e_6|2205,2253"],"confidence":{"state":"pre-added","who":["user:FabianBrese"],"prob":1}},{"classId":"r_8","type":"linked","directed":false,"entities":["s1v1|e_6|2952,3007","s1v1|e_7|3010,3090"],"confidence":{"state":"pre-added","who":["user:FabianBrese"],"prob":1}},{"classId":"r_8","type":"linked","directed":false,"entities":["s1v1|e_7|3851,3891","s1v1|e_6|3893,3940"],"confidence":{"state":"pre-added","who":["user:FabianBrese"],"prob":1}},{"classId":"r_8","type":"linked","directed":false,"entities":["s1v1|e_7|4872,4891","s1v1|e_6|4894,4936"],"confidence":{"state":"pre-added","who":["user:FabianBrese"],"prob":1}},{"classId":"r_8","type":"linked","directed":false,"entities":["s1v1|e_7|5377,5476","s1v1|e_6|5479,5499"],"confidence":{"state":"pre-added","who":["user:FabianBrese"],"prob":1}},{"classId":"r_8","type":"linked","directed":false,"entities":["s1v1|e_7|7165,7237","s1v1|e_6|7240,7339"],"confidence":{"state":"pre-added","who":["user:FabianBrese"],"prob":1}},{"classId":"r_8","type":"linked","directed":false,"entities":["s1v1|e_7|7342,7366","s1v1|e_6|7369,7411"],"confidence":{"state":"pre-added","who":["user:FabianBrese"],"prob":1}},{"classId":"r_8","type":"linked","directed":false,"entities":["s1v1|e_7|7645,7782","s1v1|e_6|7785,7813"],"confidence":{"state":"pre-added","who":["user:FabianBrese"],"prob":1}}]}