{"annotatable":{"parts":["s1v1"]},"anncomplete":true,"sources":[],"metas":{},"entities":[{"classId":"e_1","part":"s1v1","offsets":[{"start":13,"text":"K könnte gemäß §433 Abs.1 Satz1 BGB Anspruch auf Übergabe und Übereignung der Maschine (1.000.000€) gegen V haben"}],"coordinates":[],"confidence":{"state":"pre-added","who":["user:FabianBrese"],"prob":1},"fields":{},"normalizations":{}},{"classId":"e_1","part":"s1v1","offsets":[{"start":128,"text":"Voraussetzung für den Anspruch auf Übergabe und Übereignung wäre das Vorliegen eines Kaufvertrags"}],"coordinates":[],"confidence":{"state":"pre-added","who":["user:FabianBrese"],"prob":1},"fields":{},"normalizations":{}},{"classId":"e_4","part":"s1v1","offsets":[{"start":227,"text":"Ein Kaufvertrag kommt durch zwei übereinstimmende Willenserklärungen zustande (Angebot & Annahme)"}],"coordinates":[],"confidence":{"state":"pre-added","who":["user:FabianBrese"],"prob":1},"fields":{},"normalizations":{}},{"classId":"e_4","part":"s1v1","offsets":[{"start":327,"text":"Eine Willenserklärung ist die Äußerung eines auf Herbeiführung einer Rechtsfolge gerichteten Willens"}],"coordinates":[],"confidence":{"state":"pre-added","who":["user:FabianBrese"],"prob":1},"fields":{},"normalizations":{}},{"classId":"e_4","part":"s1v1","offsets":[{"start":429,"text":"Sie ist somit ein notwendiger Bestandteil eines jeden Rechtsgeschäftes"}],"coordinates":[],"confidence":{"state":"pre-added","who":["user:FabianBrese"],"prob":1},"fields":{},"normalizations":{}},{"classId":"e_4","part":"s1v1","offsets":[{"start":557,"text":"Ein Angebot ist ein Antrag zur Begründung eines Vertragsverhältnisses"}],"coordinates":[],"confidence":{"state":"pre-added","who":["user:FabianBrese"],"prob":1},"fields":{},"normalizations":{}},{"classId":"e_4","part":"s1v1","offsets":[{"start":628,"text":"Dabei handelt es sich um eine Willenserklärung, mit der ein Rechtsubjekt einem anderen den Abschluss eines Vertrages anbietet"}],"coordinates":[],"confidence":{"state":"pre-added","who":["user:FabianBrese"],"prob":1},"fields":{},"normalizations":{}},{"classId":"e_4","part":"s1v1","offsets":[{"start":755,"text":"Ein Angebot ist grundsätzlich bindend"}],"coordinates":[],"confidence":{"state":"pre-added","who":["user:FabianBrese"],"prob":1},"fields":{},"normalizations":{}},{"classId":"e_4","part":"s1v1","offsets":[{"start":794,"text":"Abgrenzen ist das Angebot von der bloßen Aufforderung an einen anderen, seinerseits ein Angebot zu unterbreiten"}],"coordinates":[],"confidence":{"state":"pre-added","who":["user:FabianBrese"],"prob":1},"fields":{},"normalizations":{}},{"classId":"e_5","part":"s1v1","offsets":[{"start":907,"text":"V hat selber kein Angebot der K abgegeben."}],"coordinates":[],"confidence":{"state":"pre-added","who":["user:FabianBrese"],"prob":1},"fields":{},"normalizations":{}},{"classId":"e_7","part":"s1v1","offsets":[{"start":907,"text":"V hat selber kein Angebot der K abgegeben"}],"coordinates":[],"confidence":{"state":"pre-added","who":["user:FabianBrese"],"prob":1},"fields":{},"normalizations":{}},{"classId":"e_1","part":"s1v1","offsets":[{"start":950,"text":"Die A könnte gemäß §164 Abs.1 BGB, die Maschine für 1.000.000€ für die V verkaufen"}],"coordinates":[],"confidence":{"state":"pre-added","who":["user:FabianBrese"],"prob":1},"fields":{},"normalizations":{}},{"classId":"e_1","part":"s1v1","offsets":[{"start":1034,"text":"Dafür muss die A für die V eine eigene Willenserklärung mit Vertretungsmacht abgeben"}],"coordinates":[],"confidence":{"state":"pre-added","who":["user:FabianBrese"],"prob":1},"fields":{},"normalizations":{}},{"classId":"e_1","part":"s1v1","offsets":[{"start":1184,"text":"Die A müsste eine eigene Willenserklärung als Stellvertreter abgeben"}],"coordinates":[],"confidence":{"state":"pre-added","who":["user:FabianBrese"],"prob":1},"fields":{},"normalizations":{}},{"classId":"e_4","part":"s1v1","offsets":[{"start":1254,"text":"Die Person kann sich wirksam vertreten lassen auch wenn diese nicht anwesend zum Abschluss eines betreffenden Rechtsgeschäftes ist"}],"coordinates":[],"confidence":{"state":"pre-added","who":["user:FabianBrese"],"prob":1},"fields":{},"normalizations":{}},{"classId":"e_5","part":"s1v1","offsets":[{"start":1386,"text":"Die A handelte eigenverantwortlich und macht K ein Angebot."}],"coordinates":[],"confidence":{"state":"pre-added","who":["user:FabianBrese"],"prob":1},"fields":{},"normalizations":{}},{"classId":"e_7","part":"s1v1","offsets":[{"start":1386,"text":"Die A handelte eigenverantwortlich und macht K ein Angebot"}],"coordinates":[],"confidence":{"state":"pre-added","who":["user:FabianBrese"],"prob":1},"fields":{},"normalizations":{}},{"classId":"e_2","part":"s1v1","offsets":[{"start":1446,"text":"Somit hat die A eine eigene Willenserklärung abgegeben"}],"coordinates":[],"confidence":{"state":"pre-added","who":["user:FabianBrese"],"prob":1},"fields":{},"normalizations":{}},{"classId":"e_2","part":"s1v1","offsets":[{"start":1502,"text":"Und somit hat auch die A im Auftrag der H ein Angebot abgegeben"}],"coordinates":[],"confidence":{"state":"pre-added","who":["user:FabianBrese"],"prob":1},"fields":{},"normalizations":{}},{"classId":"e_5","part":"s1v1","offsets":[{"start":1567,"text":"Die A hat in Namen von V gemäß §164 Abs.1BGB ein Angebot per E-Mail geschickt, über den Kauf der Maschine (1.000.000.€), mit der Frist bis zum 10.03."}],"coordinates":[],"confidence":{"state":"pre-added","who":["user:FabianBrese"],"prob":1},"fields":{},"normalizations":{}},{"classId":"e_7","part":"s1v1","offsets":[{"start":1567,"text":"Die A hat in Namen von V gemäß §164 Abs.1BGB ein Angebot per E-Mail geschickt, über den Kauf der Maschine (1.000.000.€), mit der Frist bis zum 10.03"}],"coordinates":[],"confidence":{"state":"pre-added","who":["user:FabianBrese"],"prob":1},"fields":{},"normalizations":{}},{"classId":"e_1","part":"s1v1","offsets":[{"start":1717,"text":"Die K müsste das Angebot von A vom 10.03. angenommen haben"}],"coordinates":[],"confidence":{"state":"pre-added","who":["user:FabianBrese"],"prob":1},"fields":{},"normalizations":{}},{"classId":"e_4","part":"s1v1","offsets":[{"start":1777,"text":"Eine Annahme ist die in Bezug auf ein Angebot abgegebene Willenserklärung, mit der ein Vertrag begründet wird"}],"coordinates":[],"confidence":{"state":"pre-added","who":["user:FabianBrese"],"prob":1},"fields":{},"normalizations":{}},{"classId":"e_4","part":"s1v1","offsets":[{"start":1888,"text":"Die Annahme muss dem Angebot entsprechend und kann entweder ausdrücklich oder konkludent durch schlüssiges Verhalten verfolgen"}],"coordinates":[],"confidence":{"state":"pre-added","who":["user:FabianBrese"],"prob":1},"fields":{},"normalizations":{}},{"classId":"e_5","part":"s1v1","offsets":[{"start":2016,"text":"K nimmt das Angebot an und schickte seine Annahmeerklärung fristgerecht an die A per E-Mail am Morgen 10.03. Die E-Mail ist jedoch in den Spam-Ordner des A gelandet."}],"coordinates":[],"confidence":{"state":"pre-added","who":["user:FabianBrese"],"prob":1},"fields":{},"normalizations":{}},{"classId":"e_7","part":"s1v1","offsets":[{"start":2016,"text":"K nimmt das Angebot an und schickte seine Annahmeerklärung fristgerecht an die A per E-Mail am Morgen 10.03"}],"coordinates":[],"confidence":{"state":"pre-added","who":["user:FabianBrese"],"prob":1},"fields":{},"normalizations":{}},{"classId":"e_2","part":"s1v1","offsets":[{"start":2182,"text":"Somit entsteht eine Annahme"}],"coordinates":[],"confidence":{"state":"pre-added","who":["user:FabianBrese"],"prob":1},"fields":{},"normalizations":{}},{"classId":"e_2","part":"s1v1","offsets":[{"start":2220,"text":"Ein Kaufvertrag zwischen K und V ist endstanden"}],"coordinates":[],"confidence":{"state":"pre-added","who":["user:FabianBrese"],"prob":1},"fields":{},"normalizations":{}},{"classId":"e_1","part":"s1v1","offsets":[{"start":2280,"text":"V könnte gemäß §142 Abs.1 BGB anfechten"}],"coordinates":[],"confidence":{"state":"pre-added","who":["user:FabianBrese"],"prob":1},"fields":{},"normalizations":{}},{"classId":"e_5","part":"s1v1","offsets":[{"start":2416,"text":"V machte deutlich, dass sie die Maschine wegen Irrtum des Preises nicht weitergibt und weigert sich gegenüber dem K diese zu überreichen. Eine Erklärung liegt vor."}],"coordinates":[],"confidence":{"state":"pre-added","who":["user:FabianBrese"],"prob":1},"fields":{},"normalizations":{}},{"classId":"e_7","part":"s1v1","offsets":[{"start":2416,"text":"V machte deutlich, dass sie die Maschine wegen Irrtum des Preises nicht weitergibt und weigert sich gegenüber dem K diese zu überreichen"}],"coordinates":[],"confidence":{"state":"pre-added","who":["user:FabianBrese"],"prob":1},"fields":{},"normalizations":{}},{"classId":"e_6","part":"s1v1","offsets":[{"start":2554,"text":"Eine Erklärung liegt vor"}],"coordinates":[],"confidence":{"state":"pre-added","who":["user:FabianBrese"],"prob":1},"fields":{},"normalizations":{}},{"classId":"e_1","part":"s1v1","offsets":[{"start":2711,"text":"V müsste gemäß §199 Abs.1 BGB über den Inhalt im Irrtum gewesen sein oder wollte eine Erklärung dieses Inhalts nicht abgeben"}],"coordinates":[],"confidence":{"state":"pre-added","who":["user:FabianBrese"],"prob":1},"fields":{},"normalizations":{}},{"classId":"e_4","part":"s1v1","offsets":[{"start":2885,"text":"Der Irrtum bezeichnet im engeren Sinne eine fasche/ Meinung, wobei der Behauptende jeweils das Falsche für richtig hält"}],"coordinates":[],"confidence":{"state":"pre-added","who":["user:FabianBrese"],"prob":1},"fields":{},"normalizations":{}},{"classId":"e_5","part":"s1v1","offsets":[{"start":3006,"text":"Die A handelte eigenverantwortlich für die V und der V ist demnach auch bewusst von dem Inhalt und das A auch ein Angebot gegenüber dem K macht."}],"coordinates":[],"confidence":{"state":"pre-added","who":["user:FabianBrese"],"prob":1},"fields":{},"normalizations":{}},{"classId":"e_7","part":"s1v1","offsets":[{"start":3006,"text":"Die A handelte eigenverantwortlich für die V und der V ist demnach auch bewusst von dem Inhalt und das A auch ein Angebot gegenüber dem K macht"}],"coordinates":[],"confidence":{"state":"pre-added","who":["user:FabianBrese"],"prob":1},"fields":{},"normalizations":{}},{"classId":"e_2","part":"s1v1","offsets":[{"start":3151,"text":"Es liegt also kein inhaltlicher Irrtum vor und kann somit wegen inhaltlichem Irrtum nicht anfechten"}],"coordinates":[],"confidence":{"state":"pre-added","who":["user:FabianBrese"],"prob":1},"fields":{},"normalizations":{}},{"classId":"e_2","part":"s1v1","offsets":[{"start":3252,"text":"V kann den Kaufvertrag mit K nicht wirksam anfechten"}],"coordinates":[],"confidence":{"state":"pre-added","who":["user:FabianBrese"],"prob":1},"fields":{},"normalizations":{}},{"classId":"e_2","part":"s1v1","offsets":[{"start":3315,"text":"K hat gemäß §433 Abs. 1 BGB gegenüber der V Anspruch auf Übergabe und Übereignung der Maschine"}],"coordinates":[],"confidence":{"state":"pre-added","who":["user:FabianBrese"],"prob":1},"fields":{},"normalizations":{}}],"relations":[{"classId":"r_3","type":"linked","directed":false,"entities":["s1v1|e_2|1446,1499","s1v1|e_1|1184,1251"],"confidence":{"state":"pre-added","who":["user:FabianBrese"],"prob":1}},{"classId":"r_3","type":"linked","directed":false,"entities":["s1v1|e_2|1502,1564","s1v1|e_1|1034,1117"],"confidence":{"state":"pre-added","who":["user:FabianBrese"],"prob":1}},{"classId":"r_3","type":"linked","directed":false,"entities":["s1v1|e_2|2182,2208","s1v1|e_1|1717,1774"],"confidence":{"state":"pre-added","who":["user:FabianBrese"],"prob":1}},{"classId":"r_3","type":"linked","directed":false,"entities":["s1v1|e_2|2220,2266","s1v1|e_1|128,224"],"confidence":{"state":"pre-added","who":["user:FabianBrese"],"prob":1}},{"classId":"r_3","type":"linked","directed":false,"entities":["s1v1|e_2|3151,3249","s1v1|e_1|2711,2834"],"confidence":{"state":"pre-added","who":["user:FabianBrese"],"prob":1}},{"classId":"r_3","type":"linked","directed":false,"entities":["s1v1|e_2|3252,3303","s1v1|e_1|2280,2318"],"confidence":{"state":"pre-added","who":["user:FabianBrese"],"prob":1}},{"classId":"r_3","type":"linked","directed":false,"entities":["s1v1|e_2|3315,3408","s1v1|e_1|13,125"],"confidence":{"state":"pre-added","who":["user:FabianBrese"],"prob":1}}]}