{"annotatable":{"parts":["s1v1"]},"anncomplete":true,"sources":[],"metas":{},"entities":[{"classId":"e_1","part":"s1v1","offsets":[{"start":14,"text":"K könnte einen Anspruch auf Übergabe und Übereignung der Maschine gemäß §433 I 1 BGB haben"}],"coordinates":[],"confidence":{"state":"pre-added","who":["user:FabianBrese"],"prob":1},"fields":{},"normalizations":{}},{"classId":"e_1","part":"s1v1","offsets":[{"start":107,"text":"Hierfür müsste ein wirksamer Kaufvertrag zwischen K und V in Stellvertretung entstanden sein"}],"coordinates":[],"confidence":{"state":"pre-added","who":["user:FabianBrese"],"prob":1},"fields":{},"normalizations":{}},{"classId":"e_4","part":"s1v1","offsets":[{"start":201,"text":"Ein Kaufvertrag liegt vor, wenn zwei übereinstimmende Willenserklärungen (Angebot und Annahme) nach §§ 145 ff. BGB abgegeben werden"}],"coordinates":[],"confidence":{"state":"pre-added","who":["user:FabianBrese"],"prob":1},"fields":{},"normalizations":{}},{"classId":"e_1","part":"s1v1","offsets":[{"start":345,"text":"Fraglich ist, ob ein Angebot durch V vorliegt"}],"coordinates":[],"confidence":{"state":"pre-added","who":["user:FabianBrese"],"prob":1},"fields":{},"normalizations":{}},{"classId":"e_4","part":"s1v1","offsets":[{"start":392,"text":"Ein Angebot ist eine empfangsbedürftige Willenserklärung unter Festlegung der essentialia negotii (Kaufpreis, Kaufsache und Vertragsparteien), die so vorgetragen wird, dass der Empfänger nur noch zustimmen muss"}],"coordinates":[],"confidence":{"state":"pre-added","who":["user:FabianBrese"],"prob":1},"fields":{},"normalizations":{}},{"classId":"e_5","part":"s1v1","offsets":[{"start":604,"text":"Das Angebot der Maschine zum Preis von 1.000.000,- läuft am 10.03. ab."}],"coordinates":[],"confidence":{"state":"pre-added","who":["user:FabianBrese"],"prob":1},"fields":{},"normalizations":{}},{"classId":"e_7","part":"s1v1","offsets":[{"start":604,"text":"Das Angebot der Maschine zum Preis von 1.000.000,- läuft am 10.03. ab"}],"coordinates":[],"confidence":{"state":"pre-added","who":["user:FabianBrese"],"prob":1},"fields":{},"normalizations":{}},{"classId":"e_2","part":"s1v1","offsets":[{"start":675,"text":"Daher ist nicht eindeutig, ob V oder A die Willenserklärung geäußert hat"}],"coordinates":[],"confidence":{"state":"pre-added","who":["user:FabianBrese"],"prob":1},"fields":{},"normalizations":{}},{"classId":"e_1","part":"s1v1","offsets":[{"start":774,"text":"Die Vertragspartei müsste das Angebot persönlich unterbreitet haben"}],"coordinates":[],"confidence":{"state":"pre-added","who":["user:FabianBrese"],"prob":1},"fields":{},"normalizations":{}},{"classId":"e_5","part":"s1v1","offsets":[{"start":843,"text":"V handelt im Sachverhalt nicht selbst, sondern durch A."}],"coordinates":[],"confidence":{"state":"pre-added","who":["user:FabianBrese"],"prob":1},"fields":{},"normalizations":{}},{"classId":"e_7","part":"s1v1","offsets":[{"start":843,"text":"V handelt im Sachverhalt nicht selbst"}],"coordinates":[],"confidence":{"state":"pre-added","who":["user:FabianBrese"],"prob":1},"fields":{},"normalizations":{}},{"classId":"e_6","part":"s1v1","offsets":[{"start":882,"text":"sondern durch A"}],"coordinates":[],"confidence":{"state":"pre-added","who":["user:FabianBrese"],"prob":1},"fields":{},"normalizations":{}},{"classId":"e_1","part":"s1v1","offsets":[{"start":902,"text":"Es ist fraglich, ob eine Willenserklärung der A als Stellvertreterin vorliegt"}],"coordinates":[],"confidence":{"state":"pre-added","who":["user:FabianBrese"],"prob":1},"fields":{},"normalizations":{}},{"classId":"e_5","part":"s1v1","offsets":[{"start":1144,"text":"Demnach ist V das Handeln der A zuzurechnen. A hat so gehandelt, dass aus der Perspektive der K von einem eigenen Entscheidungsspielraum der A auszugehen ist."}],"coordinates":[],"confidence":{"state":"pre-added","who":["user:FabianBrese"],"prob":1},"fields":{},"normalizations":{}},{"classId":"e_6","part":"s1v1","offsets":[{"start":1144,"text":"Demnach ist V das Handeln der A zuzurechnen"}],"coordinates":[],"confidence":{"state":"pre-added","who":["user:FabianBrese"],"prob":1},"fields":{},"normalizations":{}},{"classId":"e_7","part":"s1v1","offsets":[{"start":1189,"text":"A hat so gehandelt, dass aus der Perspektive der K von einem eigenen Entscheidungsspielraum der A auszugehen ist"}],"coordinates":[],"confidence":{"state":"pre-added","who":["user:FabianBrese"],"prob":1},"fields":{},"normalizations":{}},{"classId":"e_2","part":"s1v1","offsets":[{"start":1303,"text":"Somit lässt sich hier auf einen Vertretereigenschaft schließen"}],"coordinates":[],"confidence":{"state":"pre-added","who":["user:FabianBrese"],"prob":1},"fields":{},"normalizations":{}},{"classId":"e_1","part":"s1v1","offsets":[{"start":1370,"text":"A müsste außerdem im Namen des Stellvertretenden eine Willenserklärung gemäß §164 I BGB abgegeben haben"}],"coordinates":[],"confidence":{"state":"pre-added","who":["user:FabianBrese"],"prob":1},"fields":{},"normalizations":{}},{"classId":"e_5","part":"s1v1","offsets":[{"start":1475,"text":"Im vorliegenden Fall sagt A nicht ausdrücklich, dass sie für V die Maschine verkaufen möchte, dennoch ist aus dem Kontext anzunehmen, dass sie als Arbeitnehmerin des V handelt und ihre Aufgaben erfüllt."}],"coordinates":[],"confidence":{"state":"pre-added","who":["user:FabianBrese"],"prob":1},"fields":{},"normalizations":{}},{"classId":"e_7","part":"s1v1","offsets":[{"start":1475,"text":"Im vorliegenden Fall sagt A nicht ausdrücklich, dass sie für V die Maschine verkaufen möchte"}],"coordinates":[],"confidence":{"state":"pre-added","who":["user:FabianBrese"],"prob":1},"fields":{},"normalizations":{}},{"classId":"e_6","part":"s1v1","offsets":[{"start":1569,"text":"dennoch ist aus dem Kontext anzunehmen, dass sie als Arbeitnehmerin des V handelt und ihre Aufgaben erfüllt"}],"coordinates":[],"confidence":{"state":"pre-added","who":["user:FabianBrese"],"prob":1},"fields":{},"normalizations":{}},{"classId":"e_1","part":"s1v1","offsets":[{"start":1681,"text":"A müsste auch mit und innerhalb der Vertretungsmacht nach § 164 I BGB gehandelt haben"}],"coordinates":[],"confidence":{"state":"pre-added","who":["user:FabianBrese"],"prob":1},"fields":{},"normalizations":{}},{"classId":"e_5","part":"s1v1","offsets":[{"start":1840,"text":"Laut Sachverhalt hat V angewiesen, den Verkauf eigenverantwortlich abzuwickeln."}],"coordinates":[],"confidence":{"state":"pre-added","who":["user:FabianBrese"],"prob":1},"fields":{},"normalizations":{}},{"classId":"e_7","part":"s1v1","offsets":[{"start":1840,"text":"Laut Sachverhalt hat V angewiesen, den Verkauf eigenverantwortlich abzuwickeln"}],"coordinates":[],"confidence":{"state":"pre-added","who":["user:FabianBrese"],"prob":1},"fields":{},"normalizations":{}},{"classId":"e_2","part":"s1v1","offsets":[{"start":2023,"text":"Ein Angebot nach § 145 BGB liegt vor"}],"coordinates":[],"confidence":{"state":"pre-added","who":["user:FabianBrese"],"prob":1},"fields":{},"normalizations":{}},{"classId":"e_1","part":"s1v1","offsets":[{"start":2073,"text":"Fraglich ist, ob k das Angebot angenommen hat"}],"coordinates":[],"confidence":{"state":"pre-added","who":["user:FabianBrese"],"prob":1},"fields":{},"normalizations":{}},{"classId":"e_1","part":"s1v1","offsets":[{"start":2123,"text":"Zunächst müsste K eine Annahmeerklärung abgegeben haben"}],"coordinates":[],"confidence":{"state":"pre-added","who":["user:FabianBrese"],"prob":1},"fields":{},"normalizations":{}},{"classId":"e_2","part":"s1v1","offsets":[{"start":2180,"text":"Dies geschah ausdrücklich am 10.03. durch die E-Mail an die Adresse von A"}],"coordinates":[],"confidence":{"state":"pre-added","who":["user:FabianBrese"],"prob":1},"fields":{},"normalizations":{}},{"classId":"e_1","part":"s1v1","offsets":[{"start":2258,"text":"Die Annahmeerklärung müsste der A zugegangen sein ggf. unter Wahrung der vertraglich vereinbarten Frist"}],"coordinates":[],"confidence":{"state":"pre-added","who":["user:FabianBrese"],"prob":1},"fields":{},"normalizations":{}},{"classId":"e_2","part":"s1v1","offsets":[{"start":2363,"text":"Diese Frist wurde durch das Abschicken der Erklärung in Form einer E-Mail am Morgen des 10.03. gewahrt"}],"coordinates":[],"confidence":{"state":"pre-added","who":["user:FabianBrese"],"prob":1},"fields":{},"normalizations":{}},{"classId":"e_5","part":"s1v1","offsets":[{"start":2467,"text":"Dadurch, dass diese jedoch im Spam Ordner gelandet ist, hat A davon (innerhalb der Frist) keine Kenntnis erhalten. Durch die Annahmeerklärung erst nach der Frist den Herrschaftsbereich der V erreicht hat, führt das zum Erlöschen des Angebots nach § 146 BGB."}],"coordinates":[],"confidence":{"state":"pre-added","who":["user:FabianBrese"],"prob":1},"fields":{},"normalizations":{}},{"classId":"e_7","part":"s1v1","offsets":[{"start":2582,"text":"Durch die Annahmeerklärung erst nach der Frist den Herrschaftsbereich der V erreicht hat"}],"coordinates":[],"confidence":{"state":"pre-added","who":["user:FabianBrese"],"prob":1},"fields":{},"normalizations":{}},{"classId":"e_6","part":"s1v1","offsets":[{"start":2672,"text":"führt das zum Erlöschen des Angebots nach § 146 BGB"}],"coordinates":[],"confidence":{"state":"pre-added","who":["user:FabianBrese"],"prob":1},"fields":{},"normalizations":{}},{"classId":"e_4","part":"s1v1","offsets":[{"start":2795,"text":"Wenn die Erklärung so abgesendet wurde, dass sie dem Adressaten bei regelmäßiger Beförderung rechtzeitig zugegangen wäre und der Adressat dies erkennen musste, ist dieser dazu verpflichtet, dem Erklärenden die Verspätung unverzüglich nach dem Empfang der Erklärung anzuzeigen, falls er die Annahmeerklärung nicht mehr gelten lassen möchte"}],"coordinates":[],"confidence":{"state":"pre-added","who":["user:FabianBrese"],"prob":1},"fields":{},"normalizations":{}},{"classId":"e_4","part":"s1v1","offsets":[{"start":3135,"text":"Sollte der Empfänger diese Anzeige verzögern, gilt die Annahme als nicht verspätet"}],"coordinates":[],"confidence":{"state":"pre-added","who":["user:FabianBrese"],"prob":1},"fields":{},"normalizations":{}},{"classId":"e_5","part":"s1v1","offsets":[{"start":3339,"text":"A bzw. V konnte erkennen, dass K eine Annahme senden wollte, indem sie bei ihr anriefen und K sie davon in Kenntnis setzte. V hat nicht gezögert und wollte gemäß § 150 I BGB den Antrag als verspätet gelten lassen, indem V zuerst bei K anrief."}],"coordinates":[],"confidence":{"state":"pre-added","who":["user:FabianBrese"],"prob":1},"fields":{},"normalizations":{}},{"classId":"e_7","part":"s1v1","offsets":[{"start":3463,"text":"V hat nicht gezögert und wollte gemäß § 150 I BGB den Antrag als verspätet gelten lassen, indem V zuerst bei K anrief"}],"coordinates":[],"confidence":{"state":"pre-added","who":["user:FabianBrese"],"prob":1},"fields":{},"normalizations":{}},{"classId":"e_2","part":"s1v1","offsets":[{"start":3582,"text":"Demnach gilt der Antrag als verspätet nach § 150 I BGB"}],"coordinates":[],"confidence":{"state":"pre-added","who":["user:FabianBrese"],"prob":1},"fields":{},"normalizations":{}},{"classId":"e_2","part":"s1v1","offsets":[{"start":3641,"text":"Folglich erlischt das Angebot bei nicht rechtzeitiger Annahmeerklärung gemäß §§ 146, 150 BGB"}],"coordinates":[],"confidence":{"state":"pre-added","who":["user:FabianBrese"],"prob":1},"fields":{},"normalizations":{}},{"classId":"e_1","part":"s1v1","offsets":[{"start":3752,"text":"Die Willenserklärung der K könnte außerdem gem. §142 Abs. 1 S.1 BGB nichtig sein, da sie aufgrund eines Irrtums anfechtbar sein könnte"}],"coordinates":[],"confidence":{"state":"pre-added","who":["user:FabianBrese"],"prob":1},"fields":{},"normalizations":{}},{"classId":"e_5","part":"s1v1","offsets":[{"start":3953,"text":"Das hat V getan, indem sie erklärt hat, dass kein Vertrag zustande gekommen ist."}],"coordinates":[],"confidence":{"state":"pre-added","who":["user:FabianBrese"],"prob":1},"fields":{},"normalizations":{}},{"classId":"e_7","part":"s1v1","offsets":[{"start":3953,"text":"Das hat V getan, indem sie erklärt hat, dass kein Vertrag zustande gekommen ist"}],"coordinates":[],"confidence":{"state":"pre-added","who":["user:FabianBrese"],"prob":1},"fields":{},"normalizations":{}},{"classId":"e_5","part":"s1v1","offsets":[{"start":4037,"text":"Der Anfechtungsgrund ist laut V der Irrtum der stellvertretenden A, welche sich laut V über den Wert der Maschine getäuscht hat. Zum Zeitpunkt des Abschlusses des Vertrages war niemandem bewusst, dass die Maschinen an großem Wert gewinnen würden."}],"coordinates":[],"confidence":{"state":"pre-added","who":["user:FabianBrese"],"prob":1},"fields":{},"normalizations":{}},{"classId":"e_6","part":"s1v1","offsets":[{"start":4166,"text":"Zum Zeitpunkt des Abschlusses des Vertrages war niemandem bewusst, dass die Maschinen an großem Wert gewinnen würden"}],"coordinates":[],"confidence":{"state":"pre-added","who":["user:FabianBrese"],"prob":1},"fields":{},"normalizations":{}},{"classId":"e_6","part":"s1v1","offsets":[{"start":4465,"text":"Die Anfechtungsfrist nach § 121 Abs.1 BGB wurde eingehalten"}],"coordinates":[],"confidence":{"state":"pre-added","who":["user:FabianBrese"],"prob":1},"fields":{},"normalizations":{}},{"classId":"e_5","part":"s1v1","offsets":[{"start":4465,"text":"Die Anfechtungsfrist nach § 121 Abs.1 BGB wurde eingehalten, da V bei K angerufen hat und die Herausgabe der Sache verweigert hat."}],"coordinates":[],"confidence":{"state":"pre-added","who":["user:FabianBrese"],"prob":1},"fields":{},"normalizations":{}},{"classId":"e_7","part":"s1v1","offsets":[{"start":4526,"text":"da V bei K angerufen hat und die Herausgabe der Sache verweigert hat"}],"coordinates":[],"confidence":{"state":"pre-added","who":["user:FabianBrese"],"prob":1},"fields":{},"normalizations":{}},{"classId":"e_2","part":"s1v1","offsets":[{"start":4633,"text":"Die Anfechtung der V ist wirksam"}],"coordinates":[],"confidence":{"state":"pre-added","who":["user:FabianBrese"],"prob":1},"fields":{},"normalizations":{}},{"classId":"e_2","part":"s1v1","offsets":[{"start":4672,"text":"V und K haben keinen wirksamen Kaufvertrag gemäß § 433 BGB geschlossen"}],"coordinates":[],"confidence":{"state":"pre-added","who":["user:FabianBrese"],"prob":1},"fields":{},"normalizations":{}},{"classId":"e_2","part":"s1v1","offsets":[{"start":4754,"text":"K hat keinen Anspruch gegenüber V auf Übergabe und Übereignung der Maschine gemäß § 433 BGB"}],"coordinates":[],"confidence":{"state":"pre-added","who":["user:FabianBrese"],"prob":1},"fields":{},"normalizations":{}}],"relations":[{"classId":"r_3","type":"linked","directed":false,"entities":["s1v1|e_1|107,198","s1v1|e_2|4672,4741"],"confidence":{"state":"pre-added","who":["user:FabianBrese"],"prob":1}},{"classId":"r_3","type":"linked","directed":false,"entities":["s1v1|e_2|675,746","s1v1|e_1|345,389"],"confidence":{"state":"pre-added","who":["user:FabianBrese"],"prob":1}},{"classId":"r_3","type":"linked","directed":false,"entities":["s1v1|e_2|2180,2252","s1v1|e_1|2123,2177"],"confidence":{"state":"pre-added","who":["user:FabianBrese"],"prob":1}},{"classId":"r_3","type":"linked","directed":false,"entities":["s1v1|e_2|2363,2464","s1v1|e_1|2258,2360"],"confidence":{"state":"pre-added","who":["user:FabianBrese"],"prob":1}},{"classId":"r_3","type":"linked","directed":false,"entities":["s1v1|e_2|4633,4664","s1v1|e_1|3752,3885"],"confidence":{"state":"pre-added","who":["user:FabianBrese"],"prob":1}},{"classId":"r_3","type":"linked","directed":false,"entities":["s1v1|e_2|4754,4844","s1v1|e_1|14,103"],"confidence":{"state":"pre-added","who":["user:FabianBrese"],"prob":1}},{"classId":"r_8","type":"linked","directed":false,"entities":["s1v1|e_7|843,879","s1v1|e_6|882,896"],"confidence":{"state":"pre-added","who":["user:FabianBrese"],"prob":1}},{"classId":"r_8","type":"linked","directed":false,"entities":["s1v1|e_6|1144,1186","s1v1|e_7|1189,1300"],"confidence":{"state":"pre-added","who":["user:FabianBrese"],"prob":1}},{"classId":"r_8","type":"linked","directed":false,"entities":["s1v1|e_7|1475,1566","s1v1|e_6|1569,1675"],"confidence":{"state":"pre-added","who":["user:FabianBrese"],"prob":1}},{"classId":"r_8","type":"linked","directed":false,"entities":["s1v1|e_7|2582,2669","s1v1|e_6|2672,2722"],"confidence":{"state":"pre-added","who":["user:FabianBrese"],"prob":1}},{"classId":"r_8","type":"linked","directed":false,"entities":["s1v1|e_6|4465,4523","s1v1|e_7|4526,4593"],"confidence":{"state":"pre-added","who":["user:FabianBrese"],"prob":1}}]}