{"annotatable":{"parts":["s1v1"]},"anncomplete":true,"sources":[],"metas":{},"entities":[{"classId":"e_1","part":"s1v1","offsets":[{"start":14,"text":"H könnte einen Anspruch auf Zahlung des Kaufpreises für den Luftreiniger gegen R aus § 433 II BGB haben"}],"coordinates":[],"confidence":{"state":"pre-added","who":["user:Frederike"],"prob":1},"fields":{},"normalizations":{}},{"classId":"e_1","part":"s1v1","offsets":[{"start":119,"text":"Ein solcher Anspruch auf Kaufpreiszahlung setzt voraus, dass zwischen H und R ein Kaufvertrag zustande gekommen ist"}],"coordinates":[],"confidence":{"state":"pre-added","who":["user:Frederike"],"prob":1},"fields":{},"normalizations":{}},{"classId":"e_4","part":"s1v1","offsets":[{"start":236,"text":"Ein Kaufvertrag gem. §433 BGB ist ein Vertrag über den Erwerb einer Sache gegen Zahlung eines Kaufpreises"}],"coordinates":[],"confidence":{"state":"pre-added","who":["user:Frederike"],"prob":1},"fields":{},"normalizations":{}},{"classId":"e_4","part":"s1v1","offsets":[{"start":343,"text":"Sachen sind gem. §90 BGB körperliche Gegenstände"}],"coordinates":[],"confidence":{"state":"pre-added","who":["user:Frederike"],"prob":1},"fields":{},"normalizations":{}},{"classId":"e_4","part":"s1v1","offsets":[{"start":393,"text":"Ein Vertrag kommt gem. §151 S. 1 BGB durch die Annahme des Antrags zustande, ohne dass die Annahme dem Antragenden gegenüber erklärt zu werden braucht, wenn eine solche Erklärung nach der Verkehrssitte nicht zu erwarten ist oder der Antragende auf sie verzichtet hat"}],"coordinates":[],"confidence":{"state":"pre-added","who":["user:Frederike"],"prob":1},"fields":{},"normalizations":{}},{"classId":"e_5","part":"s1v1","offsets":[{"start":661,"text":"Laut Sachverhalt haben H und R einen Vertrag über den Erwerb eines Leitz Z-1000 von H an R geschlossen. Der Vertrag ist ohne Erklärung des Antrags des H gültig."}],"coordinates":[],"confidence":{"state":"pre-added","who":["user:Frederike"],"prob":1},"fields":{},"normalizations":{}},{"classId":"e_7","part":"s1v1","offsets":[{"start":661,"text":"Laut Sachverhalt haben H und R einen Vertrag über den Erwerb eines Leitz Z-1000 von H an R geschlossen"}],"coordinates":[],"confidence":{"state":"pre-added","who":["user:Frederike"],"prob":1},"fields":{},"normalizations":{}},{"classId":"e_6","part":"s1v1","offsets":[{"start":765,"text":"Der Vertrag ist ohne Erklärung des Antrags des H gültig"}],"coordinates":[],"confidence":{"state":"pre-added","who":["user:Frederike"],"prob":1},"fields":{},"normalizations":{}},{"classId":"e_2","part":"s1v1","offsets":[{"start":822,"text":"Zwischen H und R ist folglich ein Kaufvertrag zustande gekommen"}],"coordinates":[],"confidence":{"state":"pre-added","who":["user:Frederike"],"prob":1},"fields":{},"normalizations":{}},{"classId":"e_1","part":"s1v1","offsets":[{"start":887,"text":"R könnte den Kaufvertrag für den Luftreiniger von H gem. §119 I BGB anfechten"}],"coordinates":[],"confidence":{"state":"pre-added","who":["user:Frederike"],"prob":1},"fields":{},"normalizations":{}},{"classId":"e_1","part":"s1v1","offsets":[{"start":966,"text":"Eine solche Anfechtbarkeit setzt voraus, dass ein beim Erstellen des Antrags von R an H ein Irrtum vorlag"}],"coordinates":[],"confidence":{"state":"pre-added","who":["user:Frederike"],"prob":1},"fields":{},"normalizations":{}},{"classId":"e_4","part":"s1v1","offsets":[{"start":1074,"text":"Anfechtbarkeit wegen Irrtums besteht gem. § 119 I BGB, wenn eine Person eine Willenserklärung abgegeben hat, aber über deren Inhalt im Irrtum war oder eine Erklärung dieses Inhalts überhaupt nicht abgeben wollte und anzunehmen ist, dass die Willenserklärung bei Kenntnis der Sachlage und bei verständiger Würdigung des Falles nicht abgegeben haben würde"}],"coordinates":[],"confidence":{"state":"pre-added","who":["user:Frederike"],"prob":1},"fields":{},"normalizations":{}},{"classId":"e_5","part":"s1v1","offsets":[{"start":1429,"text":"Laut Sachverhalt hatte R die Absicht einen Aktenordner der Firma Leitz mit der Bezeichnung Z-1000 zu kaufen und nicht den Luftreiniger der Firma Leitz mit der Bezeichnung Z-1000."}],"coordinates":[],"confidence":{"state":"pre-added","who":["user:Frederike"],"prob":1},"fields":{},"normalizations":{}},{"classId":"e_7","part":"s1v1","offsets":[{"start":1429,"text":"Laut Sachverhalt hatte R die Absicht einen Aktenordner der Firma Leitz mit der Bezeichnung Z-1000 zu kaufen und nicht den Luftreiniger der Firma Leitz mit der Bezeichnung Z-1000"}],"coordinates":[],"confidence":{"state":"pre-added","who":["user:Frederike"],"prob":1},"fields":{},"normalizations":{}},{"classId":"e_2","part":"s1v1","offsets":[{"start":1608,"text":"Folglich erliegt zwischen R und H ein Irrtum"}],"coordinates":[],"confidence":{"state":"pre-added","who":["user:Frederike"],"prob":1},"fields":{},"normalizations":{}},{"classId":"e_2","part":"s1v1","offsets":[{"start":1654,"text":"Somit hat H keinen Anspruch gegen R auf Zahlung des Kaufpreises aus § 433 II BGB durch Anfechtbarkeit aus § 119 I BGB"}],"coordinates":[],"confidence":{"state":"pre-added","who":["user:Frederike"],"prob":1},"fields":{},"normalizations":{}}],"relations":[{"classId":"r_3","type":"linked","directed":false,"entities":["s1v1|e_1|119,233","s1v1|e_2|822,884"],"confidence":{"state":"pre-added","who":["user:Frederike"],"prob":1}},{"classId":"r_3","type":"linked","directed":false,"entities":["s1v1|e_2|1608,1651","s1v1|e_1|966,1070"],"confidence":{"state":"pre-added","who":["user:Frederike"],"prob":1}},{"classId":"r_3","type":"linked","directed":false,"entities":["s1v1|e_2|1654,1770","s1v1|e_1|14,116"],"confidence":{"state":"pre-added","who":["user:Frederike"],"prob":1}}]}