{"annotatable":{"parts":["s1v1"]},"anncomplete":true,"sources":[],"metas":{},"entities":[{"classId":"e_1","part":"s1v1","offsets":[{"start":9,"text":"K könnte gemäß § 433 Absatz 1 Satz 1 BGB Anspruch auf Übergabe und Übereignung der Maschine gegen V haben"}],"coordinates":[],"confidence":{"state":"pre-added","who":["user:FabianBrese"],"prob":1},"fields":{},"normalizations":{}},{"classId":"e_1","part":"s1v1","offsets":[{"start":132,"text":"Voraussetzung für den Anspruch auf Übergabe und Übereignung wäre das Vorliegen eines Kaufvertrags"}],"coordinates":[],"confidence":{"state":"pre-added","who":["user:FabianBrese"],"prob":1},"fields":{},"normalizations":{}},{"classId":"e_4","part":"s1v1","offsets":[{"start":231,"text":"Ein Kaufvertrag kommt durch zwei übereinstimmende Willenserklärungen, nämlich Angebot und Annahme, zustande"}],"coordinates":[],"confidence":{"state":"pre-added","who":["user:FabianBrese"],"prob":1},"fields":{},"normalizations":{}},{"classId":"e_4","part":"s1v1","offsets":[{"start":340,"text":"Eine Willenserklärung ist die Äußerung eines auf Herbeiführung einer Rechtsfolge gerichteten Willens. Sie ist somit notwendiger Bestandteil eines jeden Rechtsgeschäfts"}],"coordinates":[],"confidence":{"state":"pre-added","who":["user:FabianBrese"],"prob":1},"fields":{},"normalizations":{}},{"classId":"e_1","part":"s1v1","offsets":[{"start":522,"text":"Hierfür müssten zwei übereinstimmende Willenserklärungen, nämlich Angebot und Annahme, zustande kommen"}],"coordinates":[],"confidence":{"state":"pre-added","who":["user:FabianBrese"],"prob":1},"fields":{},"normalizations":{}},{"classId":"e_1","part":"s1v1","offsets":[{"start":638,"text":"Voraussetzung für den Anspruch wäre ein Angebot"}],"coordinates":[],"confidence":{"state":"pre-added","who":["user:FabianBrese"],"prob":1},"fields":{},"normalizations":{}},{"classId":"e_4","part":"s1v1","offsets":[{"start":685,"text":". Ein Angebot ist ein Antrag zur Begründung eines Vertragsverhältnisses"}],"coordinates":[],"confidence":{"state":"pre-added","who":["user:FabianBrese"],"prob":1},"fields":{},"normalizations":{}},{"classId":"e_4","part":"s1v1","offsets":[{"start":758,"text":"Dabei handelt es sich um eine Willenserklärung, mit der ein Rechtssubjekt einem anderen den Abschluss eines Vertrages anbietet"}],"coordinates":[],"confidence":{"state":"pre-added","who":["user:FabianBrese"],"prob":1},"fields":{},"normalizations":{}},{"classId":"e_4","part":"s1v1","offsets":[{"start":886,"text":"Ein Angebot ist grundsätzlich bindend"}],"coordinates":[],"confidence":{"state":"pre-added","who":["user:FabianBrese"],"prob":1},"fields":{},"normalizations":{}},{"classId":"e_5","part":"s1v1","offsets":[{"start":1040,"text":"Laut Sachverhalt wies V A an, den Verkauf eigenverantwortlich abzuhandeln. A machte, im Auftrag von V, der K ein befristetes Angebot über den Kauf der Maschine zum Preis von 1.000.000 € bis zum 10.3."}],"coordinates":[],"confidence":{"state":"pre-added","who":["user:FabianBrese"],"prob":1},"fields":{},"normalizations":{}},{"classId":"e_7","part":"s1v1","offsets":[{"start":1040,"text":"Laut Sachverhalt wies V A an, den Verkauf eigenverantwortlich abzuhandeln"}],"coordinates":[],"confidence":{"state":"pre-added","who":["user:FabianBrese"],"prob":1},"fields":{},"normalizations":{}},{"classId":"e_6","part":"s1v1","offsets":[{"start":1115,"text":"A machte, im Auftrag von V, der K ein befristetes Angebot über den Kauf der Maschine zum Preis von 1.000.000 € bis zum 10.3"}],"coordinates":[],"confidence":{"state":"pre-added","who":["user:FabianBrese"],"prob":1},"fields":{},"normalizations":{}},{"classId":"e_2","part":"s1v1","offsets":[{"start":1241,"text":"Ein Angebot kommt zustande"}],"coordinates":[],"confidence":{"state":"pre-added","who":["user:FabianBrese"],"prob":1},"fields":{},"normalizations":{}},{"classId":"e_1","part":"s1v1","offsets":[{"start":1282,"text":"Eine weitere Voraussetzung für den Anspruch wäre eine Annahme"}],"coordinates":[],"confidence":{"state":"pre-added","who":["user:FabianBrese"],"prob":1},"fields":{},"normalizations":{}},{"classId":"e_4","part":"s1v1","offsets":[{"start":1345,"text":"Eine Annahme ist die in Bezug auf ein Angebot abgegebene Willenserklärung, mit der ein Vertrag begründet wird"}],"coordinates":[],"confidence":{"state":"pre-added","who":["user:FabianBrese"],"prob":1},"fields":{},"normalizations":{}},{"classId":"e_4","part":"s1v1","offsets":[{"start":1457,"text":"ie Annahme muss dem Angebot entsprechen und kann entweder ausdrücklich oder konkludent durch schlüssiges Verhalten erfolgen"}],"coordinates":[],"confidence":{"state":"pre-added","who":["user:FabianBrese"],"prob":1},"fields":{},"normalizations":{}},{"classId":"e_5","part":"s1v1","offsets":[{"start":1582,"text":"Laut Sachverhalt nimmt K dieses Angebot an und schickte\n\nihre Annahmeerklärung fristgerecht am Morgen des 10.3. per E-Mail an die von A\n\nverwendete Adresse."}],"coordinates":[],"confidence":{"state":"pre-added","who":["user:FabianBrese"],"prob":1},"fields":{},"normalizations":{}},{"classId":"e_7","part":"s1v1","offsets":[{"start":1582,"text":"Laut Sachverhalt nimmt K dieses Angebot an und schickte\n\nihre Annahmeerklärung fristgerecht am Morgen des 10.3. per E-Mail an die von A\n\nverwendete Adresse"}],"coordinates":[],"confidence":{"state":"pre-added","who":["user:FabianBrese"],"prob":1},"fields":{},"normalizations":{}},{"classId":"e_2","part":"s1v1","offsets":[{"start":1740,"text":"Es kommt eine Annahme zustande"}],"coordinates":[],"confidence":{"state":"pre-added","who":["user:FabianBrese"],"prob":1},"fields":{},"normalizations":{}},{"classId":"e_2","part":"s1v1","offsets":[{"start":1786,"text":"Es kommen zwei übereinstimmende Willenserklärungen zustande und somit ein gültiger Kaufvertrag"}],"coordinates":[],"confidence":{"state":"pre-added","who":["user:FabianBrese"],"prob":1},"fields":{},"normalizations":{}},{"classId":"e_2","part":"s1v1","offsets":[{"start":1892,"text":"K hat Anspruch auf Übergabe und Übereignung der Maschine gegenüber V"}],"coordinates":[],"confidence":{"state":"pre-added","who":["ml:regex","user:FabianBrese"],"prob":1},"fields":{},"normalizations":{}},{"classId":"e_5","part":"s1v1","offsets":[{"start":1964,"text":"V verweigert jedoch die Herausgabe der Maschine."}],"coordinates":[],"confidence":{"state":"pre-added","who":["user:FabianBrese"],"prob":1},"fields":{},"normalizations":{}},{"classId":"e_7","part":"s1v1","offsets":[{"start":1964,"text":"V verweigert jedoch die Herausgabe der Maschine"}],"coordinates":[],"confidence":{"state":"pre-added","who":["user:FabianBrese"],"prob":1},"fields":{},"normalizations":{}},{"classId":"e_1","part":"s1v1","offsets":[{"start":2065,"text":"Laut § 142 Absatz 1 BGB könnte der Vertrag unwirksam sein"}],"coordinates":[],"confidence":{"state":"pre-added","who":["user:FabianBrese"],"prob":1},"fields":{},"normalizations":{}},{"classId":"e_1","part":"s1v1","offsets":[{"start":2125,"text":"Voraussetzung für die Unwirksamkeit wäre eine wirksame Anfechtung"}],"coordinates":[],"confidence":{"state":"pre-added","who":["user:FabianBrese"],"prob":1},"fields":{},"normalizations":{}},{"classId":"e_4","part":"s1v1","offsets":[{"start":2192,"text":"Für eine wirksame Anfechtung muss ein Anfechtungsgrund vorliegen"}],"coordinates":[],"confidence":{"state":"pre-added","who":["user:FabianBrese"],"prob":1},"fields":{},"normalizations":{}},{"classId":"e_4","part":"s1v1","offsets":[{"start":2258,"text":"Dann muss die Anfechtung gegenüber dem Anfechtungsgegner erklärt werden"}],"coordinates":[],"confidence":{"state":"pre-added","who":["user:FabianBrese"],"prob":1},"fields":{},"normalizations":{}},{"classId":"e_4","part":"s1v1","offsets":[{"start":2331,"text":"Schließlich muss die Anfechtung fristgemäß erfolgen"}],"coordinates":[],"confidence":{"state":"pre-added","who":["user:FabianBrese"],"prob":1},"fields":{},"normalizations":{}},{"classId":"e_1","part":"s1v1","offsets":[{"start":2405,"text":"Laut § 119 Absatz 1 BGB müsste V über den Inhalt im Irrtum gewesen sein oder eine Erklärung dieses Inhalts überhaupt nicht abgeben hätte wollen"}],"coordinates":[],"confidence":{"state":"pre-added","who":["user:FabianBrese"],"prob":1},"fields":{},"normalizations":{}},{"classId":"e_4","part":"s1v1","offsets":[{"start":2623,"text":"Der Irrtum bezeichnet im engeren Sinne eine falsche Annahme oder Meinung oder einen falschen Glauben, wobei der Behauptende, Meinende oder Glaubende jeweils das Falsche für richtig hält"}],"coordinates":[],"confidence":{"state":"pre-added","who":["user:FabianBrese"],"prob":1},"fields":{},"normalizations":{}},{"classId":"e_5","part":"s1v1","offsets":[{"start":2810,"text":"Laut Sachverhalt soll A für V den Verkauf eigenverantwortlich verhandeln und abwickeln. Dies macht A auch. Also wusste V über den Inhalt und den zu verkaufenden Gegenstand bescheid."}],"coordinates":[],"confidence":{"state":"pre-added","who":["user:FabianBrese"],"prob":1},"fields":{},"normalizations":{}},{"classId":"e_2","part":"s1v1","offsets":[{"start":2992,"text":"Es liegt kein inhaltlicher Irrtum vor"}],"coordinates":[],"confidence":{"state":"pre-added","who":["user:FabianBrese"],"prob":1},"fields":{},"normalizations":{}},{"classId":"e_1","part":"s1v1","offsets":[{"start":3056,"text":"Laut § 143 Absatz 1 BGB müsste eine Erklärung gegenüber dem Anfechtungspartner stattfinden"}],"coordinates":[],"confidence":{"state":"pre-added","who":["user:FabianBrese"],"prob":1},"fields":{},"normalizations":{}},{"classId":"e_5","part":"s1v1","offsets":[{"start":3149,"text":"Laut Sachverhalt meint V, es würde kein wirksamer Kaufvertrag zustande kommen. Außerdem hat sich die Mitarbeiterin A über den Wert der Maschine geirrt, denn dieser würde bei 2.000.000 liegen."}],"coordinates":[],"confidence":{"state":"pre-added","who":["user:FabianBrese"],"prob":1},"fields":{},"normalizations":{}},{"classId":"e_2","part":"s1v1","offsets":[{"start":3341,"text":"Es liegt eine Erklärung vor"}],"coordinates":[],"confidence":{"state":"pre-added","who":["user:FabianBrese"],"prob":1},"fields":{},"normalizations":{}},{"classId":"e_1","part":"s1v1","offsets":[{"start":3392,"text":"Laut § 143 Absatz 2 BGB müsste ein Anfechtungsgegner vorhanden sein"}],"coordinates":[],"confidence":{"state":"pre-added","who":["user:FabianBrese"],"prob":1},"fields":{},"normalizations":{}},{"classId":"e_4","part":"s1v1","offsets":[{"start":3461,"text":"Anfechtungsgegner ist bei einem Vertrag der andere Teil"}],"coordinates":[],"confidence":{"state":"pre-added","who":["user:FabianBrese"],"prob":1},"fields":{},"normalizations":{}},{"classId":"e_5","part":"s1v1","offsets":[{"start":3628,"text":"Laut Sachverhalt ist K der Anfechtungsgegner."}],"coordinates":[],"confidence":{"state":"pre-added","who":["user:FabianBrese"],"prob":1},"fields":{},"normalizations":{}},{"classId":"e_2","part":"s1v1","offsets":[{"start":3675,"text":"Es ist ein Anfechtungspartner vorhanden"}],"coordinates":[],"confidence":{"state":"pre-added","who":["user:FabianBrese"],"prob":1},"fields":{},"normalizations":{}},{"classId":"e_1","part":"s1v1","offsets":[{"start":3737,"text":"Laut § 121 Absatz 1 Satz 1 BGB müsste die Anfechtung unverzüglich erfolgen, nachdem der Anfechtungsberechtigte von dem Anfechtungsgrund Kenntnis erlangt habe"}],"coordinates":[],"confidence":{"state":"pre-added","who":["user:FabianBrese"],"prob":1},"fields":{},"normalizations":{}},{"classId":"e_5","part":"s1v1","offsets":[{"start":3897,"text":"Laut Sachverhalt kommt es zu keiner Anfechtung von V gegenüber K."}],"coordinates":[],"confidence":{"state":"pre-added","who":["user:FabianBrese"],"prob":1},"fields":{},"normalizations":{}},{"classId":"e_2","part":"s1v1","offsets":[{"start":3963,"text":"Es erfolgt keine Anfechtung"}],"coordinates":[],"confidence":{"state":"pre-added","who":["user:FabianBrese"],"prob":1},"fields":{},"normalizations":{}},{"classId":"e_2","part":"s1v1","offsets":[{"start":4007,"text":"Es kommt keine wirksame Anfechtung zustande"}],"coordinates":[],"confidence":{"state":"pre-added","who":["user:FabianBrese"],"prob":1},"fields":{},"normalizations":{}},{"classId":"e_2","part":"s1v1","offsets":[{"start":4062,"text":"K hat Anspruch auf Übergabe und Übereignung der Maschine gegenüber V"}],"coordinates":[],"confidence":{"state":"pre-added","who":["user:FabianBrese"],"prob":1},"fields":{},"normalizations":{}}],"relations":[{"classId":"r_3","type":"linked","directed":false,"entities":["s1v1|e_2|1241,1266","s1v1|e_1|638,684"],"confidence":{"state":"pre-added","who":["user:FabianBrese"],"prob":1}},{"classId":"r_3","type":"linked","directed":false,"entities":["s1v1|e_2|1786,1879","s1v1|e_1|132,228"],"confidence":{"state":"pre-added","who":["user:FabianBrese"],"prob":1}},{"classId":"r_3","type":"linked","directed":false,"entities":["s1v1|e_2|2992,3028","s1v1|e_1|2405,2547"],"confidence":{"state":"pre-added","who":["user:FabianBrese"],"prob":1}},{"classId":"r_3","type":"linked","directed":false,"entities":["s1v1|e_2|3341,3367","s1v1|e_1|3056,3145"],"confidence":{"state":"pre-added","who":["user:FabianBrese"],"prob":1}},{"classId":"r_3","type":"linked","directed":false,"entities":["s1v1|e_2|3675,3713","s1v1|e_1|3392,3458"],"confidence":{"state":"pre-added","who":["user:FabianBrese"],"prob":1}},{"classId":"r_3","type":"linked","directed":false,"entities":["s1v1|e_2|3963,3989","s1v1|e_1|3737,3893"],"confidence":{"state":"pre-added","who":["user:FabianBrese"],"prob":1}},{"classId":"r_3","type":"linked","directed":false,"entities":["s1v1|e_2|4007,4049","s1v1|e_1|2125,2189"],"confidence":{"state":"pre-added","who":["user:FabianBrese"],"prob":1}},{"classId":"r_3","type":"linked","directed":false,"entities":["s1v1|e_2|4062,4129","s1v1|e_1|9,113"],"confidence":{"state":"pre-added","who":["user:FabianBrese"],"prob":1}}]}