{"annotatable":{"parts":["s1v1"]},"anncomplete":true,"sources":[],"metas":{},"entities":[{"classId":"e_1","part":"s1v1","offsets":[{"start":44,"text":"V könnte gemäß §433 Abs 2 einen Anspruch gegen K auf Zahlung von 27000€ haben"}],"coordinates":[],"confidence":{"state":"pre-added","who":["user:Frederike"],"prob":1},"fields":{},"normalizations":{}},{"classId":"e_1","part":"s1v1","offsets":[{"start":139,"text":"Es müsste zwischen V und K ein wirksamer Kaufvertrag gemäß §433 BGB zustande gekommen"}],"coordinates":[],"confidence":{"state":"pre-added","who":["user:Frederike"],"prob":1},"fields":{},"normalizations":{}},{"classId":"e_4","part":"s1v1","offsets":[{"start":226,"text":"Ein Kaufvertrag kommt gemäß §145 ff. BGB durch zwei inhaltlich übereinstimmende, mit Bezug auf einander abgegebnem Willenserklärungen, Angebot und Annahme, zustande"}],"coordinates":[],"confidence":{"state":"pre-added","who":["user:Frederike"],"prob":1},"fields":{},"normalizations":{}},{"classId":"e_1","part":"s1v1","offsets":[{"start":412,"text":"V müsste ein Angebot gemacht haben"}],"coordinates":[],"confidence":{"state":"pre-added","who":["user:Frederike"],"prob":1},"fields":{},"normalizations":{}},{"classId":"e_4","part":"s1v1","offsets":[{"start":448,"text":"Ein Angebot ist eine empfangsbedürftige Willenserklärung, die auf den Abschluss eines Vertrag gerichtet und inhaltlich so bestimmt ist, dass die Annahme durch ein schlichtes „Ja“ möglich ist"}],"coordinates":[],"confidence":{"state":"pre-added","who":["user:Frederike"],"prob":1},"fields":{},"normalizations":{}},{"classId":"e_5","part":"s1v1","offsets":[{"start":640,"text":"Laut Sachverhalt hat V ihre Auszubildende A gebeten, K ein Auto zum Kauf anzubieten."}],"coordinates":[],"confidence":{"state":"pre-added","who":["user:Frederike"],"prob":1},"fields":{},"normalizations":{}},{"classId":"e_7","part":"s1v1","offsets":[{"start":640,"text":"Laut Sachverhalt hat V ihre Auszubildende A gebeten, K ein Auto zum Kauf anzubieten"}],"coordinates":[],"confidence":{"state":"pre-added","who":["user:Frederike"],"prob":1},"fields":{},"normalizations":{}},{"classId":"e_1","part":"s1v1","offsets":[{"start":725,"text":"Fraglich ist aher, ob die Erklärung der V der A nach §164 Abs 1 BGB zugerechnet werden kann"}],"coordinates":[],"confidence":{"state":"pre-added","who":["user:Frederike"],"prob":1},"fields":{},"normalizations":{}},{"classId":"e_1","part":"s1v1","offsets":[{"start":818,"text":"Dafür müsste eine wirksame Stellvertretung entstanden"}],"coordinates":[],"confidence":{"state":"pre-added","who":["user:Frederike"],"prob":1},"fields":{},"normalizations":{}},{"classId":"e_5","part":"s1v1","offsets":[{"start":912,"text":"Bei dem Abschluss eines Kaufvertrags handelt es sich um kein höchstpersönliches Geschäft."}],"coordinates":[],"confidence":{"state":"pre-added","who":["user:Frederike"],"prob":1},"fields":{},"normalizations":{}},{"classId":"e_2","part":"s1v1","offsets":[{"start":1002,"text":"Die Stellvertretung ist daher zulässig"}],"coordinates":[],"confidence":{"state":"pre-added","who":["user:Frederike"],"prob":1},"fields":{},"normalizations":{}},{"classId":"e_1","part":"s1v1","offsets":[{"start":1072,"text":"A müsste eine eigene Willenserklärung abgegeben haben"}],"coordinates":[],"confidence":{"state":"pre-added","who":["user:Frederike"],"prob":1},"fields":{},"normalizations":{}},{"classId":"e_5","part":"s1v1","offsets":[{"start":1207,"text":"Laut Sachverhalt sagte V A, dass der Kaufpreis keinesfalls unter 25000€ liegen dürfte, ansonsten habe A freie Hand. A bot das Auto für 27000€ und hat daher eine eigene Willenserklärung abgegeben."}],"coordinates":[],"confidence":{"state":"pre-added","who":["user:Frederike"],"prob":1},"fields":{},"normalizations":{}},{"classId":"e_7","part":"s1v1","offsets":[{"start":1207,"text":"Laut Sachverhalt sagte V A, dass der Kaufpreis keinesfalls unter 25000€ liegen dürfte, ansonsten habe A freie Hand"}],"coordinates":[],"confidence":{"state":"pre-added","who":["user:Frederike"],"prob":1},"fields":{},"normalizations":{}},{"classId":"e_7","part":"s1v1","offsets":[{"start":1323,"text":"A bot das Auto für 27000€"}],"coordinates":[],"confidence":{"state":"pre-added","who":["user:Frederike"],"prob":1},"fields":{},"normalizations":{}},{"classId":"e_6","part":"s1v1","offsets":[{"start":1349,"text":"und hat daher eine eigene Willenserklärung abgegeben"}],"coordinates":[],"confidence":{"state":"pre-added","who":["user:Frederike"],"prob":1},"fields":{},"normalizations":{}},{"classId":"e_1","part":"s1v1","offsets":[{"start":1403,"text":"Möglicherweise ist es problematisch, dass A miderjährig ist"}],"coordinates":[],"confidence":{"state":"pre-added","who":["user:Frederike"],"prob":1},"fields":{},"normalizations":{}},{"classId":"e_5","part":"s1v1","offsets":[{"start":1464,"text":"A ist 16 Jahre alt und daher gemäß §§2, 106 BGB beschränkt geschäftsfähig. Gemäß §165 BGB wird die Wirksamkeit einer von oder gegenüber einem Vertreter abgegebenen Willenserklärung nicht dadurch beeinträchtigt, dass der Vertreter beschränkt geschäftsfähig ist. Die beschräkte Geschäftsfähigkeit ist daher unproblematisch."}],"coordinates":[],"confidence":{"state":"pre-added","who":["user:Frederike"],"prob":1},"fields":{},"normalizations":{}},{"classId":"e_7","part":"s1v1","offsets":[{"start":1464,"text":"A ist 16 Jahre alt"}],"coordinates":[],"confidence":{"state":"pre-added","who":["user:Frederike"],"prob":1},"fields":{},"normalizations":{}},{"classId":"e_6","part":"s1v1","offsets":[{"start":1483,"text":"und daher gemäß §§2, 106 BGB beschränkt geschäftsfähig"}],"coordinates":[],"confidence":{"state":"pre-added","who":["user:Frederike"],"prob":1},"fields":{},"normalizations":{}},{"classId":"e_6","part":"s1v1","offsets":[{"start":1725,"text":"Die beschräkte Geschäftsfähigkeit ist daher unproblematisch"}],"coordinates":[],"confidence":{"state":"pre-added","who":["user:Frederike"],"prob":1},"fields":{},"normalizations":{}},{"classId":"e_5","part":"s1v1","offsets":[{"start":1809,"text":"V bat A, der K ein Auto zum Kauf anzubieten."}],"coordinates":[],"confidence":{"state":"pre-added","who":["user:Frederike"],"prob":1},"fields":{},"normalizations":{}},{"classId":"e_7","part":"s1v1","offsets":[{"start":1809,"text":"V bat A, der K ein Auto zum Kauf anzubieten"}],"coordinates":[],"confidence":{"state":"pre-added","who":["user:Frederike"],"prob":1},"fields":{},"normalizations":{}},{"classId":"e_2","part":"s1v1","offsets":[{"start":1854,"text":"Daher handelte A im fremden Namen"}],"coordinates":[],"confidence":{"state":"pre-added","who":["user:Frederike"],"prob":1},"fields":{},"normalizations":{}},{"classId":"e_1","part":"s1v1","offsets":[{"start":1912,"text":"A müsste Inhaber einer durch V erteilten Vertretungsmacht sein"}],"coordinates":[],"confidence":{"state":"pre-added","who":["user:Frederike"],"prob":1},"fields":{},"normalizations":{}},{"classId":"e_5","part":"s1v1","offsets":[{"start":2080,"text":"V bat A, der K ein Auto zum Kauf anzubieten. Es handelt sich um eine Innenvollmacht. Es gibt keine Hinweise darauf, dass die Vertretungsmacht erloschen sein könnte. V hat A mitgeteilt, dass der Kaufpreis keinesfalls unter 25000€ liegen dürfte, und A hat das Auto für 27000€ angeboten und damit innerhalb der Vollmacht gehandelt."}],"coordinates":[],"confidence":{"state":"pre-added","who":["user:Frederike"],"prob":1},"fields":{},"normalizations":{}},{"classId":"e_7","part":"s1v1","offsets":[{"start":2080,"text":"V bat A, der K ein Auto zum Kauf anzubieten"}],"coordinates":[],"confidence":{"state":"pre-added","who":["user:Frederike"],"prob":1},"fields":{},"normalizations":{}},{"classId":"e_7","part":"s1v1","offsets":[{"start":2245,"text":"V hat A mitgeteilt, dass der Kaufpreis keinesfalls unter 25000€ liegen dürfte, und A hat das Auto für 27000€ angeboten"}],"coordinates":[],"confidence":{"state":"pre-added","who":["user:Frederike"],"prob":1},"fields":{},"normalizations":{}},{"classId":"e_6","part":"s1v1","offsets":[{"start":2364,"text":"und damit innerhalb der Vollmacht gehandelt"}],"coordinates":[],"confidence":{"state":"pre-added","who":["user:Frederike"],"prob":1},"fields":{},"normalizations":{}},{"classId":"e_2","part":"s1v1","offsets":[{"start":2432,"text":"Eine wirksame Stellvertretung liegt vor"}],"coordinates":[],"confidence":{"state":"pre-added","who":["user:Frederike"],"prob":1},"fields":{},"normalizations":{}},{"classId":"e_1","part":"s1v1","offsets":[{"start":2491,"text":"Fraglich ist, ob K das Angebot angenommen hat"}],"coordinates":[],"confidence":{"state":"pre-added","who":["user:Frederike"],"prob":1},"fields":{},"normalizations":{}},{"classId":"e_4","part":"s1v1","offsets":[{"start":2562,"text":"Die Annahme ist eine empfangsbedürftige Willenserklärung, durch die der Vertragsempfänger sein Einverständnis mit dem angebotenen Vertragabschluss zu verstehen gibt"}],"coordinates":[],"confidence":{"state":"pre-added","who":["user:Frederike"],"prob":1},"fields":{},"normalizations":{}},{"classId":"e_4","part":"s1v1","offsets":[{"start":2885,"text":"Abgabe liegt vor, wenn der Erklärende die Erklärung willentlich so auf den Weg zum Empfänger bringt, dass er unter normaler Verhältnisse mit dem Zugang beim Empfänger rechnen darf"}],"coordinates":[],"confidence":{"state":"pre-added","who":["user:Frederike"],"prob":1},"fields":{},"normalizations":{}},{"classId":"e_5","part":"s1v1","offsets":[{"start":3066,"text":"K hat A eine Email, in der sie die Annahme mitteilte. Die Abgabe ist daher unproblematisch."}],"coordinates":[],"confidence":{"state":"pre-added","who":["user:Frederike"],"prob":1},"fields":{},"normalizations":{}},{"classId":"e_7","part":"s1v1","offsets":[{"start":3066,"text":"K hat A eine Email, in der sie die Annahme mitteilte"}],"coordinates":[],"confidence":{"state":"pre-added","who":["user:Frederike"],"prob":1},"fields":{},"normalizations":{}},{"classId":"e_6","part":"s1v1","offsets":[{"start":3120,"text":"Die Abgabe ist daher unproblematisch"}],"coordinates":[],"confidence":{"state":"pre-added","who":["user:Frederike"],"prob":1},"fields":{},"normalizations":{}},{"classId":"e_1","part":"s1v1","offsets":[{"start":3166,"text":"Problematisch könnte sein, ob die Annahme zugegangen ist"}],"coordinates":[],"confidence":{"state":"pre-added","who":["user:Frederike"],"prob":1},"fields":{},"normalizations":{}},{"classId":"e_4","part":"s1v1","offsets":[{"start":3224,"text":"Zugang liegt vor, wenn die Erklärung in verkehrsüblichter Weise im Bereich des Empfängers gelangt ist und für ihn unter normaler Verhältnissen die Möglichkeit steht, von ihr Kenntnis zu nehmen"}],"coordinates":[],"confidence":{"state":"pre-added","who":["user:Frederike"],"prob":1},"fields":{},"normalizations":{}},{"classId":"e_5","part":"s1v1","offsets":[{"start":3418,"text":"K hat A eine Email gesendet, das heißt, dass A Kenntnis von der Annahme unter normaler Verhältnisse nehmen kann."}],"coordinates":[],"confidence":{"state":"pre-added","who":["user:Frederike"],"prob":1},"fields":{},"normalizations":{}},{"classId":"e_7","part":"s1v1","offsets":[{"start":3418,"text":"K hat A eine Email gesendet"}],"coordinates":[],"confidence":{"state":"pre-added","who":["user:Frederike"],"prob":1},"fields":{},"normalizations":{}},{"classId":"e_6","part":"s1v1","offsets":[{"start":3447,"text":"das heißt, dass A Kenntnis von der Annahme unter normaler Verhältnisse nehmen kann"}],"coordinates":[],"confidence":{"state":"pre-added","who":["user:Frederike"],"prob":1},"fields":{},"normalizations":{}},{"classId":"e_1","part":"s1v1","offsets":[{"start":3548,"text":"Fraglich ist, ob die Annahme der K fristgerecht bei A eingegangen ist"}],"coordinates":[],"confidence":{"state":"pre-added","who":["user:Frederike"],"prob":1},"fields":{},"normalizations":{}},{"classId":"e_5","part":"s1v1","offsets":[{"start":3705,"text":"Laut Sachverhalt hat A eine Frist bis zum 24.02 gesetzt. Bei einem geschäftige Emailkonto kann der Kenntnis nur zu Öffnungszeiten des Geschäfts gerechtnet werden. Laut Sachverhalt hat K die Email um 23:55, also nach der Geschäftszeiten gesendet. Eine Kenntnisnahme konnte in diesem Fall am 25.02 gerechnet werden."}],"coordinates":[],"confidence":{"state":"pre-added","who":["user:Frederike"],"prob":1},"fields":{},"normalizations":{}},{"classId":"e_7","part":"s1v1","offsets":[{"start":3705,"text":"Laut Sachverhalt hat A eine Frist bis zum 24.02 gesetzt"}],"coordinates":[],"confidence":{"state":"pre-added","who":["user:Frederike"],"prob":1},"fields":{},"normalizations":{}},{"classId":"e_7","part":"s1v1","offsets":[{"start":3868,"text":"Laut Sachverhalt hat K die Email um 23:55, also nach der Geschäftszeiten gesendet"}],"coordinates":[],"confidence":{"state":"pre-added","who":["user:Frederike"],"prob":1},"fields":{},"normalizations":{}},{"classId":"e_6","part":"s1v1","offsets":[{"start":3951,"text":"Eine Kenntnisnahme konnte in diesem Fall am 25.02 gerechnet werden"}],"coordinates":[],"confidence":{"state":"pre-added","who":["user:Frederike"],"prob":1},"fields":{},"normalizations":{}},{"classId":"e_2","part":"s1v1","offsets":[{"start":4019,"text":"Der Zugang ist daher am 25.02 gerechtnet"}],"coordinates":[],"confidence":{"state":"pre-added","who":["user:Frederike"],"prob":1},"fields":{},"normalizations":{}},{"classId":"e_2","part":"s1v1","offsets":[{"start":4084,"text":"Es liegt keine Annahme vor"}],"coordinates":[],"confidence":{"state":"pre-added","who":["user:Frederike"],"prob":1},"fields":{},"normalizations":{}},{"classId":"e_2","part":"s1v1","offsets":[{"start":4112,"text":"Es handelt sich um ein neues Angebot der K gemäß 150 Abs 1 BGB"}],"coordinates":[],"confidence":{"state":"pre-added","who":["user:Frederike"],"prob":1},"fields":{},"normalizations":{}},{"classId":"e_5","part":"s1v1","offsets":[{"start":4202,"text":"Gemäß §150 I BGB gilt die verspätete Annahme eines Antrags als neuer Antrag. Laut Sachverhalt hat A die Email von K angeworten, dass K das Auto abhölen könne. A hat damit das neue Angebot von K akzeptiert."}],"coordinates":[],"confidence":{"state":"pre-added","who":["user:Frederike"],"prob":1},"fields":{},"normalizations":{}},{"classId":"e_7","part":"s1v1","offsets":[{"start":4279,"text":"Laut Sachverhalt hat A die Email von K angeworten, dass K das Auto abhölen könne"}],"coordinates":[],"confidence":{"state":"pre-added","who":["user:Frederike"],"prob":1},"fields":{},"normalizations":{}},{"classId":"e_6","part":"s1v1","offsets":[{"start":4361,"text":"A hat damit das neue Angebot von K akzeptiert"}],"coordinates":[],"confidence":{"state":"pre-added","who":["user:Frederike"],"prob":1},"fields":{},"normalizations":{}},{"classId":"e_2","part":"s1v1","offsets":[{"start":4430,"text":"Das Angebot und die Annahme sind wirksam"}],"coordinates":[],"confidence":{"state":"pre-added","who":["user:Frederike"],"prob":1},"fields":{},"normalizations":{}},{"classId":"e_2","part":"s1v1","offsets":[{"start":4472,"text":"Ein Kaufvertrag ist somie zustande gekommen"}],"coordinates":[],"confidence":{"state":"pre-added","who":["user:Frederike"],"prob":1},"fields":{},"normalizations":{}},{"classId":"e_1","part":"s1v1","offsets":[{"start":4532,"text":"Der Kaufvertrag könnte aber gemäß §142 Abs 1 BGB ex tunc nichtig sein, wenn K ihre Willenserklärung wirksam angefochten hat"}],"coordinates":[],"confidence":{"state":"pre-added","who":["user:Frederike"],"prob":1},"fields":{},"normalizations":{}},{"classId":"e_1","part":"s1v1","offsets":[{"start":4876,"text":"Zunächst müsste ein Anfechtungsgrund vorliegt"}],"coordinates":[],"confidence":{"state":"pre-added","who":["user:Frederike"],"prob":1},"fields":{},"normalizations":{}},{"classId":"e_4","part":"s1v1","offsets":[{"start":5005,"text":"Eine arglistige Täuschung ist das bewusste und gewohlte Erregen oder Aufrechterhalten eines Irrtums durch Vorspiegeln falscher oder Unterdrücken wahrer Tatsachen, um den Getäuschten zur Abgabe einer bestimmter Willenserklärung zu veranlassen"}],"coordinates":[],"confidence":{"state":"pre-added","who":["user:Frederike"],"prob":1},"fields":{},"normalizations":{}},{"classId":"e_5","part":"s1v1","offsets":[{"start":5248,"text":"Laut Sachverhalt wusste A nichts darüber, ob das Auto unfallfrei ist, trotzdem bejahte die Frage „ins Blaue“, um den Verkauf nicht zu gefährden. A hat diese Information mit Absicht zurückgehalten, um K zur Abgabe einer Willenserklärung zu veranlassen. Aufgrund der Erklärung von A glaubt K, dass das Auto unfallfrei ist. K hat über die Eigenschaft des Autos geirrt."}],"coordinates":[],"confidence":{"state":"pre-added","who":["user:Frederike"],"prob":1},"fields":{},"normalizations":{}},{"classId":"e_7","part":"s1v1","offsets":[{"start":5248,"text":"Laut Sachverhalt wusste A nichts darüber, ob das Auto unfallfrei ist, trotzdem bejahte die Frage „ins Blaue“, um den Verkauf nicht zu gefährden"}],"coordinates":[],"confidence":{"state":"pre-added","who":["user:Frederike"],"prob":1},"fields":{},"normalizations":{}},{"classId":"e_7","part":"s1v1","offsets":[{"start":5393,"text":"A hat diese Information mit Absicht zurückgehalten, um K zur Abgabe einer Willenserklärung zu veranlassen"}],"coordinates":[],"confidence":{"state":"pre-added","who":["user:Frederike"],"prob":1},"fields":{},"normalizations":{}},{"classId":"e_7","part":"s1v1","offsets":[{"start":5500,"text":"Aufgrund der Erklärung von A glaubt K, dass das Auto unfallfrei ist"}],"coordinates":[],"confidence":{"state":"pre-added","who":["user:Frederike"],"prob":1},"fields":{},"normalizations":{}},{"classId":"e_7","part":"s1v1","offsets":[{"start":5569,"text":"K hat über die Eigenschaft des Autos geirrt"}],"coordinates":[],"confidence":{"state":"pre-added","who":["user:Frederike"],"prob":1},"fields":{},"normalizations":{}},{"classId":"e_2","part":"s1v1","offsets":[{"start":5614,"text":"Eine arglistige Täuschung liegt somit vor"}],"coordinates":[],"confidence":{"state":"pre-added","who":["user:Frederike"],"prob":1},"fields":{},"normalizations":{}},{"classId":"e_5","part":"s1v1","offsets":[{"start":5675,"text":"Der Irrtum der K war auch kausal, also subjektiv und objektiv erheblich für die Abgabe ihrer Willenserklärung. Sie hätte den Vertrag nicht abgeschlossen, wenn sie gewusst hätte, dass das Auto schon einmal in einen Unfall verwichkelt gewesen."}],"coordinates":[],"confidence":{"state":"pre-added","who":["user:Frederike"],"prob":1},"fields":{},"normalizations":{}},{"classId":"e_1","part":"s1v1","offsets":[{"start":5941,"text":"K müsste die Anfechtung nach §143 Abs 1 BGB erklären und gegenüber dem richtigen Anfechtungsgegner"}],"coordinates":[],"confidence":{"state":"pre-added","who":["user:Frederike"],"prob":1},"fields":{},"normalizations":{}},{"classId":"e_5","part":"s1v1","offsets":[{"start":6041,"text":"Hier erklärte K die V, dass sie das Auto nicht bezahlen, sondern zurückgeben werde."}],"coordinates":[],"confidence":{"state":"pre-added","who":["user:Frederike"],"prob":1},"fields":{},"normalizations":{}},{"classId":"e_7","part":"s1v1","offsets":[{"start":6041,"text":"Hier erklärte K die V, dass sie das Auto nicht bezahlen, sondern zurückgeben werde"}],"coordinates":[],"confidence":{"state":"pre-added","who":["user:Frederike"],"prob":1},"fields":{},"normalizations":{}},{"classId":"e_2","part":"s1v1","offsets":[{"start":6125,"text":"Eine Anfechtungserklärung liegt somit vor"}],"coordinates":[],"confidence":{"state":"pre-added","who":["user:Frederike"],"prob":1},"fields":{},"normalizations":{}},{"classId":"e_1","part":"s1v1","offsets":[{"start":6191,"text":"K müsste die Anfechtung innerhalb ein Jahr nach Entdeckung des Irrtums gemäß §124 Abs 1 BGB erklären"}],"coordinates":[],"confidence":{"state":"pre-added","who":["user:Frederike"],"prob":1},"fields":{},"normalizations":{}},{"classId":"e_5","part":"s1v1","offsets":[{"start":6293,"text":"Hier erfolgt die Anfechtungserklärung sofort nachdem K den Irrtum bemerkt hat."}],"coordinates":[],"confidence":{"state":"pre-added","who":["user:Frederike"],"prob":1},"fields":{},"normalizations":{}},{"classId":"e_7","part":"s1v1","offsets":[{"start":6293,"text":"Hier erfolgt die Anfechtungserklärung sofort nachdem K den Irrtum bemerkt hat"}],"coordinates":[],"confidence":{"state":"pre-added","who":["user:Frederike"],"prob":1},"fields":{},"normalizations":{}},{"classId":"e_2","part":"s1v1","offsets":[{"start":6372,"text":"Die Frist ist somit gewahrt"}],"coordinates":[],"confidence":{"state":"pre-added","who":["user:Frederike"],"prob":1},"fields":{},"normalizations":{}},{"classId":"e_2","part":"s1v1","offsets":[{"start":6414,"text":"Der Kaufvertrag ist somit durch die Anfechtung nach §142 I BGB von Anfang an nichtig"}],"coordinates":[],"confidence":{"state":"pre-added","who":["user:Frederike"],"prob":1},"fields":{},"normalizations":{}},{"classId":"e_2","part":"s1v1","offsets":[{"start":6500,"text":"V hat dementsprechend gegen K keinen Zalungsanspruch auf die Zahlung von 27000€ nach §433 Abs 2 BGB."}],"coordinates":[],"confidence":{"state":"pre-added","who":["user:Frederike"],"prob":1},"fields":{},"normalizations":{}}],"relations":[{"classId":"r_3","type":"linked","directed":false,"entities":["s1v1|e_2|2432,2470","s1v1|e_1|818,870"],"confidence":{"state":"pre-added","who":["user:Frederike"],"prob":1}},{"classId":"r_3","type":"linked","directed":false,"entities":["s1v1|e_2|4472,4514","s1v1|e_1|139,223"],"confidence":{"state":"pre-added","who":["user:Frederike"],"prob":1}},{"classId":"r_3","type":"linked","directed":false,"entities":["s1v1|e_2|6125,6165","s1v1|e_1|5941,6038"],"confidence":{"state":"pre-added","who":["user:Frederike"],"prob":1}},{"classId":"r_3","type":"linked","directed":false,"entities":["s1v1|e_2|6372,6398","s1v1|e_1|6191,6290"],"confidence":{"state":"pre-added","who":["user:Frederike"],"prob":1}},{"classId":"r_3","type":"linked","directed":false,"entities":["s1v1|e_2|6414,6497","s1v1|e_1|4532,4654"],"confidence":{"state":"pre-added","who":["user:Frederike"],"prob":1}},{"classId":"r_3","type":"linked","directed":false,"entities":["s1v1|e_2|6500,6599","s1v1|e_1|44,120"],"confidence":{"state":"pre-added","who":["user:Frederike"],"prob":1}},{"classId":"r_8","type":"linked","directed":false,"entities":["s1v1|e_7|1323,1347","s1v1|e_6|1349,1400"],"confidence":{"state":"pre-added","who":["user:Frederike"],"prob":1}},{"classId":"r_8","type":"linked","directed":false,"entities":["s1v1|e_6|1483,1536","s1v1|e_7|1464,1481"],"confidence":{"state":"pre-added","who":["user:Frederike"],"prob":1}},{"classId":"r_8","type":"linked","directed":false,"entities":["s1v1|e_7|2245,2362","s1v1|e_6|2364,2406"],"confidence":{"state":"pre-added","who":["user:Frederike"],"prob":1}},{"classId":"r_8","type":"linked","directed":false,"entities":["s1v1|e_7|3066,3117","s1v1|e_6|3120,3155"],"confidence":{"state":"pre-added","who":["user:Frederike"],"prob":1}},{"classId":"r_8","type":"linked","directed":false,"entities":["s1v1|e_7|3418,3444","s1v1|e_6|3447,3528"],"confidence":{"state":"pre-added","who":["user:Frederike"],"prob":1}},{"classId":"r_8","type":"linked","directed":false,"entities":["s1v1|e_7|3868,3948","s1v1|e_6|3951,4016"],"confidence":{"state":"pre-added","who":["user:Frederike"],"prob":1}},{"classId":"r_8","type":"linked","directed":false,"entities":["s1v1|e_7|4279,4358","s1v1|e_6|4361,4405"],"confidence":{"state":"pre-added","who":["user:Frederike"],"prob":1}}]}