{"annotatable":{"parts":["s1v1"]},"anncomplete":true,"sources":[],"metas":{},"entities":[{"classId":"e_1","part":"s1v1","offsets":[{"start":14,"text":"K könnte gem. §433 BGB gegen V (beziehungsweise dessen Stellvertreter A) einen Anspruch auf Übergabe und Übereignung der Maschine zum Preis von 1.000.000€ haben"}],"coordinates":[],"confidence":{"state":"pre-added","who":["user:FabianBrese"],"prob":1},"fields":{},"normalizations":{}},{"classId":"e_1","part":"s1v1","offsets":[{"start":691,"text":"Fraglich ist, ob ein Angebot vorlieg"}],"coordinates":[],"confidence":{"state":"pre-added","who":["user:FabianBrese"],"prob":1},"fields":{},"normalizations":{}},{"classId":"e_4","part":"s1v1","offsets":[{"start":730,"text":"Das Angebot ist eine Empfangsbedürftige Willenserklärung, die den Abschluss eines Vertrages bezweckt und so bestimmt ist, dass eine Annahme durch ein schlichtes „Ja“ möglich ist"}],"coordinates":[],"confidence":{"state":"pre-added","who":["user:FabianBrese"],"prob":1},"fields":{},"normalizations":{}},{"classId":"e_4","part":"s1v1","offsets":[{"start":910,"text":"as Angebot muss die wesentlichen Vertragsbestandteile (Kaufpreis, Kaufgegenstand, Vertragsparteien) enthalten"}],"coordinates":[],"confidence":{"state":"pre-added","who":["user:FabianBrese"],"prob":1},"fields":{},"normalizations":{}},{"classId":"e_5","part":"s1v1","offsets":[{"start":1022,"text":"V beziehungsweise A hat alle wesentlichen Vertragsbestandteile festgelegt: Die Maschine für 1.000.000€ zu K mit einer Vertragsfrist, welche bis zum 10.3 anhält."}],"coordinates":[],"confidence":{"state":"pre-added","who":["user:FabianBrese"],"prob":1},"fields":{},"normalizations":{}},{"classId":"e_7","part":"s1v1","offsets":[{"start":1022,"text":"V beziehungsweise A hat alle wesentlichen Vertragsbestandteile festgelegt: Die Maschine für 1.000.000€ zu K mit einer Vertragsfrist, welche bis zum 10.3 anhält"}],"coordinates":[],"confidence":{"state":"pre-added","who":["user:FabianBrese"],"prob":1},"fields":{},"normalizations":{}},{"classId":"e_2","part":"s1v1","offsets":[{"start":1183,"text":"Damit handelt es sich um ein hinreichend bestimmtes Angebot"}],"coordinates":[],"confidence":{"state":"pre-added","who":["user:FabianBrese"],"prob":1},"fields":{},"normalizations":{}},{"classId":"e_1","part":"s1v1","offsets":[{"start":1256,"text":"Fraglich ist, ob eine Abgabe vorliegt"}],"coordinates":[],"confidence":{"state":"pre-added","who":["user:FabianBrese"],"prob":1},"fields":{},"normalizations":{}},{"classId":"e_4","part":"s1v1","offsets":[{"start":1295,"text":"Die Abgabe einer Willenserklärung ist ihre willentliche Entäußerung in den Rechtsverkehr unter der Weise, dass unter normalen Umständen mit dem Zugang gerechnet werden kann"}],"coordinates":[],"confidence":{"state":"pre-added","who":["user:FabianBrese"],"prob":1},"fields":{},"normalizations":{}},{"classId":"e_5","part":"s1v1","offsets":[{"start":1470,"text":"V übergab die Verantwortung des Verkaufens der Maschine an A. Somit hat V seine Willenserklärung in den Rechtsverkehr gegeben und konnte davon ausgehen, dass A eine WE aufsetzt welche mit einem Abnehmer (in dem Falle K) ohne weiteres Zutun zugehen würde."}],"coordinates":[],"confidence":{"state":"pre-added","who":["user:FabianBrese"],"prob":1},"fields":{},"normalizations":{}},{"classId":"e_7","part":"s1v1","offsets":[{"start":1470,"text":"V übergab die Verantwortung des Verkaufens der Maschine an A"}],"coordinates":[],"confidence":{"state":"pre-added","who":["user:FabianBrese"],"prob":1},"fields":{},"normalizations":{}},{"classId":"e_6","part":"s1v1","offsets":[{"start":1532,"text":"Somit hat V seine Willenserklärung in den Rechtsverkehr gegeben und konnte davon ausgehen, dass A eine WE aufsetzt welche mit einem Abnehmer (in dem Falle K) ohne weiteres Zutun zugehen würde"}],"coordinates":[],"confidence":{"state":"pre-added","who":["user:FabianBrese"],"prob":1},"fields":{},"normalizations":{}},{"classId":"e_2","part":"s1v1","offsets":[{"start":1725,"text":"Damit hat V sein Angebot abgegeben"}],"coordinates":[],"confidence":{"state":"pre-added","who":["user:FabianBrese"],"prob":1},"fields":{},"normalizations":{}},{"classId":"e_4","part":"s1v1","offsets":[{"start":1773,"text":"Eine empfangsbedürftigte Willenserklärung ist zugegangen, wenn sie so in den Herrschaftsbereich des Empfängers gelangt ist, dass dieser unter normalen Umstanden von ihr Kenntnis erlangen kann und dies nach Gepflogenheiten des Verkehrs von ihm erwartet werden kann"}],"coordinates":[],"confidence":{"state":"pre-added","who":["user:FabianBrese"],"prob":1},"fields":{},"normalizations":{}},{"classId":"e_5","part":"s1v1","offsets":[{"start":2038,"text":"Hier hat K das Angebot angenommen, so dass davon auszugehen ist, dass bei K die Willenserklärung ebenfalls zugegangen ist."}],"coordinates":[],"confidence":{"state":"pre-added","who":["user:FabianBrese"],"prob":1},"fields":{},"normalizations":{}},{"classId":"e_7","part":"s1v1","offsets":[{"start":2038,"text":"Hier hat K das Angebot angenommen"}],"coordinates":[],"confidence":{"state":"pre-added","who":["user:FabianBrese"],"prob":1},"fields":{},"normalizations":{}},{"classId":"e_6","part":"s1v1","offsets":[{"start":2073,"text":"so dass davon auszugehen ist, dass bei K die Willenserklärung ebenfalls zugegangen ist"}],"coordinates":[],"confidence":{"state":"pre-added","who":["user:FabianBrese"],"prob":1},"fields":{},"normalizations":{}},{"classId":"e_1","part":"s1v1","offsets":[{"start":2177,"text":"Fraglich ist, ob A seine Willenserklärung widerrufen hat"}],"coordinates":[],"confidence":{"state":"pre-added","who":["user:FabianBrese"],"prob":1},"fields":{},"normalizations":{}},{"classId":"e_2","part":"s1v1","offsets":[{"start":2437,"text":"Es liegt also ein wirksames Angebot vor, da die WK ebenfalls nicht rechtzeitig widerrufen wurde"}],"coordinates":[],"confidence":{"state":"pre-added","who":["user:FabianBrese"],"prob":1},"fields":{},"normalizations":{}},{"classId":"e_1","part":"s1v1","offsets":[{"start":2548,"text":"Fraglich ist, ob eine Annahme vorliegt"}],"coordinates":[],"confidence":{"state":"pre-added","who":["user:FabianBrese"],"prob":1},"fields":{},"normalizations":{}},{"classId":"e_4","part":"s1v1","offsets":[{"start":2589,"text":"Die Annahme ist eine empfangsbedürftige Willenserklärung, durch die der Antragsempfängersein Einverständnis mit dem angebotenen Vertragsabschluss zu verstehen gibt"}],"coordinates":[],"confidence":{"state":"pre-added","who":["user:FabianBrese"],"prob":1},"fields":{},"normalizations":{}},{"classId":"e_4","part":"s1v1","offsets":[{"start":2754,"text":"Dabei wird diese durch Zugang beim Erklärungsempfänger wirksam"}],"coordinates":[],"confidence":{"state":"pre-added","who":["user:FabianBrese"],"prob":1},"fields":{},"normalizations":{}},{"classId":"e_2","part":"s1v1","offsets":[{"start":2819,"text":"K nimmt das von A gestellte Angebot in der vorgegebenen Frist an und schickt die Annahme zu A, wodurch ein Kaufvertrag zustande gekommen ist"}],"coordinates":[],"confidence":{"state":"pre-added","who":["user:FabianBrese"],"prob":1},"fields":{},"normalizations":{}},{"classId":"e_2","part":"s1v1","offsets":[{"start":2980,"text":"K hat einen Anspruch auf Übergabe und Übereignung der Maschine zum Preis von 1.000.000€ haben, da ein wirksamer Kaufvertrag entstanden ist"}],"coordinates":[],"confidence":{"state":"pre-added","who":["user:FabianBrese"],"prob":1},"fields":{},"normalizations":{}},{"classId":"e_4","part":"s1v1","offsets":[{"start":3375,"text":"Ein Erklärungsirrtum liegt vor, wenn der Erklärende ein anderes Erklärungszeichen setzt, als er wollte (z.B. versprechen, verschreiben)"}],"coordinates":[],"confidence":{"state":"pre-added","who":["user:FabianBrese"],"prob":1},"fields":{},"normalizations":{}},{"classId":"e_2","part":"s1v1","offsets":[{"start":3513,"text":"Da dies weder bei A noch bei K ursprünglich der Fall war, liegt kein Erklärungsirrtum vor"}],"coordinates":[],"confidence":{"state":"pre-added","who":["user:FabianBrese"],"prob":1},"fields":{},"normalizations":{}},{"classId":"e_4","part":"s1v1","offsets":[{"start":3624,"text":"Beim Inhaltsirrtum irrt der Erklärende bei der Abgabe seiner Willenserklärung über den Inhalt seiner Erklärung"}],"coordinates":[],"confidence":{"state":"pre-added","who":["user:FabianBrese"],"prob":1},"fields":{},"normalizations":{}},{"classId":"e_4","part":"s1v1","offsets":[{"start":3736,"text":"Der Inhaltsirrtum setzt ein Auseinanderfallen von Willen und Erklärung voraus"}],"coordinates":[],"confidence":{"state":"pre-added","who":["user:FabianBrese"],"prob":1},"fields":{},"normalizations":{}},{"classId":"e_4","part":"s1v1","offsets":[{"start":3815,"text":"Der Erklärende muss also, ohne dies zu bemerken, gegenüber dem Erklärungsempfänger aus dessen Sicht etwas anderes zum Ausdruck gebracht haben als das, was er in Wirklichkeit erklären wollten"}],"coordinates":[],"confidence":{"state":"pre-added","who":["user:FabianBrese"],"prob":1},"fields":{},"normalizations":{}},{"classId":"e_5","part":"s1v1","offsets":[{"start":4007,"text":"Da dies ebenfalls weder bei A noch bei B der Fall war, liegt auch kein Inhatsirrtum vor."}],"coordinates":[],"confidence":{"state":"pre-added","who":["user:FabianBrese"],"prob":1},"fields":{},"normalizations":{}},{"classId":"e_7","part":"s1v1","offsets":[{"start":4007,"text":"Da dies ebenfalls weder bei A noch bei B der Fall war"}],"coordinates":[],"confidence":{"state":"pre-added","who":["user:FabianBrese"],"prob":1},"fields":{},"normalizations":{}},{"classId":"e_6","part":"s1v1","offsets":[{"start":4062,"text":"liegt auch kein Inhatsirrtum vor"}],"coordinates":[],"confidence":{"state":"pre-added","who":["user:FabianBrese"],"prob":1},"fields":{},"normalizations":{}},{"classId":"e_4","part":"s1v1","offsets":[{"start":4122,"text":"Bei einem Übermittlungsirrtum stimmen die äußere Erklärung durch den Boten und der innere Wille des Erklärenden nicht überein"}],"coordinates":[],"confidence":{"state":"pre-added","who":["user:FabianBrese"],"prob":1},"fields":{},"normalizations":{}},{"classId":"e_4","part":"s1v1","offsets":[{"start":4249,"text":"Ist eine Willenserklärung durch eine zur Übermittlung verwendeten Person unrichtig übermittelt worden, dann kann die irrtümlich abgegebene Willenserklärung angefochten werden (§ 120 BGB)"}],"coordinates":[],"confidence":{"state":"pre-added","who":["user:FabianBrese"],"prob":1},"fields":{},"normalizations":{}},{"classId":"e_5","part":"s1v1","offsets":[{"start":4438,"text":"Liegt in diesem Fall ebenfalls nicht vor."}],"coordinates":[],"confidence":{"state":"pre-added","who":["user:FabianBrese"],"prob":1},"fields":{},"normalizations":{}},{"classId":"e_2","part":"s1v1","offsets":[{"start":4498,"text":"Da keiner der genannten Irrtümer vorliegt, kann der KV nicht angefochten werden"}],"coordinates":[],"confidence":{"state":"pre-added","who":["user:FabianBrese"],"prob":1},"fields":{},"normalizations":{}},{"classId":"e_2","part":"s1v1","offsets":[{"start":4791,"text":"K hat einen Anspruch auf Übergabe und Übereignung der Maschine zum Preis von 1.000.000€"}],"coordinates":[],"confidence":{"state":"pre-added","who":["user:FabianBrese"],"prob":1},"fields":{},"normalizations":{}}],"relations":[{"classId":"r_3","type":"linked","directed":false,"entities":["s1v1|e_2|1725,1758","s1v1|e_1|1256,1292"],"confidence":{"state":"pre-added","who":["user:FabianBrese"],"prob":1}},{"classId":"r_3","type":"linked","directed":false,"entities":["s1v1|e_2|2437,2531","s1v1|e_1|2177,2232"],"confidence":{"state":"pre-added","who":["user:FabianBrese"],"prob":1}},{"classId":"r_3","type":"linked","directed":false,"entities":["s1v1|e_2|2819,2958","s1v1|e_1|2548,2585"],"confidence":{"state":"pre-added","who":["user:FabianBrese"],"prob":1}},{"classId":"r_3","type":"linked","directed":false,"entities":["s1v1|e_2|4791,4877","s1v1|e_1|14,173"],"confidence":{"state":"pre-added","who":["user:FabianBrese"],"prob":1}},{"classId":"r_8","type":"linked","directed":false,"entities":["s1v1|e_7|1470,1529","s1v1|e_6|1532,1722"],"confidence":{"state":"pre-added","who":["user:FabianBrese"],"prob":1}},{"classId":"r_8","type":"linked","directed":false,"entities":["s1v1|e_7|4007,4059","s1v1|e_6|4062,4093"],"confidence":{"state":"pre-added","who":["user:FabianBrese"],"prob":1}}]}