{"annotatable":{"parts":["s1v1"]},"anncomplete":true,"sources":[],"metas":{},"entities":[{"classId":"e_1","part":"s1v1","offsets":[{"start":1484,"text":"K könnte gem. § 433 I BGB einen Anspruch gegen V auf Übergabe und Übereignung der Maschine haben"}],"coordinates":[],"confidence":{"state":"pre-added","who":["user:FabianBrese"],"prob":1},"fields":{},"normalizations":{}},{"classId":"e_1","part":"s1v1","offsets":[{"start":1623,"text":"Dafür müsste ein Kaufvertrag zwischen K und V geschlossen worden sein"}],"coordinates":[],"confidence":{"state":"pre-added","who":["user:FabianBrese"],"prob":1},"fields":{},"normalizations":{}},{"classId":"e_4","part":"s1v1","offsets":[{"start":1694,"text":"Ein Vertrag kommt zustande durch zwei in Bezug aufeinander abgegebene, inhaltlich übereinstimmende Willenserklärungen (Angebot und Annahme)"}],"coordinates":[],"confidence":{"state":"pre-added","who":["user:FabianBrese"],"prob":1},"fields":{},"normalizations":{}},{"classId":"e_1","part":"s1v1","offsets":[{"start":1848,"text":"Fraglich ist, ob ein Angebot durch V vorliegt"}],"coordinates":[],"confidence":{"state":"pre-added","who":["user:FabianBrese"],"prob":1},"fields":{},"normalizations":{}},{"classId":"e_4","part":"s1v1","offsets":[{"start":1896,"text":"Ein Angebot ist eine empfangsbedürftige Willenserklärung durch die einem anderen der Vertragsschluss unter Festlegung der wesentlichen Vertragsbestandteile (Kaufpreis, Kaufsache, Vertragsparteien) so angetragen wird, dass das Zustandekommen des Vertrages nur von dessen Zustimmung abhängt"}],"coordinates":[],"confidence":{"state":"pre-added","who":["user:FabianBrese"],"prob":1},"fields":{},"normalizations":{}},{"classId":"e_5","part":"s1v1","offsets":[{"start":2187,"text":"A erklärt im Namen und auf Auftrag ihrer Arbeitgeberin V, dass diese eine Maschine für 1.000.000€ an K verkaufen möchte. Dadurch sind sowohl die Vertragsparteien (V und K), und der Kaufgegenstand (Maschine) als auch der Kaufpreis (1.000.000 €) von A beziehungsweise V erklärt worden. Ferner wurde auch die Frist des Angebots festgelegt (10.03.) Damit sind alle wesentlichen Vertragsbestandteile (essentialia negotia) benannt."}],"coordinates":[],"confidence":{"state":"pre-added","who":["user:FabianBrese"],"prob":1},"fields":{},"normalizations":{}},{"classId":"e_7","part":"s1v1","offsets":[{"start":2308,"text":"Dadurch sind sowohl die Vertragsparteien (V und K), und der Kaufgegenstand (Maschine) als auch der Kaufpreis (1.000.000 €) von A beziehungsweise V erklärt worden"}],"coordinates":[],"confidence":{"state":"pre-added","who":["user:FabianBrese"],"prob":1},"fields":{},"normalizations":{}},{"classId":"e_7","part":"s1v1","offsets":[{"start":2471,"text":"Ferner wurde auch die Frist des Angebots festgelegt (10.03.)"}],"coordinates":[],"confidence":{"state":"pre-added","who":["user:FabianBrese"],"prob":1},"fields":{},"normalizations":{}},{"classId":"e_6","part":"s1v1","offsets":[{"start":2532,"text":"Damit sind alle wesentlichen Vertragsbestandteile (essentialia negotia) benannt"}],"coordinates":[],"confidence":{"state":"pre-added","who":["user:FabianBrese"],"prob":1},"fields":{},"normalizations":{}},{"classId":"e_2","part":"s1v1","offsets":[{"start":2614,"text":"Es handelt sich somit um ein Angebot durch den V"}],"coordinates":[],"confidence":{"state":"pre-added","who":["user:FabianBrese"],"prob":1},"fields":{},"normalizations":{}},{"classId":"e_1","part":"s1v1","offsets":[{"start":2678,"text":"Fraglich ist, ob K das Angebot angenommen hat"}],"coordinates":[],"confidence":{"state":"pre-added","who":["user:FabianBrese"],"prob":1},"fields":{},"normalizations":{}},{"classId":"e_4","part":"s1v1","offsets":[{"start":2726,"text":"Eine Annahme ist die in Bezug auf ein Angebot abgegebene, empfangsbedürftige Willenserklärung, durch die ein Kaufvertrag zustande kommt"}],"coordinates":[],"confidence":{"state":"pre-added","who":["user:FabianBrese"],"prob":1},"fields":{},"normalizations":{}},{"classId":"e_7","part":"s1v1","offsets":[{"start":2864,"text":"K hat in Bezug auf das Angebot eine Annahmeerklärung am Morgen des 10.3 per Email an A´s Standartadresse geschickt"}],"coordinates":[],"confidence":{"state":"pre-added","who":["user:FabianBrese"],"prob":1},"fields":{},"normalizations":{}},{"classId":"e_5","part":"s1v1","offsets":[{"start":2864,"text":"K hat in Bezug auf das Angebot eine Annahmeerklärung am Morgen des 10.3 per Email an A´s Standartadresse geschickt. Dadurch hat sie eine Willenserklärung konkludent abgegeben, durch die sie einem Angebot zugestimmt hat."}],"coordinates":[],"confidence":{"state":"pre-added","who":["user:FabianBrese"],"prob":1},"fields":{},"normalizations":{}},{"classId":"e_6","part":"s1v1","offsets":[{"start":2980,"text":"Dadurch hat sie eine Willenserklärung konkludent abgegeben, durch die sie einem Angebot zugestimmt hat"}],"coordinates":[],"confidence":{"state":"pre-added","who":["user:FabianBrese"],"prob":1},"fields":{},"normalizations":{}},{"classId":"e_2","part":"s1v1","offsets":[{"start":3084,"text":"K hat eine Annahme erklärt"}],"coordinates":[],"confidence":{"state":"pre-added","who":["user:FabianBrese"],"prob":1},"fields":{},"normalizations":{}},{"classId":"e_1","part":"s1v1","offsets":[{"start":3146,"text":"Der Anspruch auf Durchsetzung des Kaufvertrages bestünde nicht mehr, wenn rechtshindernden Einwendungen bestehen"}],"coordinates":[],"confidence":{"state":"pre-added","who":["user:FabianBrese"],"prob":1},"fields":{},"normalizations":{}},{"classId":"e_1","part":"s1v1","offsets":[{"start":3276,"text":"Eine rechtshindernde Einwendung würde bestehen, wenn V ihre WE rechtswirksam anfechten kann"}],"coordinates":[],"confidence":{"state":"pre-added","who":["user:FabianBrese"],"prob":1},"fields":{},"normalizations":{}},{"classId":"e_1","part":"s1v1","offsets":[{"start":3391,"text":"Zunächst bedarf es eines Anfechtungsgrundes"}],"coordinates":[],"confidence":{"state":"pre-added","who":["user:FabianBrese"],"prob":1},"fields":{},"normalizations":{}},{"classId":"e_5","part":"s1v1","offsets":[{"start":3665,"text":"V allerdings hat zum Zeitpunkt des Angebots klar gemacht, dass sie die Maschine verkaufen möchte und hatte somit den Willen, einen Vertrag einzugehen. Trotz der Tatsache, dass A die Annahmeerklärung von K in ihrem Spam-Ordner nicht gesehen hat, handelt es sich hierbei nicht um einen Erklärungsirrtum."}],"coordinates":[],"confidence":{"state":"pre-added","who":["user:FabianBrese"],"prob":1},"fields":{},"normalizations":{}},{"classId":"e_7","part":"s1v1","offsets":[{"start":3816,"text":"Trotz der Tatsache, dass A die Annahmeerklärung von K in ihrem Spam-Ordner nicht gesehen hat"}],"coordinates":[],"confidence":{"state":"pre-added","who":["user:FabianBrese"],"prob":1},"fields":{},"normalizations":{}},{"classId":"e_6","part":"s1v1","offsets":[{"start":3910,"text":"handelt es sich hierbei nicht um einen Erklärungsirrtum"}],"coordinates":[],"confidence":{"state":"pre-added","who":["user:FabianBrese"],"prob":1},"fields":{},"normalizations":{}},{"classId":"e_5","part":"s1v1","offsets":[{"start":3989,"text":"Ferner muss berücksichtigt werden, dass V einen Tag nach der Frist des Angebots (am 11.03.), nachdem die Weltgesundheitsorganisation die Krankheit Covid-19 als Pandemie einstufte, die Herausgabe der Maschine verweigern wollte. Das Angebot wurde jedoch fristgerecht von K zuvor angenommen."}],"coordinates":[],"confidence":{"state":"pre-added","who":["user:FabianBrese"],"prob":1},"fields":{},"normalizations":{}},{"classId":"e_7","part":"s1v1","offsets":[{"start":3989,"text":"Ferner muss berücksichtigt werden, dass V einen Tag nach der Frist des Angebots (am 11.03.), nachdem die Weltgesundheitsorganisation die Krankheit Covid-19 als Pandemie einstufte, die Herausgabe der Maschine verweigern wollte"}],"coordinates":[],"confidence":{"state":"pre-added","who":["user:FabianBrese"],"prob":1},"fields":{},"normalizations":{}},{"classId":"e_6","part":"s1v1","offsets":[{"start":4216,"text":"Das Angebot wurde jedoch fristgerecht von K zuvor angenommen"}],"coordinates":[],"confidence":{"state":"pre-added","who":["user:FabianBrese"],"prob":1},"fields":{},"normalizations":{}},{"classId":"e_2","part":"s1v1","offsets":[{"start":4279,"text":"Hiermit liegt kein Anfechtungsgrund vor"}],"coordinates":[],"confidence":{"state":"pre-added","who":["user:FabianBrese"],"prob":1},"fields":{},"normalizations":{}},{"classId":"e_1","part":"s1v1","offsets":[{"start":4356,"text":"Eine rechtshindernde Einwendung würde auch bestehen, wenn die Stellvertretung der V durch A nicht zulässig wäre"}],"coordinates":[],"confidence":{"state":"pre-added","who":["user:FabianBrese"],"prob":1},"fields":{},"normalizations":{}},{"classId":"e_5","part":"s1v1","offsets":[{"start":4614,"text":"Da V’s Stellvertreter zumindest beschränkt geschäftsfähig zu sein scheint (§ 165 BGB) und aus der Fallbeschreibung keine anderen Umstände hervorgehen, durch welche die Stellvertretung unzuverlässig geworden wäre, lässt sich die Stellvertretung erst einmal als zulässig einstufen."}],"coordinates":[],"confidence":{"state":"pre-added","who":["user:FabianBrese"],"prob":1},"fields":{},"normalizations":{}},{"classId":"e_6","part":"s1v1","offsets":[{"start":4827,"text":"lässt sich die Stellvertretung erst einmal als zulässig einstufen"}],"coordinates":[],"confidence":{"state":"pre-added","who":["user:FabianBrese"],"prob":1},"fields":{},"normalizations":{}},{"classId":"e_4","part":"s1v1","offsets":[{"start":4936,"text":"Eine Annahme ist eine empfangsbedürftige Willenserklärung, die in Bezug auf ein Angebot abgegeben wird und durch eine Einigung zustande kommt"}],"coordinates":[],"confidence":{"state":"pre-added","who":["user:FabianBrese"],"prob":1},"fields":{},"normalizations":{}},{"classId":"e_5","part":"s1v1","offsets":[{"start":5079,"text":"V hat ein Angebot gemacht, was von K angenommen wurdet. Es handelt sich somit sowohl bei der Erklärung des K als eine Willenserklärungen im Rahmen einer Einigung. 3. im Namen des Vertretenen"}],"coordinates":[],"confidence":{"state":"pre-added","who":["user:FabianBrese"],"prob":1},"fields":{},"normalizations":{}},{"classId":"e_7","part":"s1v1","offsets":[{"start":5079,"text":"V hat ein Angebot gemacht, was von K angenommen wurdet"}],"coordinates":[],"confidence":{"state":"pre-added","who":["user:FabianBrese"],"prob":1},"fields":{},"normalizations":{}},{"classId":"e_6","part":"s1v1","offsets":[{"start":5135,"text":"Es handelt sich somit sowohl bei der Erklärung des K als eine Willenserklärungen im Rahmen einer Einigung. 3. im Namen des Vertretenen"}],"coordinates":[],"confidence":{"state":"pre-added","who":["user:FabianBrese"],"prob":1},"fields":{},"normalizations":{}},{"classId":"e_5","part":"s1v1","offsets":[{"start":5462,"text":"V‘s Wille, in fremden Namen zu handeln, trat nicht hervor, da sie ihrer Käuferin K nicht zuvor mittteilte, sie würde durch ihre Arbeitnehmerin vertreten werden. Aus der Fallbeschreibung geht nicht hervor, dass K irgendwelche Angaben über die Person der V hatte und somit konnte sie auch nicht wissen, dass sie ihre Willenserklärung an eine fremde Emailadresse (und nicht V‘s eigene Emailadresse) schließlich schickte."}],"coordinates":[],"confidence":{"state":"pre-added","who":["user:FabianBrese"],"prob":1},"fields":{},"normalizations":{}},{"classId":"e_7","part":"s1v1","offsets":[{"start":5462,"text":"V‘s Wille, in fremden Namen zu handeln, trat nicht hervor"}],"coordinates":[],"confidence":{"state":"pre-added","who":["user:FabianBrese"],"prob":1},"fields":{},"normalizations":{}},{"classId":"e_6","part":"s1v1","offsets":[{"start":5521,"text":"da sie ihrer Käuferin K nicht zuvor mittteilte, sie würde durch ihre Arbeitnehmerin vertreten werden"}],"coordinates":[],"confidence":{"state":"pre-added","who":["user:FabianBrese"],"prob":1},"fields":{},"normalizations":{}},{"classId":"e_7","part":"s1v1","offsets":[{"start":5623,"text":"Aus der Fallbeschreibung geht nicht hervor, dass K irgendwelche Angaben über die Person der V hatte"}],"coordinates":[],"confidence":{"state":"pre-added","who":["user:FabianBrese"],"prob":1},"fields":{},"normalizations":{}},{"classId":"e_6","part":"s1v1","offsets":[{"start":5723,"text":"und somit konnte sie auch nicht wissen, dass sie ihre Willenserklärung an eine fremde Emailadresse (und nicht V‘s eigene Emailadresse) schließlich schickte"}],"coordinates":[],"confidence":{"state":"pre-added","who":["user:FabianBrese"],"prob":1},"fields":{},"normalizations":{}},{"classId":"e_2","part":"s1v1","offsets":[{"start":5881,"text":"Somit ist das Offenkundigkeitsprinzip nicht gewahrt"}],"coordinates":[],"confidence":{"state":"pre-added","who":["user:FabianBrese"],"prob":1},"fields":{},"normalizations":{}},{"classId":"e_2","part":"s1v1","offsets":[{"start":6241,"text":"Damit liegt ein Kaufvertrag vor"}],"coordinates":[],"confidence":{"state":"pre-added","who":["user:FabianBrese"],"prob":1},"fields":{},"normalizations":{}},{"classId":"e_2","part":"s1v1","offsets":[{"start":6274,"text":"Der Anspruch auf Übergabe und Übereignung ist entstanden"}],"coordinates":[],"confidence":{"state":"pre-added","who":["user:FabianBrese"],"prob":1},"fields":{},"normalizations":{}}],"relations":[{"classId":"r_3","type":"linked","directed":false,"entities":["s1v1|e_1|1484,1579","s1v1|e_2|6274,6329"],"confidence":{"state":"pre-added","who":["user:FabianBrese"],"prob":1}},{"classId":"r_3","type":"linked","directed":false,"entities":["s1v1|e_1|1623,1691","s1v1|e_2|6241,6271"],"confidence":{"state":"pre-added","who":["user:FabianBrese"],"prob":1}},{"classId":"r_3","type":"linked","directed":false,"entities":["s1v1|e_2|2614,2661","s1v1|e_1|1848,1892"],"confidence":{"state":"pre-added","who":["user:FabianBrese"],"prob":1}},{"classId":"r_3","type":"linked","directed":false,"entities":["s1v1|e_2|3084,3109","s1v1|e_1|2678,2722"],"confidence":{"state":"pre-added","who":["user:FabianBrese"],"prob":1}},{"classId":"r_3","type":"linked","directed":false,"entities":["s1v1|e_2|4279,4317","s1v1|e_1|3391,3433"],"confidence":{"state":"pre-added","who":["user:FabianBrese"],"prob":1}},{"classId":"r_8","type":"linked","directed":false,"entities":["s1v1|e_6|2532,2610","s1v1|e_7|2471,2530"],"confidence":{"state":"pre-added","who":["user:FabianBrese"],"prob":1}},{"classId":"r_8","type":"linked","directed":false,"entities":["s1v1|e_6|2532,2610","s1v1|e_7|2308,2468"],"confidence":{"state":"pre-added","who":["user:FabianBrese"],"prob":1}},{"classId":"r_8","type":"linked","directed":false,"entities":["s1v1|e_7|2864,2977","s1v1|e_6|2980,3081"],"confidence":{"state":"pre-added","who":["user:FabianBrese"],"prob":1}},{"classId":"r_8","type":"linked","directed":false,"entities":["s1v1|e_7|3816,3907","s1v1|e_6|3910,3964"],"confidence":{"state":"pre-added","who":["user:FabianBrese"],"prob":1}},{"classId":"r_8","type":"linked","directed":false,"entities":["s1v1|e_7|3989,4213","s1v1|e_6|4216,4275"],"confidence":{"state":"pre-added","who":["user:FabianBrese"],"prob":1}},{"classId":"r_8","type":"linked","directed":false,"entities":["s1v1|e_7|5462,5518","s1v1|e_6|5521,5620"],"confidence":{"state":"pre-added","who":["user:FabianBrese"],"prob":1}},{"classId":"r_8","type":"linked","directed":false,"entities":["s1v1|e_7|5623,5721","s1v1|e_6|5723,5877"],"confidence":{"state":"pre-added","who":["user:FabianBrese"],"prob":1}}]}