{"annotatable":{"parts":["s1v1"]},"anncomplete":true,"sources":[],"metas":{},"entities":[{"classId":"e_1","part":"s1v1","offsets":[{"start":101,"text":"K könnte gem. § 433 Abs. 1 BGB einen Anspruch gegen V auf Übergabe und nach § 929 auf Übereignung der Maschine haben"}],"coordinates":[],"confidence":{"state":"pre-added","who":["user:Frederike"],"prob":1},"fields":{},"normalizations":{}},{"classId":"e_1","part":"s1v1","offsets":[{"start":220,"text":"Dafür müsste zwischen K und V ein wirksamer Kaufvertrag geschlossen worden sein"}],"coordinates":[],"confidence":{"state":"pre-added","who":["user:Frederike"],"prob":1},"fields":{},"normalizations":{}},{"classId":"e_4","part":"s1v1","offsets":[{"start":302,"text":"Ein Kaufvertrag besteht aus zwei aufeinander bezogene, und inhaltlich übereinstimmende Willenserklärungen"}],"coordinates":[],"confidence":{"state":"pre-added","who":["user:Frederike"],"prob":1},"fields":{},"normalizations":{}},{"classId":"e_1","part":"s1v1","offsets":[{"start":441,"text":"Fraglich ist, ob V ein Angebot abgeben hat"}],"coordinates":[],"confidence":{"state":"pre-added","who":["user:Frederike"],"prob":1},"fields":{},"normalizations":{}},{"classId":"e_4","part":"s1v1","offsets":[{"start":485,"text":"Ein Angebot ist eine empfangsbedürftige Willenserklärung, die den Abschluss eines Vertrags bezweckt und so bestimmt ist, dass die Annahme durch ein schlichtes „Ja“ möglich ist"}],"coordinates":[],"confidence":{"state":"pre-added","who":["user:Frederike"],"prob":1},"fields":{},"normalizations":{}},{"classId":"e_4","part":"s1v1","offsets":[{"start":662,"text":"Ein Angebot enthält die wesentlichen Vertragsbedingungen (Kaufpreis, Kaufsache und Vertragssachen)"}],"coordinates":[],"confidence":{"state":"pre-added","who":["user:Frederike"],"prob":1},"fields":{},"normalizations":{}},{"classId":"e_5","part":"s1v1","offsets":[{"start":762,"text":"Das Angebot wurde im vorliegenden Fall nicht durch V selbst abgegeben. Allerdings hat sie ihre Arbeitnehmerin A damit beauftragt, und sie angewiesen die Kaufabwicklung eigenständig durchzuführen. Somit hat sie diese als Vertretung bestimmt und nach § 164 Abs. 1 BGB gilt die Willenserklärung der Vertretungsbevollmächtigten als unmittelbar und für die Vertretene. Somit konnte die A die Maschine eigenverantwortlich verkaufen. Unschädlich ist hier, dass sich die A laut V bei dem Preis geirrt hätte, da sie dies der A überlassen hatte."}],"coordinates":[],"confidence":{"state":"pre-added","who":["user:Frederike"],"prob":1},"fields":{},"normalizations":{}},{"classId":"e_7","part":"s1v1","offsets":[{"start":762,"text":"Das Angebot wurde im vorliegenden Fall nicht durch V selbst abgegeben"}],"coordinates":[],"confidence":{"state":"pre-added","who":["user:Frederike"],"prob":1},"fields":{},"normalizations":{}},{"classId":"e_7","part":"s1v1","offsets":[{"start":833,"text":"Allerdings hat sie ihre Arbeitnehmerin A damit beauftragt, und sie angewiesen die Kaufabwicklung eigenständig durchzuführen"}],"coordinates":[],"confidence":{"state":"pre-added","who":["user:Frederike"],"prob":1},"fields":{},"normalizations":{}},{"classId":"e_6","part":"s1v1","offsets":[{"start":958,"text":"Somit hat sie diese als Vertretung bestimmt und nach § 164 Abs. 1 BGB gilt die Willenserklärung der Vertretungsbevollmächtigten als unmittelbar und für die Vertretene"}],"coordinates":[],"confidence":{"state":"pre-added","who":["user:Frederike"],"prob":1},"fields":{},"normalizations":{}},{"classId":"e_6","part":"s1v1","offsets":[{"start":1126,"text":"Somit konnte die A die Maschine eigenverantwortlich verkaufen"}],"coordinates":[],"confidence":{"state":"pre-added","who":["user:Frederike"],"prob":1},"fields":{},"normalizations":{}},{"classId":"e_6","part":"s1v1","offsets":[{"start":1189,"text":"Unschädlich ist hier, dass sich die A laut V bei dem Preis geirrt hätte"}],"coordinates":[],"confidence":{"state":"pre-added","who":["user:Frederike"],"prob":1},"fields":{},"normalizations":{}},{"classId":"e_7","part":"s1v1","offsets":[{"start":1262,"text":"da sie dies der A überlassen hatte"}],"coordinates":[],"confidence":{"state":"pre-added","who":["user:Frederike"],"prob":1},"fields":{},"normalizations":{}},{"classId":"e_2","part":"s1v1","offsets":[{"start":1299,"text":"Folglich ist ein wirksames Angebot von V abgegeben worden"}],"coordinates":[],"confidence":{"state":"pre-added","who":["user:Frederike"],"prob":1},"fields":{},"normalizations":{}},{"classId":"e_1","part":"s1v1","offsets":[{"start":1359,"text":"Fraglich ist, ob K das Angebot angenommen hat"}],"coordinates":[],"confidence":{"state":"pre-added","who":["user:Frederike"],"prob":1},"fields":{},"normalizations":{}},{"classId":"e_4","part":"s1v1","offsets":[{"start":1406,"text":"Die Annahme ist eine empfangsbedürftige Willenserklärung, durch die der Antragsempfänger sein Einverständnis mit dem angebotenen Vertragsabschluss zu verstehen gibt"}],"coordinates":[],"confidence":{"state":"pre-added","who":["user:Frederike"],"prob":1},"fields":{},"normalizations":{}},{"classId":"e_5","part":"s1v1","offsets":[{"start":1573,"text":"K hat eine Mail als Annahmebestätigung an A gesendet."}],"coordinates":[],"confidence":{"state":"pre-added","who":["user:Frederike"],"prob":1},"fields":{},"normalizations":{}},{"classId":"e_7","part":"s1v1","offsets":[{"start":1573,"text":"K hat eine Mail als Annahmebestätigung an A gesendet"}],"coordinates":[],"confidence":{"state":"pre-added","who":["user:Frederike"],"prob":1},"fields":{},"normalizations":{}},{"classId":"e_2","part":"s1v1","offsets":[{"start":1627,"text":"K hat folglich das Angebot wirksam angenommen"}],"coordinates":[],"confidence":{"state":"pre-added","who":["user:Frederike"],"prob":1},"fields":{},"normalizations":{}},{"classId":"e_1","part":"s1v1","offsets":[{"start":1675,"text":"Fraglich ist, ob die Annahme fristgerecht erfolgt ist"}],"coordinates":[],"confidence":{"state":"pre-added","who":["user:Frederike"],"prob":1},"fields":{},"normalizations":{}},{"classId":"e_4","part":"s1v1","offsets":[{"start":1730,"text":"Nach § 148 kann die Annahme nur innerhalb der Frist erfolgen, die der Antragende für die Annahme bestimmt hat"}],"coordinates":[],"confidence":{"state":"pre-added","who":["user:Frederike"],"prob":1},"fields":{},"normalizations":{}},{"classId":"e_5","part":"s1v1","offsets":[{"start":1841,"text":"In dem Sachverhalt steht, dass eine Frist für das Angebot von der Verkäuferin festgelegt wurde. Diese geht bis zum 10.03. Die K hat ihre Annahmebestätigung am Morgen dieses Tages gesendet."}],"coordinates":[],"confidence":{"state":"pre-added","who":["user:Frederike"],"prob":1},"fields":{},"normalizations":{}},{"classId":"e_7","part":"s1v1","offsets":[{"start":1841,"text":"In dem Sachverhalt steht, dass eine Frist für das Angebot von der Verkäuferin festgelegt wurde"}],"coordinates":[],"confidence":{"state":"pre-added","who":["user:Frederike"],"prob":1},"fields":{},"normalizations":{}},{"classId":"e_7","part":"s1v1","offsets":[{"start":1937,"text":"Diese geht bis zum 10.03"}],"coordinates":[],"confidence":{"state":"pre-added","who":["user:Frederike"],"prob":1},"fields":{},"normalizations":{}},{"classId":"e_7","part":"s1v1","offsets":[{"start":1963,"text":"Die K hat ihre Annahmebestätigung am Morgen dieses Tages gesendet"}],"coordinates":[],"confidence":{"state":"pre-added","who":["user:Frederike"],"prob":1},"fields":{},"normalizations":{}},{"classId":"e_2","part":"s1v1","offsets":[{"start":2030,"text":"Somit hat K die Annahme fristgerecht abgegeben"}],"coordinates":[],"confidence":{"state":"pre-added","who":["user:Frederike"],"prob":1},"fields":{},"normalizations":{}},{"classId":"e_4","part":"s1v1","offsets":[{"start":2078,"text":"Eine Annahme gilt nur dann als verspätet, wenn sie nach § 149 bei regelmäßiger Beförderung nicht rechtzeitig zugegangen wäre"}],"coordinates":[],"confidence":{"state":"pre-added","who":["user:Frederike"],"prob":1},"fields":{},"normalizations":{}},{"classId":"e_5","part":"s1v1","offsets":[{"start":2204,"text":"Da Mails aber bei regelmäßiger Beförderung in wenigen Sekunden/Minuten ankommen, kann man nicht davon ausgehen, dass hier eine verspätete Annahmeerklärung erfolgt ist."}],"coordinates":[],"confidence":{"state":"pre-added","who":["user:Frederike"],"prob":1},"fields":{},"normalizations":{}},{"classId":"e_7","part":"s1v1","offsets":[{"start":2204,"text":"Da Mails aber bei regelmäßiger Beförderung in wenigen Sekunden/Minuten ankommen"}],"coordinates":[],"confidence":{"state":"pre-added","who":["user:Frederike"],"prob":1},"fields":{},"normalizations":{}},{"classId":"e_6","part":"s1v1","offsets":[{"start":2285,"text":"kann man nicht davon ausgehen, dass hier eine verspätete Annahmeerklärung erfolgt ist"}],"coordinates":[],"confidence":{"state":"pre-added","who":["user:Frederike"],"prob":1},"fields":{},"normalizations":{}},{"classId":"e_5","part":"s1v1","offsets":[{"start":2373,"text":"Die Verkäuferin bzw. die Arbeitnehmerin A hat die Mail nicht an dem Tag zu Kenntnis genommen, an dem die Frist endete, da die entsprechende Mail im Spam Ordner landete."}],"coordinates":[],"confidence":{"state":"pre-added","who":["user:Frederike"],"prob":1},"fields":{},"normalizations":{}},{"classId":"e_7","part":"s1v1","offsets":[{"start":2373,"text":"Die Verkäuferin bzw. die Arbeitnehmerin A hat die Mail nicht an dem Tag zu Kenntnis genommen, an dem die Frist endete, da die entsprechende Mail im Spam Ordner landete"}],"coordinates":[],"confidence":{"state":"pre-added","who":["user:Frederike"],"prob":1},"fields":{},"normalizations":{}},{"classId":"e_1","part":"s1v1","offsets":[{"start":2542,"text":"Fraglich ist, ob K die Mail früher hätte senden müssen, anstatt am letzten möglichen Tag, damit die A die Annahmebestätigung erhält und auch rechtzeitig zur Kenntnis nehmen kann"}],"coordinates":[],"confidence":{"state":"pre-added","who":["user:Frederike"],"prob":1},"fields":{},"normalizations":{}},{"classId":"e_5","part":"s1v1","offsets":[{"start":2721,"text":"Dagegen spricht allerdings, dass die Frist von der A festgelegt wurde, und dass es dann auch regelkonform und unschädlich ist, wenn die Annahme erst am letzten Tag der Frist verkündet wird. Das eine Mail im Spamordner landet liegt nicht im Einflussbereich der K. K hat diese Mail auch zuvor verwendet, sodass nicht absehbar war, dass diese nun im Spamordner landet. Es kann häufiger vorkommen, das Mails im Spam landen und die Käuferin hat darüber keinerlei Kenntnis.\n\nDer Adressat der Mails, hier A, hat aber durchaus Einfluss darauf, welche Mailorder er liest und kontrolliert, zudem handelt es sich hier um eine Geschäftsperson, von der erwartet werden kann, dass auch der Spamorder nach Mail überprüft werden muss. Somit hat A versäumt den Spamordner zu überprüfen."}],"coordinates":[],"confidence":{"state":"pre-added","who":["user:Frederike"],"prob":1},"fields":{},"normalizations":{}},{"classId":"e_7","part":"s1v1","offsets":[{"start":2721,"text":"Dagegen spricht allerdings, dass die Frist von der A festgelegt wurde, und dass es dann auch regelkonform und unschädlich ist, wenn die Annahme erst am letzten Tag der Frist verkündet wird"}],"coordinates":[],"confidence":{"state":"pre-added","who":["user:Frederike"],"prob":1},"fields":{},"normalizations":{}},{"classId":"e_7","part":"s1v1","offsets":[{"start":2911,"text":"Das eine Mail im Spamordner landet liegt nicht im Einflussbereich der K"}],"coordinates":[],"confidence":{"state":"pre-added","who":["user:Frederike"],"prob":1},"fields":{},"normalizations":{}},{"classId":"e_7","part":"s1v1","offsets":[{"start":2984,"text":"K hat diese Mail auch zuvor verwendet, sodass nicht absehbar war, dass diese nun im Spamordner landet"}],"coordinates":[],"confidence":{"state":"pre-added","who":["user:Frederike"],"prob":1},"fields":{},"normalizations":{}},{"classId":"e_7","part":"s1v1","offsets":[{"start":3087,"text":"Es kann häufiger vorkommen, das Mails im Spam landen und die Käuferin hat darüber keinerlei Kenntnis"}],"coordinates":[],"confidence":{"state":"pre-added","who":["user:Frederike"],"prob":1},"fields":{},"normalizations":{}},{"classId":"e_7","part":"s1v1","offsets":[{"start":3190,"text":"Der Adressat der Mails, hier A, hat aber durchaus Einfluss darauf, welche Mailorder er liest und kontrolliert, zudem handelt es sich hier um eine Geschäftsperson, von der erwartet werden kann, dass auch der Spamorder nach Mail überprüft werden muss"}],"coordinates":[],"confidence":{"state":"pre-added","who":["user:Frederike"],"prob":1},"fields":{},"normalizations":{}},{"classId":"e_6","part":"s1v1","offsets":[{"start":3440,"text":"Somit hat A versäumt den Spamordner zu überprüfen"}],"coordinates":[],"confidence":{"state":"pre-added","who":["user:Frederike"],"prob":1},"fields":{},"normalizations":{}},{"classId":"e_2","part":"s1v1","offsets":[{"start":3491,"text":"Folglich ist eine rechtzeitige und wirksame Annahme von K erfolgt"}],"coordinates":[],"confidence":{"state":"pre-added","who":["user:Frederike"],"prob":1},"fields":{},"normalizations":{}},{"classId":"e_2","part":"s1v1","offsets":[{"start":3559,"text":"Zwischen V und K ist ein wirksamer Kaufvertrag geschlossen worden"}],"coordinates":[],"confidence":{"state":"pre-added","who":["user:Frederike"],"prob":1},"fields":{},"normalizations":{}},{"classId":"e_2","part":"s1v1","offsets":[{"start":3627,"text":"Der Anspruch der K ist nicht untergegangen, da nichts Gegenteiliges im Sachverhalt zu finden ist"}],"coordinates":[],"confidence":{"state":"pre-added","who":["user:Frederike"],"prob":1},"fields":{},"normalizations":{}},{"classId":"e_2","part":"s1v1","offsets":[{"start":3725,"text":"Ebenso ist der Anspruch durchsetzbar"}],"coordinates":[],"confidence":{"state":"pre-added","who":["user:Frederike"],"prob":1},"fields":{},"normalizations":{}},{"classId":"e_2","part":"s1v1","offsets":[{"start":3763,"text":"K hat einen Anspruch auf Übergabe nach § 433 Abs. 1 BGB und Übereignung nach § 929 der Maschine"}],"coordinates":[],"confidence":{"state":"pre-added","who":["user:Frederike"],"prob":1},"fields":{},"normalizations":{}},{"classId":"e_1","part":"s1v1","offsets":[{"start":3861,"text":"Fraglich ist, ob V den Kaufvertrag nach § 119 Anfechten kann"}],"coordinates":[],"confidence":{"state":"pre-added","who":["user:Frederike"],"prob":1},"fields":{},"normalizations":{}},{"classId":"e_1","part":"s1v1","offsets":[{"start":3924,"text":"Ein Erklärungsirrtum nach § 119 I Alt. 2 BGB könnte vorliegen, wenn V bzw. A sich im Irrtum über die Erklärung befanden"}],"coordinates":[],"confidence":{"state":"pre-added","who":["user:Frederike"],"prob":1},"fields":{},"normalizations":{}},{"classId":"e_5","part":"s1v1","offsets":[{"start":4142,"text":"Sofern die A bzw. V gar nicht den Preis von 1 000 000 hätte abgeben wollen, sondern sich nur vertippt hätte, und in Wirklichkeit von Beginn an 2 000 000 verlangen wollten, wäre hier ein Erklärungsirrtum denkbar. Da sich die Preisvorstellung allerdings nach der Einstufung der Weltgesundheitsorganisation und der damit verbundenen Wertsteigerung, änderte, kann hier nicht von einem Erklärungsirrtum ausgegangen werden."}],"coordinates":[],"confidence":{"state":"pre-added","who":["user:Frederike"],"prob":1},"fields":{},"normalizations":{}},{"classId":"e_7","part":"s1v1","offsets":[{"start":4142,"text":"Sofern die A bzw. V gar nicht den Preis von 1 000 000 hätte abgeben wollen, sondern sich nur vertippt hätte, und in Wirklichkeit von Beginn an 2 000 000 verlangen wollten, wäre hier ein Erklärungsirrtum denkbar"}],"coordinates":[],"confidence":{"state":"pre-added","who":["user:Frederike"],"prob":1},"fields":{},"normalizations":{}},{"classId":"e_7","part":"s1v1","offsets":[{"start":4354,"text":"Da sich die Preisvorstellung allerdings nach der Einstufung der Weltgesundheitsorganisation und der damit verbundenen Wertsteigerung, änderte"}],"coordinates":[],"confidence":{"state":"pre-added","who":["user:Frederike"],"prob":1},"fields":{},"normalizations":{}},{"classId":"e_6","part":"s1v1","offsets":[{"start":4497,"text":"kann hier nicht von einem Erklärungsirrtum ausgegangen werden"}],"coordinates":[],"confidence":{"state":"pre-added","who":["user:Frederike"],"prob":1},"fields":{},"normalizations":{}},{"classId":"e_1","part":"s1v1","offsets":[{"start":4561,"text":"Fraglich ist, ob es sich hierbei um einen Eigenschaftsirrtum nach § 119 II BGB handelt"}],"coordinates":[],"confidence":{"state":"pre-added","who":["user:Frederike"],"prob":1},"fields":{},"normalizations":{}}],"relations":[{"classId":"r_3","type":"linked","directed":false,"entities":["s1v1|e_1|441,482","s1v1|e_2|1299,1355"],"confidence":{"state":"pre-added","who":["user:Frederike"],"prob":1}},{"classId":"r_3","type":"linked","directed":false,"entities":["s1v1|e_2|1627,1671","s1v1|e_1|1359,1403"],"confidence":{"state":"pre-added","who":["user:Frederike"],"prob":1}},{"classId":"r_3","type":"linked","directed":false,"entities":["s1v1|e_2|2030,2075","s1v1|e_1|1675,1727"],"confidence":{"state":"pre-added","who":["user:Frederike"],"prob":1}},{"classId":"r_3","type":"linked","directed":false,"entities":["s1v1|e_1|2542,2718","s1v1|e_2|3491,3555"],"confidence":{"state":"pre-added","who":["user:Frederike"],"prob":1}},{"classId":"r_3","type":"linked","directed":false,"entities":["s1v1|e_2|3559,3623","s1v1|e_1|220,298"],"confidence":{"state":"pre-added","who":["user:Frederike"],"prob":1}},{"classId":"r_3","type":"linked","directed":false,"entities":["s1v1|e_2|3763,3857","s1v1|e_1|101,216"],"confidence":{"state":"pre-added","who":["user:Frederike"],"prob":1}},{"classId":"r_8","type":"linked","directed":false,"entities":["s1v1|e_7|833,955","s1v1|e_6|958,1123"],"confidence":{"state":"pre-added","who":["user:Frederike"],"prob":1}},{"classId":"r_8","type":"linked","directed":false,"entities":["s1v1|e_6|1189,1259","s1v1|e_7|1262,1295"],"confidence":{"state":"pre-added","who":["user:Frederike"],"prob":1}},{"classId":"r_8","type":"linked","directed":false,"entities":["s1v1|e_7|2204,2282","s1v1|e_6|2285,2369"],"confidence":{"state":"pre-added","who":["user:Frederike"],"prob":1}},{"classId":"r_8","type":"linked","directed":false,"entities":["s1v1|e_6|3440,3488","s1v1|e_7|3190,3437"],"confidence":{"state":"pre-added","who":["user:Frederike"],"prob":1}},{"classId":"r_8","type":"linked","directed":false,"entities":["s1v1|e_7|4354,4494","s1v1|e_6|4497,4557"],"confidence":{"state":"pre-added","who":["user:Frederike"],"prob":1}}]}