{"annotatable":{"parts":["s1v1"]},"anncomplete":true,"sources":[],"metas":{},"entities":[{"classId":"e_1","part":"s1v1","offsets":[{"start":0,"text":"K könnte gem. § 433 I BGB einen Anspruch gegen V auf Übergabe und Übereignung der Maschine haben"}],"coordinates":[],"confidence":{"state":"pre-added","who":["user:FabianBrese"],"prob":1},"fields":{},"normalizations":{}},{"classId":"e_1","part":"s1v1","offsets":[{"start":98,"text":"Dafür müsste ein Kaufvertrag zwischen K und V geschlossen worden sein"}],"coordinates":[],"confidence":{"state":"pre-added","who":["user:FabianBrese"],"prob":1},"fields":{},"normalizations":{}},{"classId":"e_1","part":"s1v1","offsets":[{"start":192,"text":"Dafür müsste ein Kaufvertrag zwischen K und V geschlossen worden sein"}],"coordinates":[],"confidence":{"state":"pre-added","who":["ml:regex","user:FabianBrese"],"prob":1},"fields":{},"normalizations":{}},{"classId":"e_4","part":"s1v1","offsets":[{"start":263,"text":"Ein Vertrag kommt durch zwei in Bezug aufeinander abgegebene, inhaltlich Übereinstimmende Willenserklärungen, regelmäßig durch Angebot und Annahme zustande"}],"coordinates":[],"confidence":{"state":"pre-added","who":["user:FabianBrese"],"prob":1},"fields":{},"normalizations":{}},{"classId":"e_5","part":"s1v1","offsets":[{"start":433,"text":"Zwischen V und K gibt es keine Einigung. Laut Sachverhalt einigen sich aber A und K über den Kauf der Maschine zum Preis von 1.000.000 €."}],"coordinates":[],"confidence":{"state":"pre-added","who":["user:FabianBrese"],"prob":1},"fields":{},"normalizations":{}},{"classId":"e_6","part":"s1v1","offsets":[{"start":433,"text":"Zwischen V und K gibt es keine Einigung"}],"coordinates":[],"confidence":{"state":"pre-added","who":["user:FabianBrese"],"prob":1},"fields":{},"normalizations":{}},{"classId":"e_7","part":"s1v1","offsets":[{"start":474,"text":"Laut Sachverhalt einigen sich aber A und K über den Kauf der Maschine zum Preis von 1.000.000 €"}],"coordinates":[],"confidence":{"state":"pre-added","who":["user:FabianBrese"],"prob":1},"fields":{},"normalizations":{}},{"classId":"e_1","part":"s1v1","offsets":[{"start":599,"text":"Möglicherweise könnte hieraus V verpflichtet sein"}],"coordinates":[],"confidence":{"state":"pre-added","who":["user:FabianBrese"],"prob":1},"fields":{},"normalizations":{}},{"classId":"e_5","part":"s1v1","offsets":[{"start":650,"text":"Die Einigung entfaltet Wirkung für und gegen V nur dann, wenn A gemäß § 164 Abs. 1 S. 1 BGB als Stellvertreter der V gehandelt hat"}],"coordinates":[],"confidence":{"state":"pre-added","who":["user:FabianBrese"],"prob":1},"fields":{},"normalizations":{}},{"classId":"e_4","part":"s1v1","offsets":[{"start":1005,"text":"Eine eigene Willenserklärung liegt vor, wenn der Handelnde nicht nur eine fremde Willenserklärung übermittelt (=Botenschaft), also bloß für deren bloßen Zugang sorgt (dies wäre eine rein tatsächliche Handlung), sondern selbst rechtsgeschäftlich tätig wird"}],"coordinates":[],"confidence":{"state":"pre-added","who":["user:FabianBrese"],"prob":1},"fields":{},"normalizations":{}},{"classId":"e_5","part":"s1v1","offsets":[{"start":1397,"text":"A wurde von V beauftragt, den Verkauf „eigenverantwortlich zu verhandeln und abzuwickeln“. Es geht aus dem Sachverhalt vor, dass A gegenüber K eine eigene Willenserklärung abgegeben hat und somit nicht bloßer Bote der V war."}],"coordinates":[],"confidence":{"state":"pre-added","who":["user:FabianBrese"],"prob":1},"fields":{},"normalizations":{}},{"classId":"e_7","part":"s1v1","offsets":[{"start":1397,"text":"A wurde von V beauftragt, den Verkauf „eigenverantwortlich zu verhandeln und abzuwickeln"}],"coordinates":[],"confidence":{"state":"pre-added","who":["user:FabianBrese"],"prob":1},"fields":{},"normalizations":{}},{"classId":"e_7","part":"s1v1","offsets":[{"start":1488,"text":"Es geht aus dem Sachverhalt vor, dass A gegenüber K eine eigene Willenserklärung abgegeben hat"}],"coordinates":[],"confidence":{"state":"pre-added","who":["user:FabianBrese"],"prob":1},"fields":{},"normalizations":{}},{"classId":"e_6","part":"s1v1","offsets":[{"start":1583,"text":"und somit nicht bloßer Bote der V war"}],"coordinates":[],"confidence":{"state":"pre-added","who":["user:FabianBrese"],"prob":1},"fields":{},"normalizations":{}},{"classId":"e_1","part":"s1v1","offsets":[{"start":2056,"text":"K müsste daher wissen, dass im Endeffekt V der Vertragspartner ist und nicht A selbst"}],"coordinates":[],"confidence":{"state":"pre-added","who":["user:FabianBrese"],"prob":1},"fields":{},"normalizations":{}},{"classId":"e_5","part":"s1v1","offsets":[{"start":2252,"text":"Zwischen V und A kommt eine rechtsgeschäftlich erteilte Vertretungsmacht gemäß § 166 Abs. 2 BGB, also eine Vollmacht, in Betracht."}],"coordinates":[],"confidence":{"state":"pre-added","who":["user:FabianBrese"],"prob":1},"fields":{},"normalizations":{}},{"classId":"e_2","part":"s1v1","offsets":[{"start":2403,"text":"A hat demzufolge mit Vertretungsmacht gehandelt"}],"coordinates":[],"confidence":{"state":"pre-added","who":["user:FabianBrese"],"prob":1},"fields":{},"normalizations":{}},{"classId":"e_1","part":"s1v1","offsets":[{"start":2550,"text":"Fraglich ist, ob ein Angebot durch A vorliegt"}],"coordinates":[],"confidence":{"state":"pre-added","who":["user:FabianBrese"],"prob":1},"fields":{},"normalizations":{}},{"classId":"e_4","part":"s1v1","offsets":[{"start":2597,"text":"Ein Angebot ist eine empfangsbedürftige Willenserklärung durch die einem anderen der Vertragsschluss unter Festlegung der wesentlichen Vertragsbestandteile (Kaufpreis, Kaufsache, Vertragsparteien) so angetragen wird, dass das Zustandekommen des Vertrages nur von dessen Zustimmung abhängt"}],"coordinates":[],"confidence":{"state":"pre-added","who":["user:FabianBrese"],"prob":1},"fields":{},"normalizations":{}},{"classId":"e_5","part":"s1v1","offsets":[{"start":2887,"text":"A erklärt, dass sie eine Maschine zur industriellen Herstellung medizinischer Schutzmasken zum Preis von 1.000.000 € an K verkaufen möchte. Dadurch sind sowohl die Vertragsparteien (V und A), sowie der Kaufgegenstand (Maskenmaschine) als auch der Kaufpreis (1.000.000 €) von A erklärt worden und damit alle wesentlichen Vertragsbestandteile benannt. Es handelt sich außerdem um ein befristetes Angebot bis zum 10.03 nach § 148 BGB."}],"coordinates":[],"confidence":{"state":"pre-added","who":["user:FabianBrese"],"prob":1},"fields":{},"normalizations":{}},{"classId":"e_7","part":"s1v1","offsets":[{"start":2887,"text":"A erklärt, dass sie eine Maschine zur industriellen Herstellung medizinischer Schutzmasken zum Preis von 1.000.000 € an K verkaufen möchte"}],"coordinates":[],"confidence":{"state":"pre-added","who":["user:FabianBrese"],"prob":1},"fields":{},"normalizations":{}},{"classId":"e_6","part":"s1v1","offsets":[{"start":3027,"text":"Dadurch sind sowohl die Vertragsparteien (V und A), sowie der Kaufgegenstand (Maskenmaschine) als auch der Kaufpreis (1.000.000 €) von A erklärt worden und damit alle wesentlichen Vertragsbestandteile benannt"}],"coordinates":[],"confidence":{"state":"pre-added","who":["user:FabianBrese"],"prob":1},"fields":{},"normalizations":{}},{"classId":"e_2","part":"s1v1","offsets":[{"start":3319,"text":"Es handelt sich somit um ein Angebot durch die A"}],"coordinates":[],"confidence":{"state":"pre-added","who":["user:FabianBrese"],"prob":1},"fields":{},"normalizations":{}},{"classId":"e_1","part":"s1v1","offsets":[{"start":3382,"text":"Fraglich ist, ob K das Angebot angenommen hat"}],"coordinates":[],"confidence":{"state":"pre-added","who":["user:FabianBrese"],"prob":1},"fields":{},"normalizations":{}},{"classId":"e_4","part":"s1v1","offsets":[{"start":3429,"text":"Eine Annahme ist die in Bezug auf ein Angebot abgegebene, empfangsbedürftige Willenserklärung, durch die ein Kaufvertrag zustande kommt"}],"coordinates":[],"confidence":{"state":"pre-added","who":["user:FabianBrese"],"prob":1},"fields":{},"normalizations":{}},{"classId":"e_5","part":"s1v1","offsets":[{"start":3566,"text":"K hat in Bezug auf das Angebot eine E-Mail verfasst und mit dieser das Angebot rechtzeitig angenommen."}],"coordinates":[],"confidence":{"state":"pre-added","who":["user:FabianBrese"],"prob":1},"fields":{},"normalizations":{}},{"classId":"e_7","part":"s1v1","offsets":[{"start":3566,"text":"K hat in Bezug auf das Angebot eine E-Mail verfasst und mit dieser das Angebot rechtzeitig angenommen"}],"coordinates":[],"confidence":{"state":"pre-added","who":["user:FabianBrese"],"prob":1},"fields":{},"normalizations":{}},{"classId":"e_5","part":"s1v1","offsets":[{"start":3670,"text":"Da die E-Mail im Spam-Ordner von A landet, liest A die Mail nicht mehr am 10.03, sondern erst am 11.03. Unter den Voraussetzungen des § 149 BGB kann eine verspätete Annahme jedoch ausnahmsweise als rechtzeitig gelten, da in diesem Fall A verpflichtet ist, ihren Spam-Ordner zu überprüfen."}],"coordinates":[],"confidence":{"state":"pre-added","who":["user:FabianBrese"],"prob":1},"fields":{},"normalizations":{}},{"classId":"e_2","part":"s1v1","offsets":[{"start":3959,"text":"K hat somit das Angebot fristgerecht angenommen"}],"coordinates":[],"confidence":{"state":"pre-added","who":["user:FabianBrese"],"prob":1},"fields":{},"normalizations":{}},{"classId":"e_2","part":"s1v1","offsets":[{"start":4028,"text":"Damit liegt ein Kaufvertrag vor"}],"coordinates":[],"confidence":{"state":"pre-added","who":["user:FabianBrese"],"prob":1},"fields":{},"normalizations":{}},{"classId":"e_2","part":"s1v1","offsets":[{"start":4061,"text":"Der Anspruch ist entstanden"}],"coordinates":[],"confidence":{"state":"pre-added","who":["user:FabianBrese"],"prob":1},"fields":{},"normalizations":{}},{"classId":"e_1","part":"s1v1","offsets":[{"start":4127,"text":"Fraglich ist, ob V den Kaufvertrag zwischen ihr und K gemäß §142 (1) BGB wirksam anfechten kann"}],"coordinates":[],"confidence":{"state":"pre-added","who":["user:FabianBrese"],"prob":1},"fields":{},"normalizations":{}},{"classId":"e_1","part":"s1v1","offsets":[{"start":4276,"text":"Dafür müsste V die Anfechtung als einseitig empfangsbedürftige Willenserklärung ausdrücklich oder konkludent erklären, §143 (1) BGB"}],"coordinates":[],"confidence":{"state":"pre-added","who":["user:FabianBrese"],"prob":1},"fields":{},"normalizations":{}},{"classId":"e_5","part":"s1v1","offsets":[{"start":4409,"text":"Indem V die Herausgabe der Maschine verweigerte und das Zustandekommen des Kaufvertrags durch den Irrtum der A bestreitet, gibt sie eine konkludente Anfechtungserklärung an K ab."}],"coordinates":[],"confidence":{"state":"pre-added","who":["user:FabianBrese"],"prob":1},"fields":{},"normalizations":{}},{"classId":"e_7","part":"s1v1","offsets":[{"start":4409,"text":"Indem V die Herausgabe der Maschine verweigerte und das Zustandekommen des Kaufvertrags durch den Irrtum der A bestreitet"}],"coordinates":[],"confidence":{"state":"pre-added","who":["user:FabianBrese"],"prob":1},"fields":{},"normalizations":{}},{"classId":"e_6","part":"s1v1","offsets":[{"start":4532,"text":"gibt sie eine konkludente Anfechtungserklärung an K ab"}],"coordinates":[],"confidence":{"state":"pre-added","who":["user:FabianBrese"],"prob":1},"fields":{},"normalizations":{}},{"classId":"e_2","part":"s1v1","offsets":[{"start":4588,"text":"V hat somit eine Anfechtungserklärung abgegeben"}],"coordinates":[],"confidence":{"state":"pre-added","who":["user:FabianBrese"],"prob":1},"fields":{},"normalizations":{}},{"classId":"e_1","part":"s1v1","offsets":[{"start":4657,"text":"Außerdem müsste V einen Anfechtungsgrund gemäß §§119 ff. BGB in Betracht ziehen können"}],"coordinates":[],"confidence":{"state":"pre-added","who":["user:FabianBrese"],"prob":1},"fields":{},"normalizations":{}},{"classId":"e_1","part":"s1v1","offsets":[{"start":4745,"text":"Vorliegend könnte es sich um einen Eigenschaftsirrtum gemäß §119 (2) BGB handeln, bei dem der Erklärende falsche Vorstellungen von der betreffenden Sache hat"}],"coordinates":[],"confidence":{"state":"pre-added","who":["user:FabianBrese"],"prob":1},"fields":{},"normalizations":{}},{"classId":"e_5","part":"s1v1","offsets":[{"start":4904,"text":"V erklärt, dass ihre Stellvertreterin A sich über den Marktpreis der Maschine geirrt habe und die Maschine anstatt 1.000.000€ mittlerweile 2.000.000€ wert sei. A hat zum Zeitpunkt des Verkaufs den Anstieg des Bedarfs an Schutzmasken in Folge der Covid-19-Pandemie nicht beachtet und somit den erzielbaren Marktpreis für die Maschine falsch eingeschätzt."}],"coordinates":[],"confidence":{"state":"pre-added","who":["user:FabianBrese"],"prob":1},"fields":{},"normalizations":{}},{"classId":"e_7","part":"s1v1","offsets":[{"start":4904,"text":"V erklärt, dass ihre Stellvertreterin A sich über den Marktpreis der Maschine geirrt habe und die Maschine anstatt 1.000.000€ mittlerweile 2.000.000€ wert sei"}],"coordinates":[],"confidence":{"state":"pre-added","who":["user:FabianBrese"],"prob":1},"fields":{},"normalizations":{}},{"classId":"e_6","part":"s1v1","offsets":[{"start":5064,"text":"A hat zum Zeitpunkt des Verkaufs den Anstieg des Bedarfs an Schutzmasken in Folge der Covid-19-Pandemie nicht beachtet und somit den erzielbaren Marktpreis für die Maschine falsch eingeschätzt"}],"coordinates":[],"confidence":{"state":"pre-added","who":["user:FabianBrese"],"prob":1},"fields":{},"normalizations":{}},{"classId":"e_2","part":"s1v1","offsets":[{"start":5343,"text":"V kann demnach den durch A stellvertretend verhandelten Kaufvertrag zwischen V und K nicht aufgrund eines Eigenschaftsirrtum gemäß §119 (2) BGB anfechten"}],"coordinates":[],"confidence":{"state":"pre-added","who":["user:FabianBrese"],"prob":1},"fields":{},"normalizations":{}},{"classId":"e_2","part":"s1v1","offsets":[{"start":5510,"text":"V hat den Kaufvertrag nicht wirksam angefochten"}],"coordinates":[],"confidence":{"state":"pre-added","who":["user:FabianBrese"],"prob":1},"fields":{},"normalizations":{}},{"classId":"e_2","part":"s1v1","offsets":[{"start":5573,"text":"K hat gegen V einen Anspruch auf Übergabe und Übereignung der Maschine gemäß §433 (1) S.1 BGB"}],"coordinates":[],"confidence":{"state":"pre-added","who":["user:FabianBrese"],"prob":1},"fields":{},"normalizations":{}}],"relations":[{"classId":"r_3","type":"linked","directed":false,"entities":["s1v1|e_1|2550,2594","s1v1|e_2|3319,3366"],"confidence":{"state":"pre-added","who":["user:FabianBrese"],"prob":1}},{"classId":"r_3","type":"linked","directed":false,"entities":["s1v1|e_2|4588,4634","s1v1|e_1|4276,4406"],"confidence":{"state":"pre-added","who":["user:FabianBrese"],"prob":1}},{"classId":"r_3","type":"linked","directed":false,"entities":["s1v1|e_2|5343,5495","s1v1|e_1|4745,4901"],"confidence":{"state":"pre-added","who":["user:FabianBrese"],"prob":1}},{"classId":"r_3","type":"linked","directed":false,"entities":["s1v1|e_2|5510,5556","s1v1|e_1|4127,4221"],"confidence":{"state":"pre-added","who":["user:FabianBrese"],"prob":1}},{"classId":"r_3","type":"linked","directed":false,"entities":["s1v1|e_2|5573,5665","s1v1|e_1|0,95"],"confidence":{"state":"pre-added","who":["user:FabianBrese"],"prob":1}},{"classId":"r_8","type":"linked","directed":false,"entities":["s1v1|e_7|1488,1581","s1v1|e_6|1583,1619"],"confidence":{"state":"pre-added","who":["user:FabianBrese"],"prob":1}},{"classId":"r_8","type":"linked","directed":false,"entities":["s1v1|e_7|2887,3024","s1v1|e_6|3027,3234"],"confidence":{"state":"pre-added","who":["user:FabianBrese"],"prob":1}},{"classId":"r_8","type":"linked","directed":false,"entities":["s1v1|e_7|4409,4529","s1v1|e_6|4532,4585"],"confidence":{"state":"pre-added","who":["user:FabianBrese"],"prob":1}},{"classId":"r_8","type":"linked","directed":false,"entities":["s1v1|e_7|4904,5061","s1v1|e_6|5064,5255"],"confidence":{"state":"pre-added","who":["user:FabianBrese"],"prob":1}}]}