{"annotatable":{"parts":["s1v1"]},"anncomplete":true,"sources":[],"metas":{},"entities":[{"classId":"e_1","part":"s1v1","offsets":[{"start":3,"text":"H könnte einen Anspruch auf Zahlung des Kaufpreises über 125 Euro gegen R\n\naus dem Kaufvertrag gem. §433 II BGB haben"}],"coordinates":[],"confidence":{"state":"pre-added","who":["user:Frederike"],"prob":1},"fields":{},"normalizations":{}},{"classId":"e_1","part":"s1v1","offsets":[{"start":204,"text":"Es könnte einen Kaufvertrag geben, wenn übereinstimmend Willenserklärung, namentlich Angebot und Annahme (§§145 ff. BGB), bestehen"}],"coordinates":[],"confidence":{"state":"pre-added","who":["user:Frederike"],"prob":1},"fields":{},"normalizations":{}},{"classId":"e_1","part":"s1v1","offsets":[{"start":352,"text":"R könnte H ein Angebot gemacht haben"}],"coordinates":[],"confidence":{"state":"pre-added","who":["user:Frederike"],"prob":1},"fields":{},"normalizations":{}},{"classId":"e_4","part":"s1v1","offsets":[{"start":394,"text":"Ein Angebot ist eine auf einen Vertragsschluss gerichtete, empfangsbedürftige Willenserklärung, die so bestimmt sein muss, dass sie möglichst einfach durch den Empfänger des Angebots angenommen werden kann"}],"coordinates":[],"confidence":{"state":"pre-added","who":["user:Frederike"],"prob":1},"fields":{},"normalizations":{}},{"classId":"e_5","part":"s1v1","offsets":[{"start":605,"text":"R hat H ein Angebot gemacht, indem sie H in einer E-Mail dazu auffordert, ihr einen Leitz Z-1000 schnellstmöglich und zu üblichen Bedingungen zu liefern."}],"coordinates":[],"confidence":{"state":"pre-added","who":["user:Frederike"],"prob":1},"fields":{},"normalizations":{}},{"classId":"e_6","part":"s1v1","offsets":[{"start":605,"text":"R hat H ein Angebot gemacht"}],"coordinates":[],"confidence":{"state":"pre-added","who":["user:Frederike"],"prob":1},"fields":{},"normalizations":{}},{"classId":"e_7","part":"s1v1","offsets":[{"start":634,"text":"indem sie H in einer E-Mail dazu auffordert, ihr einen Leitz Z-1000 schnellstmöglich und zu üblichen Bedingungen zu liefern"}],"coordinates":[],"confidence":{"state":"pre-added","who":["user:Frederike"],"prob":1},"fields":{},"normalizations":{}},{"classId":"e_2","part":"s1v1","offsets":[{"start":763,"text":"R hat H ein wirksames Angebot gemacht"}],"coordinates":[],"confidence":{"state":"pre-added","who":["user:Frederike"],"prob":1},"fields":{},"normalizations":{}},{"classId":"e_1","part":"s1v1","offsets":[{"start":819,"text":"H könnte das von R ausgehende Angebot angenommen haben"}],"coordinates":[],"confidence":{"state":"pre-added","who":["user:Frederike"],"prob":1},"fields":{},"normalizations":{}},{"classId":"e_4","part":"s1v1","offsets":[{"start":879,"text":"Eine Annahme ist eine Erklärung, mit der das Angebot angenommen werden soll"}],"coordinates":[],"confidence":{"state":"pre-added","who":["user:Frederike"],"prob":1},"fields":{},"normalizations":{}},{"classId":"e_5","part":"s1v1","offsets":[{"start":960,"text":"H hat keine Erklärung abgegeben, da R um schnellstmögliche Lieferung gebeten hat und keine formale Annahme erwartete (§151 BGB)."}],"coordinates":[],"confidence":{"state":"pre-added","who":["user:Frederike"],"prob":1},"fields":{},"normalizations":{}},{"classId":"e_6","part":"s1v1","offsets":[{"start":960,"text":"H hat keine Erklärung abgegeben"}],"coordinates":[],"confidence":{"state":"pre-added","who":["user:Frederike"],"prob":1},"fields":{},"normalizations":{}},{"classId":"e_7","part":"s1v1","offsets":[{"start":993,"text":"da R um schnellstmögliche Lieferung gebeten hat und keine formale Annahme erwartete (§151 BGB)"}],"coordinates":[],"confidence":{"state":"pre-added","who":["user:Frederike"],"prob":1},"fields":{},"normalizations":{}},{"classId":"e_2","part":"s1v1","offsets":[{"start":1093,"text":"H hat das von R ausgehende Angebot angenommen"}],"coordinates":[],"confidence":{"state":"pre-added","who":["user:Frederike"],"prob":1},"fields":{},"normalizations":{}},{"classId":"e_2","part":"s1v1","offsets":[{"start":1146,"text":"Es besteht ein zunächst wirksamer Kaufvertrag"}],"coordinates":[],"confidence":{"state":"pre-added","who":["user:Frederike"],"prob":1},"fields":{},"normalizations":{}},{"classId":"e_5","part":"s1v1","offsets":[{"start":1473,"text":"R hat zunächst den falschen Händler kontaktiert und zudem ein nicht gewünschtes Produkt erworben, das lediglich namensidentisch mit dem eigentlichen Kaufziel war."}],"coordinates":[],"confidence":{"state":"pre-added","who":["user:Frederike"],"prob":1},"fields":{},"normalizations":{}},{"classId":"e_7","part":"s1v1","offsets":[{"start":1473,"text":"R hat zunächst den falschen Händler kontaktiert und zudem ein nicht gewünschtes Produkt erworben, das lediglich namensidentisch mit dem eigentlichen Kaufziel war"}],"coordinates":[],"confidence":{"state":"pre-added","who":["user:Frederike"],"prob":1},"fields":{},"normalizations":{}},{"classId":"e_2","part":"s1v1","offsets":[{"start":1641,"text":"Der Kaufvertrag ist zum Zeitpunkt der Übergabe unwirksam, da er angefochten wird und somit von Beginn an als nichtig zu betrachten ist"}],"coordinates":[],"confidence":{"state":"pre-added","who":["user:Frederike"],"prob":1},"fields":{},"normalizations":{}},{"classId":"e_2","part":"s1v1","offsets":[{"start":1780,"text":"H kann keinen Anspruch auf die Zahlung des Kaufpreises erheben, da die Bedingungen für einen wirksamen Kaufvertrag nicht hinreichend erfüllt sind"}],"coordinates":[],"confidence":{"state":"pre-added","who":["user:Frederike"],"prob":1},"fields":{},"normalizations":{}}],"relations":[{"classId":"r_3","type":"linked","directed":false,"entities":["s1v1|e_2|763,799","s1v1|e_1|352,387"],"confidence":{"state":"pre-added","who":["user:Frederike"],"prob":1}},{"classId":"r_3","type":"linked","directed":false,"entities":["s1v1|e_1|819,872","s1v1|e_2|1093,1137"],"confidence":{"state":"pre-added","who":["user:Frederike"],"prob":1}},{"classId":"r_3","type":"linked","directed":false,"entities":["s1v1|e_2|1641,1774","s1v1|e_1|204,333"],"confidence":{"state":"pre-added","who":["user:Frederike"],"prob":1}},{"classId":"r_3","type":"linked","directed":false,"entities":["s1v1|e_2|1780,1924","s1v1|e_1|3,119"],"confidence":{"state":"pre-added","who":["user:Frederike"],"prob":1}},{"classId":"r_8","type":"linked","directed":false,"entities":["s1v1|e_6|605,631","s1v1|e_7|634,756"],"confidence":{"state":"pre-added","who":["user:Frederike"],"prob":1}},{"classId":"r_8","type":"linked","directed":false,"entities":["s1v1|e_6|960,990","s1v1|e_7|993,1086"],"confidence":{"state":"pre-added","who":["user:Frederike"],"prob":1}}]}