{"annotatable":{"parts":["s1v1"]},"anncomplete":true,"sources":[],"metas":{},"entities":[{"classId":"e_1","part":"s1v1","offsets":[{"start":30,"text":"V könnte gegen K einen Anspruch auf Zahlung des Kaufpreises gemäß § 433 Abs. 2 BGB in Höhe von 27.000€ haben"}],"coordinates":[],"confidence":{"state":"pre-added","who":["user:FabianBrese"],"prob":1},"fields":{},"normalizations":{}},{"classId":"e_1","part":"s1v1","offsets":[{"start":160,"text":"Dazu müssten V und K einen Kaufvertrag gemäß § 433 BGB in Höhe von 27.000€ geschlossen haben"}],"coordinates":[],"confidence":{"state":"pre-added","who":["user:FabianBrese"],"prob":1},"fields":{},"normalizations":{}},{"classId":"e_4","part":"s1v1","offsets":[{"start":255,"text":"Ein Kaufvertrag setzt zwei entgegengerichtete, inhaltlich korrespondierende Willenserklärungen, namentlich Angebot und Annahme laut § 145 ff BGB voraus"}],"coordinates":[],"confidence":{"state":"pre-added","who":["user:FabianBrese"],"prob":1},"fields":{},"normalizations":{}},{"classId":"e_5","part":"s1v1","offsets":[{"start":438,"text":"V selbst hat kein Angebot gegenüber K abgegeben. Allerdings könnte das telefonische Angebot der A, das Fahrzeug für 27.000 € zu verkaufen, gemäß § 164 Abs. 1 BGB unmittelbar für und gegen V wirken, wenn diese von A wirksam vertreten wurde."}],"coordinates":[],"confidence":{"state":"pre-added","who":["user:FabianBrese"],"prob":1},"fields":{},"normalizations":{}},{"classId":"e_7","part":"s1v1","offsets":[{"start":438,"text":"V selbst hat kein Angebot gegenüber K abgegeben"}],"coordinates":[],"confidence":{"state":"pre-added","who":["user:FabianBrese"],"prob":1},"fields":{},"normalizations":{}},{"classId":"e_6","part":"s1v1","offsets":[{"start":487,"text":"Allerdings könnte das telefonische Angebot der A, das Fahrzeug für 27.000 € zu verkaufen, gemäß § 164 Abs. 1 BGB unmittelbar für und gegen V wirken, wenn diese von A wirksam vertreten wurde"}],"coordinates":[],"confidence":{"state":"pre-added","who":["user:FabianBrese"],"prob":1},"fields":{},"normalizations":{}},{"classId":"e_1","part":"s1v1","offsets":[{"start":678,"text":"Dafür müsste Stellvertretung zulässig sein und die A eine eigene Willenserklärung im Namen der V mit Vertretungsmacht abgegeben haben"}],"coordinates":[],"confidence":{"state":"pre-added","who":["user:FabianBrese"],"prob":1},"fields":{},"normalizations":{}},{"classId":"e_2","part":"s1v1","offsets":[{"start":851,"text":"Stellvertretung ist beim Abschluss eines Kaufvertrages nach §§ 164 ff BGB zulässig"}],"coordinates":[],"confidence":{"state":"pre-added","who":["user:FabianBrese"],"prob":1},"fields":{},"normalizations":{}},{"classId":"e_1","part":"s1v1","offsets":[{"start":963,"text":"A müsste als Stellvertreterin eine eigene Willenserklärung abgegeben haben"}],"coordinates":[],"confidence":{"state":"pre-added","who":["user:FabianBrese"],"prob":1},"fields":{},"normalizations":{}},{"classId":"e_4","part":"s1v1","offsets":[{"start":1040,"text":"In Abgrenzung zum Boten, der nur eine fremde Willenserklärung übermittelt, muss der Stellvertreter Entscheidungsspielraum haben, innerhalb dessen er eine eigene Willenserklärung abgeben kann"}],"coordinates":[],"confidence":{"state":"pre-added","who":["user:FabianBrese"],"prob":1},"fields":{},"normalizations":{}},{"classId":"e_5","part":"s1v1","offsets":[{"start":1623,"text":"Die A verhandelte den Verkauf des Fahrzeugs eigenverantwortlich und gab damit aus objektivierter Sicht der K ein eigenes Angebot ab. Mit einem Alter von 16 Jahren ist die A beschränkt geschäftsfähig und kann als Stellvertreterin wirksam Willenserklärungen abgeben."}],"coordinates":[],"confidence":{"state":"pre-added","who":["user:FabianBrese"],"prob":1},"fields":{},"normalizations":{}},{"classId":"e_7","part":"s1v1","offsets":[{"start":1623,"text":"Die A verhandelte den Verkauf des Fahrzeugs eigenverantwortlich und gab damit aus objektivierter Sicht der K ein eigenes Angebot ab"}],"coordinates":[],"confidence":{"state":"pre-added","who":["user:FabianBrese"],"prob":1},"fields":{},"normalizations":{}},{"classId":"e_6","part":"s1v1","offsets":[{"start":1756,"text":"Mit einem Alter von 16 Jahren ist die A beschränkt geschäftsfähig und kann als Stellvertreterin wirksam Willenserklärungen abgeben"}],"coordinates":[],"confidence":{"state":"pre-added","who":["user:FabianBrese"],"prob":1},"fields":{},"normalizations":{}},{"classId":"e_2","part":"s1v1","offsets":[{"start":1889,"text":"A hat somit eine eigene Willenserklärung abgegeben"}],"coordinates":[],"confidence":{"state":"pre-added","who":["user:FabianBrese"],"prob":1},"fields":{},"normalizations":{}},{"classId":"e_1","part":"s1v1","offsets":[{"start":1963,"text":"A müsste das Angebot im Namen der V abgegeben haben"}],"coordinates":[],"confidence":{"state":"pre-added","who":["user:FabianBrese"],"prob":1},"fields":{},"normalizations":{}},{"classId":"e_5","part":"s1v1","offsets":[{"start":2344,"text":"Aus Sicht der K war klar ersichtlich, dass die Auszubildende A das Fahrzeug nicht selbst als Vertragspartei verkaufen wollte, sondern für ihre Ausbilderin V, die den Gebrauchtwagenhandel betreibt, bei dem sie den Wagen bereits besichtigt hatte."}],"coordinates":[],"confidence":{"state":"pre-added","who":["user:FabianBrese"],"prob":1},"fields":{},"normalizations":{}},{"classId":"e_7","part":"s1v1","offsets":[{"start":2344,"text":"Aus Sicht der K war klar ersichtlich, dass die Auszubildende A das Fahrzeug nicht selbst als Vertragspartei verkaufen wollte"}],"coordinates":[],"confidence":{"state":"pre-added","who":["user:FabianBrese"],"prob":1},"fields":{},"normalizations":{}},{"classId":"e_6","part":"s1v1","offsets":[{"start":2470,"text":"sondern für ihre Ausbilderin V, die den Gebrauchtwagenhandel betreibt, bei dem sie den Wagen bereits besichtigt hatte"}],"coordinates":[],"confidence":{"state":"pre-added","who":["user:FabianBrese"],"prob":1},"fields":{},"normalizations":{}},{"classId":"e_2","part":"s1v1","offsets":[{"start":2590,"text":"A hat das Angebot folglich im Namen der V abgegeben"}],"coordinates":[],"confidence":{"state":"pre-added","who":["user:FabianBrese"],"prob":1},"fields":{},"normalizations":{}},{"classId":"e_1","part":"s1v1","offsets":[{"start":2666,"text":"A müsste zudem mit Vertretungsmacht gehandelt haben"}],"coordinates":[],"confidence":{"state":"pre-added","who":["user:FabianBrese"],"prob":1},"fields":{},"normalizations":{}},{"classId":"e_5","part":"s1v1","offsets":[{"start":2878,"text":"V hatte die A gebeten, dass Fahrzeug für mindestens 25.000 € zu verkaufen."}],"coordinates":[],"confidence":{"state":"pre-added","who":["user:FabianBrese"],"prob":1},"fields":{},"normalizations":{}},{"classId":"e_7","part":"s1v1","offsets":[{"start":2878,"text":"V hatte die A gebeten, dass Fahrzeug für mindestens 25.000 € zu verkaufen"}],"coordinates":[],"confidence":{"state":"pre-added","who":["user:FabianBrese"],"prob":1},"fields":{},"normalizations":{}},{"classId":"e_2","part":"s1v1","offsets":[{"start":2953,"text":"A hatte somit Vertretungsmacht für den Verkauf des Fahrzeugs an K zum Preis von 27.000 €"}],"coordinates":[],"confidence":{"state":"pre-added","who":["user:FabianBrese"],"prob":1},"fields":{},"normalizations":{}},{"classId":"e_2","part":"s1v1","offsets":[{"start":3066,"text":"A hat K per Telefon ein Angebot über den Verkauf des Autos zum Preis von 27.000 € gemacht, das gemäß § 164 Abs. 1 BGB Wirkung für die wirksam vertretene V entfaltet"}],"coordinates":[],"confidence":{"state":"pre-added","who":["user:FabianBrese"],"prob":1},"fields":{},"normalizations":{}},{"classId":"e_1","part":"s1v1","offsets":[{"start":3262,"text":"K könnte das bis zum 24.2. befristete Angebot der A für V durch ihre E-Mail vom 24.2. um 23:55 Uhr wirksam angenommen haben"}],"coordinates":[],"confidence":{"state":"pre-added","who":["user:FabianBrese"],"prob":1},"fields":{},"normalizations":{}},{"classId":"e_4","part":"s1v1","offsets":[{"start":3618,"text":"Zugang liegt vor, sobald die Erklärung in verkehrsüblicher Weise in die tatsächliche Verfügungsgewalt des Empfängers gelangt ist und für diesen unter gewöhnlichen Verhältnissen die Möglichkeit besteht, von ihr Kenntnis zu nehmen"}],"coordinates":[],"confidence":{"state":"pre-added","who":["user:FabianBrese"],"prob":1},"fields":{},"normalizations":{}},{"classId":"e_5","part":"s1v1","offsets":[{"start":3948,"text":"Die E-Mail der K, in der sie die Annahme des Angebots gegenüber der A erklärt, ist am 24.2. um 23:55 Uhr in deren E-Mail-Postfach und damit in deren Bereich gelangt. Allerdings ist jedenfalls bei einer E- Mail an eine Geschäftsadresse unter gewöhnlichen Umständen so spät am Abend nicht mehr mit einer Kenntnisnahme zu rechnen, sondern erst bei Geschäftsbeginn am nächsten Werktag, hier also am Morgen des 25.2."}],"coordinates":[],"confidence":{"state":"pre-added","who":["user:FabianBrese"],"prob":1},"fields":{},"normalizations":{}},{"classId":"e_2","part":"s1v1","offsets":[{"start":4361,"text":"Die E-Mail der K ist der A somit erst am 25.2. zugegangen und K hat das Angebot nicht fristgerecht angenommen"}],"coordinates":[],"confidence":{"state":"pre-added","who":["user:FabianBrese"],"prob":1},"fields":{},"normalizations":{}},{"classId":"e_2","part":"s1v1","offsets":[{"start":4497,"text":"Die verspätete Annahmeerklärung der K gilt gemäß § 150 Abs. 1 BGB als neues Angebot"}],"coordinates":[],"confidence":{"state":"pre-added","who":["user:FabianBrese"],"prob":1},"fields":{},"normalizations":{}},{"classId":"e_5","part":"s1v1","offsets":[{"start":4601,"text":"A hat das neue Angebot der K vom objektiven Empfängerhorizont aus betrachtet mit Wirkung für die V angenommen, als sie am 25.2. morgens auf die E-Mail der K geantwortet hat, dass diese den Wagen am Nachmittag abholen könne."}],"coordinates":[],"confidence":{"state":"pre-added","who":["user:FabianBrese"],"prob":1},"fields":{},"normalizations":{}},{"classId":"e_6","part":"s1v1","offsets":[{"start":4601,"text":"A hat das neue Angebot der K vom objektiven Empfängerhorizont aus betrachtet mit Wirkung für die V angenommen"}],"coordinates":[],"confidence":{"state":"pre-added","who":["user:FabianBrese"],"prob":1},"fields":{},"normalizations":{}},{"classId":"e_7","part":"s1v1","offsets":[{"start":4712,"text":"als sie am 25.2. morgens auf die E-Mail der K geantwortet hat, dass diese den Wagen am Nachmittag abholen könne"}],"coordinates":[],"confidence":{"state":"pre-added","who":["user:FabianBrese"],"prob":1},"fields":{},"normalizations":{}},{"classId":"e_2","part":"s1v1","offsets":[{"start":4847,"text":"Zwischen V und K ist ein Kaufvertrag im Sinne von § 433 BGB über das Auto zum Preis von 27.000 € zustande gekommen"}],"coordinates":[],"confidence":{"state":"pre-added","who":["user:FabianBrese"],"prob":1},"fields":{},"normalizations":{}},{"classId":"e_1","part":"s1v1","offsets":[{"start":4979,"text":"Der Kaufvertrag könnte infolge einer Anfechtung durch K gemäß § 142 Abs. 1 BGB als von Anfang an unwirksam gelten"}],"coordinates":[],"confidence":{"state":"pre-added","who":["user:FabianBrese"],"prob":1},"fields":{},"normalizations":{}},{"classId":"e_5","part":"s1v1","offsets":[{"start":5272,"text":"K teilte der V mit, dass sie keinen Unfallwagen wollte und das Auto zurückgeben werde. Sie machte dabei deutlich, dass sie sich wegen ihres Irrtums über dessen Unfallfreiheit nicht am Kaufvertrag festhalten lassen will."}],"coordinates":[],"confidence":{"state":"pre-added","who":["user:FabianBrese"],"prob":1},"fields":{},"normalizations":{}},{"classId":"e_1","part":"s1v1","offsets":[{"start":5745,"text":"K müsste sich auf einen Anfechtungsgrund stützen können"}],"coordinates":[],"confidence":{"state":"pre-added","who":["user:FabianBrese"],"prob":1},"fields":{},"normalizations":{}},{"classId":"e_1","part":"s1v1","offsets":[{"start":5829,"text":"K könnte von A arglistig getäuscht worden und deshalb gegenüber der nach § 164 Abs. 1 BGB vertretenen V gemäß § 123 Abs. 1 Alt. 1 BGB zur Anfechtung berechtigt sein"}],"coordinates":[],"confidence":{"state":"pre-added","who":["user:FabianBrese"],"prob":1},"fields":{},"normalizations":{}},{"classId":"e_4","part":"s1v1","offsets":[{"start":6096,"text":"Eine arglistige Täuschung ist das bewusste und gewollte Erregen oder Aufrechterhalten eines Irrtums durch Vorspiegeln falscher oder Unterdrücken wahrer Tatsachen, um den Getäuschten zur Abgabe einer bestimmten Willenserklärung zu veranlassen"}],"coordinates":[],"confidence":{"state":"pre-added","who":["user:FabianBrese"],"prob":1},"fields":{},"normalizations":{}},{"classId":"e_4","part":"s1v1","offsets":[{"start":6339,"text":"Bedingter Vorsatz bezüglich der Unrichtigkeit angegebener Tatsachen genügt"}],"coordinates":[],"confidence":{"state":"pre-added","who":["user:FabianBrese"],"prob":1},"fields":{},"normalizations":{}},{"classId":"e_4","part":"s1v1","offsets":[{"start":6415,"text":"Ein Anfechtungsgrund besteht nur dann, wenn die Täuschung kausal war, die Willenserklärung ohne sie also nicht, nicht so oder nicht zu dieser Zeit abgegeben worden wäre"}],"coordinates":[],"confidence":{"state":"pre-added","who":["user:FabianBrese"],"prob":1},"fields":{},"normalizations":{}},{"classId":"e_5","part":"s1v1","offsets":[{"start":6586,"text":"A hat bei K einen Irrtum über die Unfallfreiheit des Autos hervorgerufen, indem sie deren darauf gerichtete Frage bejaht hat. Sie wusste zwar nicht positiv, dass der Wagen tatsächlich schon in einen Unfall verwickelt war, aber sie hat dies zumindest billigend in Kauf genommen, um den Verkauf nicht zu gefährden. Hätte K gewusst, dass das Auto nicht unfallfrei ist, hätte sie den Kaufvertrag mit V nicht abgeschlossen. K hat sowohl durch ihre Frage nach der Unfallfreiheit als auch durch die spätere Ankündigung der Rückgabe deutlich gemacht, dass sie nur am Kauf eines unfallfreien Fahrzeugs interessiert war. Die Reparatur des Fahrzeugs spricht nicht gegen die Kausalität des Irrtums für den Vertragsschluss, denn vorgeschädigte Fahrzeuge werden trotz fachgerechter Reparatur am Markt wegen des Verdachts verborgen gebliebener Schäden geringer bewertet (sog. merkantiler Minderwert)."}],"coordinates":[],"confidence":{"state":"pre-added","who":["user:FabianBrese"],"prob":1},"fields":{},"normalizations":{}},{"classId":"e_7","part":"s1v1","offsets":[{"start":6899,"text":"Hätte K gewusst, dass das Auto nicht unfallfrei ist"}],"coordinates":[],"confidence":{"state":"pre-added","who":["user:FabianBrese"],"prob":1},"fields":{},"normalizations":{}},{"classId":"e_6","part":"s1v1","offsets":[{"start":6952,"text":"hätte sie den Kaufvertrag mit V nicht abgeschlossen"}],"coordinates":[],"confidence":{"state":"pre-added","who":["user:FabianBrese"],"prob":1},"fields":{},"normalizations":{}},{"classId":"e_2","part":"s1v1","offsets":[{"start":7473,"text":"K kann den Kaufvertrag mit V somit wegen arglistiger Täuschung durch die A gemäß § 123 Abs. 1 Alt. 1 i.V.m. § 166 Abs. 1 BGB anfechten"}],"coordinates":[],"confidence":{"state":"pre-added","who":["user:FabianBrese"],"prob":1},"fields":{},"normalizations":{}},{"classId":"e_5","part":"s1v1","offsets":[{"start":8118,"text":"K hat den Kaufvertrag mit V unmittelbar nach Entdeckung der Täuschung durch A angefochten und damit die Anfechtungsfrist gemäß § 124 BGB gewahrt."}],"coordinates":[],"confidence":{"state":"pre-added","who":["user:FabianBrese"],"prob":1},"fields":{},"normalizations":{}},{"classId":"e_7","part":"s1v1","offsets":[{"start":8118,"text":"K hat den Kaufvertrag mit V unmittelbar nach Entdeckung der Täuschung durch A angefochten"}],"coordinates":[],"confidence":{"state":"pre-added","who":["user:FabianBrese"],"prob":1},"fields":{},"normalizations":{}},{"classId":"e_6","part":"s1v1","offsets":[{"start":8208,"text":"und damit die Anfechtungsfrist gemäß § 124 BGB gewahrt"}],"coordinates":[],"confidence":{"state":"pre-added","who":["user:FabianBrese"],"prob":1},"fields":{},"normalizations":{}},{"classId":"e_2","part":"s1v1","offsets":[{"start":8286,"text":"K hat den Kaufvertrag mit V wirksam angefochten mit der Folge, dass dieser gemäß § 142 Abs. 1 BGB als von Anfang an unwirksam gilt"}],"coordinates":[],"confidence":{"state":"pre-added","who":["user:FabianBrese"],"prob":1},"fields":{},"normalizations":{}},{"classId":"e_2","part":"s1v1","offsets":[{"start":8432,"text":"V hat gegen K keinen Anspruch auf Zahlung von 27.000 € aus § 433 Abs. 2 BGB"}],"coordinates":[],"confidence":{"state":"pre-added","who":["user:FabianBrese"],"prob":1},"fields":{},"normalizations":{}}],"relations":[{"classId":"r_3","type":"linked","directed":false,"entities":["s1v1|e_2|1889,1938","s1v1|e_1|963,1036"],"confidence":{"state":"pre-added","who":["user:FabianBrese"],"prob":1}},{"classId":"r_3","type":"linked","directed":false,"entities":["s1v1|e_2|2590,2640","s1v1|e_1|1963,2013"],"confidence":{"state":"pre-added","who":["user:FabianBrese"],"prob":1}},{"classId":"r_3","type":"linked","directed":false,"entities":["s1v1|e_2|2953,3040","s1v1|e_1|2666,2716"],"confidence":{"state":"pre-added","who":["user:FabianBrese"],"prob":1}},{"classId":"r_3","type":"linked","directed":false,"entities":["s1v1|e_2|4847,4960","s1v1|e_1|160,251"],"confidence":{"state":"pre-added","who":["user:FabianBrese"],"prob":1}},{"classId":"r_3","type":"linked","directed":false,"entities":["s1v1|e_2|7473,7606","s1v1|e_1|5829,5992"],"confidence":{"state":"pre-added","who":["user:FabianBrese"],"prob":1}},{"classId":"r_3","type":"linked","directed":false,"entities":["s1v1|e_2|8286,8415","s1v1|e_1|4979,5091"],"confidence":{"state":"pre-added","who":["user:FabianBrese"],"prob":1}},{"classId":"r_3","type":"linked","directed":false,"entities":["s1v1|e_2|8432,8506","s1v1|e_1|30,137"],"confidence":{"state":"pre-added","who":["user:FabianBrese"],"prob":1}},{"classId":"r_8","type":"linked","directed":false,"entities":["s1v1|e_7|438,484","s1v1|e_6|487,675"],"confidence":{"state":"pre-added","who":["user:FabianBrese"],"prob":1}},{"classId":"r_8","type":"linked","directed":false,"entities":["s1v1|e_7|1623,1753","s1v1|e_6|1756,1885"],"confidence":{"state":"pre-added","who":["user:FabianBrese"],"prob":1}},{"classId":"r_8","type":"linked","directed":false,"entities":["s1v1|e_6|4601,4709","s1v1|e_7|4712,4822"],"confidence":{"state":"pre-added","who":["user:FabianBrese"],"prob":1}},{"classId":"r_8","type":"linked","directed":false,"entities":["s1v1|e_7|6899,6949","s1v1|e_6|6952,7002"],"confidence":{"state":"pre-added","who":["user:FabianBrese"],"prob":1}},{"classId":"r_8","type":"linked","directed":false,"entities":["s1v1|e_7|8118,8206","s1v1|e_6|8208,8261"],"confidence":{"state":"pre-added","who":["user:FabianBrese"],"prob":1}}]}