{"annotatable":{"parts":["s1v1"]},"anncomplete":true,"sources":[],"metas":{},"entities":[{"classId":"e_1","part":"s1v1","offsets":[{"start":87,"text":"K könnte gegenüber V einen Anspruch auf Übergabe und Übereignung der Maschine haben"}],"coordinates":[],"confidence":{"state":"pre-added","who":["user:FabianBrese"],"prob":1},"fields":{},"normalizations":{}},{"classId":"e_1","part":"s1v1","offsets":[{"start":193,"text":"Dafür müsste ein Kaufvertrag zwischen K und V gemäß §433 Abs.1 BGB geschlossen worden sein"}],"coordinates":[],"confidence":{"state":"pre-added","who":["user:FabianBrese"],"prob":1},"fields":{},"normalizations":{}},{"classId":"e_4","part":"s1v1","offsets":[{"start":286,"text":"Ein Vertrag kommt zustande durch zwei in Bezug aufeinander abgegebene, inhaltlich übereinstimmende\n\nWillenserklärungen (Angebot und Annahme)"}],"coordinates":[],"confidence":{"state":"pre-added","who":["user:FabianBrese"],"prob":1},"fields":{},"normalizations":{}},{"classId":"e_1","part":"s1v1","offsets":[{"start":441,"text":"Fraglich ist, ob ein Angebot durch A vorliegt"}],"coordinates":[],"confidence":{"state":"pre-added","who":["user:FabianBrese"],"prob":1},"fields":{},"normalizations":{}},{"classId":"e_4","part":"s1v1","offsets":[{"start":488,"text":"Ein Angebot ist eine empfangsbedürftige Willenserklärung durch die einem anderen der Vertragsschluss unter Festlegung der wesentlichen Vertragsbestandteile (Kaufpreis, Kaufsache, Vertragsparteien) so angetragen wird, dass das Zustandekommen des Vertrages nur von dessen Zustimmung abhängt"}],"coordinates":[],"confidence":{"state":"pre-added","who":["user:FabianBrese"],"prob":1},"fields":{},"normalizations":{}},{"classId":"e_5","part":"s1v1","offsets":[{"start":778,"text":"A hat nach einem Sondierungsgespräch ein Angebot über 1.000.000€ für die Maskenmaschine per Mail an die K geschickt. Somit sind beide Vertragsparteien (K und A), sowie der Kaufgegenstand (Maschine) als auch der Kaufpreis (1.000.000€) von A erklärt worden und damit alle wesentlichen Vertragsbestandteile benannt."}],"coordinates":[],"confidence":{"state":"pre-added","who":["user:FabianBrese"],"prob":1},"fields":{},"normalizations":{}},{"classId":"e_7","part":"s1v1","offsets":[{"start":778,"text":"A hat nach einem Sondierungsgespräch ein Angebot über 1.000.000€ für die Maskenmaschine per Mail an die K geschickt"}],"coordinates":[],"confidence":{"state":"pre-added","who":["user:FabianBrese"],"prob":1},"fields":{},"normalizations":{}},{"classId":"e_6","part":"s1v1","offsets":[{"start":895,"text":"Somit sind beide Vertragsparteien (K und A), sowie der Kaufgegenstand (Maschine) als auch der Kaufpreis (1.000.000€) von A erklärt worden und damit alle wesentlichen Vertragsbestandteile benannt"}],"coordinates":[],"confidence":{"state":"pre-added","who":["user:FabianBrese"],"prob":1},"fields":{},"normalizations":{}},{"classId":"e_2","part":"s1v1","offsets":[{"start":1091,"text":"Es handelt sich somit um ein Angebot durch den A"}],"coordinates":[],"confidence":{"state":"pre-added","who":["user:FabianBrese"],"prob":1},"fields":{},"normalizations":{}},{"classId":"e_1","part":"s1v1","offsets":[{"start":1154,"text":"Fraglich ist, ob K das Angebot angenommen hat"}],"coordinates":[],"confidence":{"state":"pre-added","who":["user:FabianBrese"],"prob":1},"fields":{},"normalizations":{}},{"classId":"e_4","part":"s1v1","offsets":[{"start":1201,"text":"Eine Annahme ist die in Bezug auf ein Angebot abgegebene, empfangsbedürftige Willenserklärung, durch die ein Kaufvertrag zustande kommt"}],"coordinates":[],"confidence":{"state":"pre-added","who":["user:FabianBrese"],"prob":1},"fields":{},"normalizations":{}},{"classId":"e_7","part":"s1v1","offsets":[{"start":1338,"text":"K hat dem Angebot fristgerecht per Mail zugestimmt"}],"coordinates":[],"confidence":{"state":"pre-added","who":["user:FabianBrese"],"prob":1},"fields":{},"normalizations":{}},{"classId":"e_5","part":"s1v1","offsets":[{"start":1338,"text":"K hat dem Angebot fristgerecht per Mail zugestimmt, dadurch hat sie eine Willenserklärung konkludent abgegeben, durch die sie einem Angebot zugestimmt hat §146-149."}],"coordinates":[],"confidence":{"state":"pre-added","who":["user:FabianBrese"],"prob":1},"fields":{},"normalizations":{}},{"classId":"e_6","part":"s1v1","offsets":[{"start":1390,"text":"dadurch hat sie eine Willenserklärung konkludent abgegeben, durch die sie einem Angebot zugestimmt hat §146-149"}],"coordinates":[],"confidence":{"state":"pre-added","who":["user:FabianBrese"],"prob":1},"fields":{},"normalizations":{}},{"classId":"e_2","part":"s1v1","offsets":[{"start":1503,"text":"K hat eine Annahme erklärt"}],"coordinates":[],"confidence":{"state":"pre-added","who":["user:FabianBrese"],"prob":1},"fields":{},"normalizations":{}},{"classId":"e_1","part":"s1v1","offsets":[{"start":1574,"text":"Fraglich ist, ob die Willenserklärung, die V gegenüber A abgegeben hat rechtmäßig war"}],"coordinates":[],"confidence":{"state":"pre-added","who":["user:FabianBrese"],"prob":1},"fields":{},"normalizations":{}},{"classId":"e_5","part":"s1v1","offsets":[{"start":1942,"text":"Da jedoch V der A angewiesen hat den Verkauf eigenverantwortlich zu verhandeln, beeinflusst der Irrtum des Vertreters nicht den späteren Verkauf der Maschine."}],"coordinates":[],"confidence":{"state":"pre-added","who":["user:FabianBrese"],"prob":1},"fields":{},"normalizations":{}},{"classId":"e_1","part":"s1v1","offsets":[{"start":2122,"text":"Fraglich ist, ob der Kaufvertrag zwischen A und K anfechtbar ist"}],"coordinates":[],"confidence":{"state":"pre-added","who":["user:FabianBrese"],"prob":1},"fields":{},"normalizations":{}},{"classId":"e_4","part":"s1v1","offsets":[{"start":2188,"text":"Eine Erklärung ist anfechtbar, wenn anzunehmen ist, dass die zur Übermittlung verwendete Person bei Kenntnis der Sachlage und bei vollständiger Würdigung des Falles diese Erklärung nicht abgeben würde §119ff. BGB"}],"coordinates":[],"confidence":{"state":"pre-added","who":["user:FabianBrese"],"prob":1},"fields":{},"normalizations":{}},{"classId":"e_5","part":"s1v1","offsets":[{"start":2402,"text":"Dies ist in unserem Fall nicht gegeben, da zum Zeitpunkt des Vertragsschlusses Keiner der beiden Verkäuferparteien einen höheren Kaufpreis verlangt hätte. Denn erst einige Zeit später wurde das Ausmaß der Pandemie deutlich, so dass bei Kenntnis der Sachlage der Zeitpunkt des Vertragsschlusses und nicht ein späteres Datum ausschlaggebend ist §119 und §120. In unserem Fall ist nach § 433 Abs.2 BGB ein wirksamer Kaufvertrag zwischen K und einer dritten Person A geschlossen worden, denn K hat fristgerecht zum 10.03.2020 nach § 147,148,188 BGB das Angebot der A angenommen. Dies ist der Fall, da A die Annahme des Angebots unter normalen Umständen fristgerecht hätte mitbekommen können, weil der Spam-Ordner in diesem Fall dennoch betrachtet hätte werden müssen. Zudem hat V eine Willenserklärung gegenüber A abgegeben, so dass dieser Vertreter für den Verkauf und das gegebene Angebot verantwortlich."}],"coordinates":[],"confidence":{"state":"pre-added","who":["user:FabianBrese"],"prob":1},"fields":{},"normalizations":{}},{"classId":"e_7","part":"s1v1","offsets":[{"start":2760,"text":"In unserem Fall ist nach § 433 Abs.2 BGB ein wirksamer Kaufvertrag zwischen K und einer dritten Person A geschlossen worden"}],"coordinates":[],"confidence":{"state":"pre-added","who":["user:FabianBrese"],"prob":1},"fields":{},"normalizations":{}},{"classId":"e_6","part":"s1v1","offsets":[{"start":2885,"text":"denn K hat fristgerecht zum 10.03.2020 nach § 147,148,188 BGB das Angebot der A angenommen"}],"coordinates":[],"confidence":{"state":"pre-added","who":["user:FabianBrese"],"prob":1},"fields":{},"normalizations":{}},{"classId":"e_7","part":"s1v1","offsets":[{"start":3166,"text":"Zudem hat V eine Willenserklärung gegenüber A abgegeben"}],"coordinates":[],"confidence":{"state":"pre-added","who":["user:FabianBrese"],"prob":1},"fields":{},"normalizations":{}},{"classId":"e_6","part":"s1v1","offsets":[{"start":3223,"text":"so dass dieser Vertreter für den Verkauf und das gegebene Angebot verantwortlich"}],"coordinates":[],"confidence":{"state":"pre-added","who":["user:FabianBrese"],"prob":1},"fields":{},"normalizations":{}},{"classId":"e_2","part":"s1v1","offsets":[{"start":3305,"text":"Damit ist ein rechtskräftiger Vertrag geschlossen worden"}],"coordinates":[],"confidence":{"state":"pre-added","who":["user:FabianBrese"],"prob":1},"fields":{},"normalizations":{}},{"classId":"e_2","part":"s1v1","offsets":[{"start":3363,"text":"Deshalb muss V dem K die angebotene Maschine zum ursprünglichen Preis von 1.000.000€ verkaufen"}],"coordinates":[],"confidence":{"state":"pre-added","who":["user:FabianBrese"],"prob":1},"fields":{},"normalizations":{}},{"classId":"e_2","part":"s1v1","offsets":[{"start":3459,"text":"Also hat K einen Anspruch auf Übergabe und Übereignung der Maschine"}],"coordinates":[],"confidence":{"state":"pre-added","who":["user:FabianBrese"],"prob":1},"fields":{},"normalizations":{}}],"relations":[{"classId":"r_3","type":"linked","directed":false,"entities":["s1v1|e_2|1091,1138","s1v1|e_1|441,485"],"confidence":{"state":"pre-added","who":["user:FabianBrese"],"prob":1}},{"classId":"r_3","type":"linked","directed":false,"entities":["s1v1|e_2|1503,1528","s1v1|e_1|1154,1198"],"confidence":{"state":"pre-added","who":["user:FabianBrese"],"prob":1}},{"classId":"r_3","type":"linked","directed":false,"entities":["s1v1|e_2|3305,3360","s1v1|e_1|193,282"],"confidence":{"state":"pre-added","who":["user:FabianBrese"],"prob":1}},{"classId":"r_3","type":"linked","directed":false,"entities":["s1v1|e_2|3363,3456","s1v1|e_1|87,169"],"confidence":{"state":"pre-added","who":["user:FabianBrese"],"prob":1}},{"classId":"r_3","type":"linked","directed":false,"entities":["s1v1|e_2|3459,3525","s1v1|e_1|87,169"],"confidence":{"state":"pre-added","who":["user:FabianBrese"],"prob":1}},{"classId":"r_8","type":"linked","directed":false,"entities":["s1v1|e_7|778,892","s1v1|e_6|895,1088"],"confidence":{"state":"pre-added","who":["user:FabianBrese"],"prob":1}},{"classId":"r_8","type":"linked","directed":false,"entities":["s1v1|e_7|1338,1387","s1v1|e_6|1390,1500"],"confidence":{"state":"pre-added","who":["user:FabianBrese"],"prob":1}},{"classId":"r_8","type":"linked","directed":false,"entities":["s1v1|e_7|2760,2882","s1v1|e_6|2885,2974"],"confidence":{"state":"pre-added","who":["user:FabianBrese"],"prob":1}},{"classId":"r_8","type":"linked","directed":false,"entities":["s1v1|e_7|3166,3220","s1v1|e_6|3223,3302"],"confidence":{"state":"pre-added","who":["user:FabianBrese"],"prob":1}}]}