{"annotatable":{"parts":["s1v1"]},"anncomplete":true,"sources":[],"metas":{},"entities":[{"classId":"e_1","part":"s1v1","offsets":[{"start":18,"text":"V könnte einen Anspruch gegen K auf Zahlung der 27.000€ haben nach §433 Abs. 2 BGB"}],"coordinates":[],"confidence":{"state":"pre-added","who":["user:FabianBrese"],"prob":1},"fields":{},"normalizations":{}},{"classId":"e_1","part":"s1v1","offsets":[{"start":123,"text":"Es muss ein wirksamer Kaufvertrag entstanden sein"}],"coordinates":[],"confidence":{"state":"pre-added","who":["user:FabianBrese"],"prob":1},"fields":{},"normalizations":{}},{"classId":"e_4","part":"s1v1","offsets":[{"start":174,"text":"Ein solcher liegt vor, wenn 2 übereinstimmenden Willenserklärungen nach §§145ff BGB bestehen, Angebot und Annahme"}],"coordinates":[],"confidence":{"state":"pre-added","who":["user:FabianBrese"],"prob":1},"fields":{},"normalizations":{}},{"classId":"e_5","part":"s1v1","offsets":[{"start":302,"text":"V selbst hat der Kundin A kein gültiges Angebot unterbreitet, es könnte aber ein gültiges Angebot durch die Auszubildende K stellvertretend für V nach §§164 ff. vorliegen."}],"coordinates":[],"confidence":{"state":"pre-added","who":["user:FabianBrese"],"prob":1},"fields":{},"normalizations":{}},{"classId":"e_7","part":"s1v1","offsets":[{"start":302,"text":"V selbst hat der Kundin A kein gültiges Angebot unterbreitet"}],"coordinates":[],"confidence":{"state":"pre-added","who":["user:FabianBrese"],"prob":1},"fields":{},"normalizations":{}},{"classId":"e_6","part":"s1v1","offsets":[{"start":364,"text":"es könnte aber ein gültiges Angebot durch die Auszubildende K stellvertretend für V nach §§164 ff. vorliegen"}],"coordinates":[],"confidence":{"state":"pre-added","who":["user:FabianBrese"],"prob":1},"fields":{},"normalizations":{}},{"classId":"e_2","part":"s1v1","offsets":[{"start":513,"text":"Eine Zulässigkeit der Stellvertretung nach §164 ff. BGB liegt vor"}],"coordinates":[],"confidence":{"state":"pre-added","who":["user:FabianBrese"],"prob":1},"fields":{},"normalizations":{}},{"classId":"e_1","part":"s1v1","offsets":[{"start":616,"text":"A müsste eine eigene Willenserklärung abgeben und keine sog. Botenschaft\n\nübernehmen"}],"coordinates":[],"confidence":{"state":"pre-added","who":["user:FabianBrese"],"prob":1},"fields":{},"normalizations":{}},{"classId":"e_2","part":"s1v1","offsets":[{"start":703,"text":"Da A einen eigenen Handlungsspielraum hat, nämlich nicht unter 25.000€ zu verkaufen, liegt eine eigene Willenserklärung vor"}],"coordinates":[],"confidence":{"state":"pre-added","who":["user:FabianBrese"],"prob":1},"fields":{},"normalizations":{}},{"classId":"e_1","part":"s1v1","offsets":[{"start":858,"text":"A müsste das Angebot ausdrücklich im Namen einer anderen Person abgegeben haben"}],"coordinates":[],"confidence":{"state":"pre-added","who":["user:FabianBrese"],"prob":1},"fields":{},"normalizations":{}},{"classId":"e_4","part":"s1v1","offsets":[{"start":940,"text":"Das Recht auf Stellvertretung beruht auf dem Offenkundigkeitsprinzip nach §164 Abs. 1&2 BGB"}],"coordinates":[],"confidence":{"state":"pre-added","who":["user:FabianBrese"],"prob":1},"fields":{},"normalizations":{}},{"classId":"e_4","part":"s1v1","offsets":[{"start":1033,"text":"Der Vertreter muss offenlegen, dass sein Handeln nicht ihn, sondern einen Dritten trifft"}],"coordinates":[],"confidence":{"state":"pre-added","who":["user:FabianBrese"],"prob":1},"fields":{},"normalizations":{}},{"classId":"e_5","part":"s1v1","offsets":[{"start":1124,"text":"Aus Sicht der K war offensichtlich, dass A im Namen ihrer Auftraggeberin V handelt."}],"coordinates":[],"confidence":{"state":"pre-added","who":["user:FabianBrese"],"prob":1},"fields":{},"normalizations":{}},{"classId":"e_7","part":"s1v1","offsets":[{"start":1124,"text":"Aus Sicht der K war offensichtlich, dass A im Namen ihrer Auftraggeberin V handelt"}],"coordinates":[],"confidence":{"state":"pre-added","who":["user:FabianBrese"],"prob":1},"fields":{},"normalizations":{}},{"classId":"e_2","part":"s1v1","offsets":[{"start":1209,"text":"A hat das Angebot folglich im Namen der V abgegeben"}],"coordinates":[],"confidence":{"state":"pre-added","who":["user:FabianBrese"],"prob":1},"fields":{},"normalizations":{}},{"classId":"e_1","part":"s1v1","offsets":[{"start":1284,"text":"A müsste über Vertretungsmacht im Namen der V verfügen"}],"coordinates":[],"confidence":{"state":"pre-added","who":["user:FabianBrese"],"prob":1},"fields":{},"normalizations":{}},{"classId":"e_5","part":"s1v1","offsets":[{"start":1380,"text":"V hat A ausdrücklich mitgeteilt, den Verkauf eigenmächtig in dem von ihr festgelegten Spielraum durchzuführen."}],"coordinates":[],"confidence":{"state":"pre-added","who":["user:FabianBrese"],"prob":1},"fields":{},"normalizations":{}},{"classId":"e_7","part":"s1v1","offsets":[{"start":1380,"text":"V hat A ausdrücklich mitgeteilt, den Verkauf eigenmächtig in dem von ihr festgelegten Spielraum durchzuführen"}],"coordinates":[],"confidence":{"state":"pre-added","who":["user:FabianBrese"],"prob":1},"fields":{},"normalizations":{}},{"classId":"e_2","part":"s1v1","offsets":[{"start":1492,"text":"A hatte also die nötige Verfügungsmacht"}],"coordinates":[],"confidence":{"state":"pre-added","who":["user:FabianBrese"],"prob":1},"fields":{},"normalizations":{}},{"classId":"e_2","part":"s1v1","offsets":[{"start":1555,"text":"A hat der K ein eindeutiges Angebot stellvertretend für V unterbreitet"}],"coordinates":[],"confidence":{"state":"pre-added","who":["user:FabianBrese"],"prob":1},"fields":{},"normalizations":{}},{"classId":"e_2","part":"s1v1","offsets":[{"start":1627,"text":"Es liegt also ein eindeutiges Angebot vor"}],"coordinates":[],"confidence":{"state":"pre-added","who":["user:FabianBrese"],"prob":1},"fields":{},"normalizations":{}},{"classId":"e_1","part":"s1v1","offsets":[{"start":1682,"text":"K müsste das Angebot der A für V wirksam innerhalb der Frist angenommen haben"}],"coordinates":[],"confidence":{"state":"pre-added","who":["user:FabianBrese"],"prob":1},"fields":{},"normalizations":{}},{"classId":"e_4","part":"s1v1","offsets":[{"start":1762,"text":"Nach §148 BGB kann bei vorliegen einer Frist die Annahme auch nur innerhalb dessen erfolgen"}],"coordinates":[],"confidence":{"state":"pre-added","who":["user:FabianBrese"],"prob":1},"fields":{},"normalizations":{}},{"classId":"e_4","part":"s1v1","offsets":[{"start":1856,"text":"Nach §130 Abs. 1 BGB wird eine Willenserklärung, die unter Abwesenden abgegeben wird, mit Zugang dieser wirksam"}],"coordinates":[],"confidence":{"state":"pre-added","who":["user:FabianBrese"],"prob":1},"fields":{},"normalizations":{}},{"classId":"e_5","part":"s1v1","offsets":[{"start":1970,"text":"K hat die Annahme innerhalb der gesetzten Frist per Mail bestätigt."}],"coordinates":[],"confidence":{"state":"pre-added","who":["user:FabianBrese"],"prob":1},"fields":{},"normalizations":{}},{"classId":"e_7","part":"s1v1","offsets":[{"start":1970,"text":"K hat die Annahme innerhalb der gesetzten Frist per Mail bestätigt"}],"coordinates":[],"confidence":{"state":"pre-added","who":["user:FabianBrese"],"prob":1},"fields":{},"normalizations":{}},{"classId":"e_2","part":"s1v1","offsets":[{"start":2038,"text":"Eine gültige Annahme des Kaufvertrags liegt also vor"}],"coordinates":[],"confidence":{"state":"pre-added","who":["user:FabianBrese"],"prob":1},"fields":{},"normalizations":{}},{"classId":"e_2","part":"s1v1","offsets":[{"start":2113,"text":"Es ist ein gültiger Kaufvertrag zustande gekommen"}],"coordinates":[],"confidence":{"state":"pre-added","who":["user:FabianBrese"],"prob":1},"fields":{},"normalizations":{}},{"classId":"e_1","part":"s1v1","offsets":[{"start":2179,"text":"Der Kaufvertrag könnte nach §142 Abs. 1 ex-tunc als nichtig gelten, wenn eine gültige Anfechtung durch K vorliegt"}],"coordinates":[],"confidence":{"state":"pre-added","who":["user:FabianBrese"],"prob":1},"fields":{},"normalizations":{}},{"classId":"e_4","part":"s1v1","offsets":[{"start":2294,"text":"Voraussetzung dafür sind eine gültige Anfechtungserklärung, ein Anfechtungsgrund, Einhaltung der Anfechtungsfrist und es darf kein Ausschluss vorliegen"}],"coordinates":[],"confidence":{"state":"pre-added","who":["user:FabianBrese"],"prob":1},"fields":{},"normalizations":{}},{"classId":"e_2","part":"s1v1","offsets":[{"start":2473,"text":"Eine gültige Anfechtungserklärung durch K gegenüber der Anfechtungsgegnerin V liegt hier nach §142 Abs.1 vor"}],"coordinates":[],"confidence":{"state":"pre-added","who":["user:FabianBrese"],"prob":1},"fields":{},"normalizations":{}},{"classId":"e_1","part":"s1v1","offsets":[{"start":2670,"text":"Es muss ein gültiger Anfechtungsgrund vorliegen"}],"coordinates":[],"confidence":{"state":"pre-added","who":["user:FabianBrese"],"prob":1},"fields":{},"normalizations":{}},{"classId":"e_5","part":"s1v1","offsets":[{"start":2719,"text":"In diesem Falle liegt der Grund bei der arglistigen Täuschung nach §123 Abs. 1.\n\nWer zur Abgabe einer Willenserklärung durch arglistige Täuschung bestimmt wurde, kann die Erklärung anfechten.\n\nDa A es in Kauf genommen hat, dass es sich um einen Unfallwagen handelt und die Frage danach positiv beantwortet hat, liegt eine arglistige Täuschung vor."}],"coordinates":[],"confidence":{"state":"pre-added","who":["user:FabianBrese"],"prob":1},"fields":{},"normalizations":{}},{"classId":"e_7","part":"s1v1","offsets":[{"start":2912,"text":"Da A es in Kauf genommen hat, dass es sich um einen Unfallwagen handelt und die Frage danach positiv beantwortet hat"}],"coordinates":[],"confidence":{"state":"pre-added","who":["user:FabianBrese"],"prob":1},"fields":{},"normalizations":{}},{"classId":"e_6","part":"s1v1","offsets":[{"start":3030,"text":"liegt eine arglistige Täuschung vor"}],"coordinates":[],"confidence":{"state":"pre-added","who":["user:FabianBrese"],"prob":1},"fields":{},"normalizations":{}},{"classId":"e_2","part":"s1v1","offsets":[{"start":3068,"text":"Es handelt sich also um einen gültigen Anfechtungsgrund"}],"coordinates":[],"confidence":{"state":"pre-added","who":["user:FabianBrese"],"prob":1},"fields":{},"normalizations":{}},{"classId":"e_4","part":"s1v1","offsets":[{"start":3161,"text":"Die Anfechtung einer nach §123 BGB anfechtbaren Willenserklärung kann nach §124 Abs. 1 BGB innerhalb eines Jahres erfolgen"}],"coordinates":[],"confidence":{"state":"pre-added","who":["user:FabianBrese"],"prob":1},"fields":{},"normalizations":{}},{"classId":"e_2","part":"s1v1","offsets":[{"start":3286,"text":"Da K die Anfechtung direkt am selben Tag an V heranträgt ist die Frist somit eingehalten"}],"coordinates":[],"confidence":{"state":"pre-added","who":["user:FabianBrese"],"prob":1},"fields":{},"normalizations":{}},{"classId":"e_2","part":"s1v1","offsets":[{"start":3396,"text":"Ein Ausschluss liegt in diesem Falle ebenfalls nicht vor, da weder die 10- Jahres Frist überschritten wurde nach §124 Abs. 3 BGB und da keine Bestätigung des anfechtbaren Rechtsgeschäfts nach §144 Abs. 1 erfolgt ist"}],"coordinates":[],"confidence":{"state":"pre-added","who":["user:FabianBrese"],"prob":1},"fields":{},"normalizations":{}},{"classId":"e_2","part":"s1v1","offsets":[{"start":3623,"text":"Das Rechtsgeschäft wurde von K erfolgreich angefochten und ist somit nach §142 Abs. 1 von Anfang an als nichtig anzusehen"}],"coordinates":[],"confidence":{"state":"pre-added","who":["user:FabianBrese"],"prob":1},"fields":{},"normalizations":{}},{"classId":"e_2","part":"s1v1","offsets":[{"start":3746,"text":"Somit hat V keinen Anspruch auf Zahlung der 27.000€ durch K"}],"coordinates":[],"confidence":{"state":"pre-added","who":["user:FabianBrese"],"prob":1},"fields":{},"normalizations":{}}],"relations":[{"classId":"r_3","type":"linked","directed":false,"entities":["s1v1|e_2|703,825","s1v1|e_1|616,699"],"confidence":{"state":"pre-added","who":["user:FabianBrese"],"prob":1}},{"classId":"r_3","type":"linked","directed":false,"entities":["s1v1|e_2|1209,1259","s1v1|e_1|858,936"],"confidence":{"state":"pre-added","who":["user:FabianBrese"],"prob":1}},{"classId":"r_3","type":"linked","directed":false,"entities":["s1v1|e_2|1492,1530","s1v1|e_1|1284,1337"],"confidence":{"state":"pre-added","who":["user:FabianBrese"],"prob":1}},{"classId":"r_3","type":"linked","directed":false,"entities":["s1v1|e_2|2038,2089","s1v1|e_1|1682,1758"],"confidence":{"state":"pre-added","who":["user:FabianBrese"],"prob":1}},{"classId":"r_3","type":"linked","directed":false,"entities":["s1v1|e_2|2113,2161","s1v1|e_1|123,171"],"confidence":{"state":"pre-added","who":["user:FabianBrese"],"prob":1}},{"classId":"r_3","type":"linked","directed":false,"entities":["s1v1|e_2|3068,3122","s1v1|e_1|2670,2716"],"confidence":{"state":"pre-added","who":["user:FabianBrese"],"prob":1}},{"classId":"r_3","type":"linked","directed":false,"entities":["s1v1|e_2|3623,3743","s1v1|e_1|2179,2291"],"confidence":{"state":"pre-added","who":["user:FabianBrese"],"prob":1}},{"classId":"r_3","type":"linked","directed":false,"entities":["s1v1|e_2|3746,3804","s1v1|e_1|18,99"],"confidence":{"state":"pre-added","who":["user:FabianBrese"],"prob":1}},{"classId":"r_8","type":"linked","directed":false,"entities":["s1v1|e_7|302,361","s1v1|e_6|364,471"],"confidence":{"state":"pre-added","who":["user:FabianBrese"],"prob":1}},{"classId":"r_8","type":"linked","directed":false,"entities":["s1v1|e_7|2912,3027","s1v1|e_6|3030,3064"],"confidence":{"state":"pre-added","who":["user:FabianBrese"],"prob":1}}]}