{"annotatable":{"parts":["s1v1"]},"anncomplete":true,"sources":[],"metas":{},"entities":[{"classId":"e_1","part":"s1v1","offsets":[{"start":80,"text":"Hierfür müsste zwischen V und K ein wirksamer Kaufvertrag zustande gekommen sein (§433 BGB)"}],"coordinates":[],"confidence":{"state":"pre-added","who":["user:FabianBrese"],"prob":1},"fields":{},"normalizations":{}},{"classId":"e_4","part":"s1v1","offsets":[{"start":173,"text":"Ein Kaufvertrag besteht aus 2 übereinstimmenden Willenserklärungen (WE), Angebot & Annahme"}],"coordinates":[],"confidence":{"state":"pre-added","who":["user:FabianBrese"],"prob":1},"fields":{},"normalizations":{}},{"classId":"e_1","part":"s1v1","offsets":[{"start":304,"text":"Möglicherweise hat hier V das Angebot gemacht, indem Sie A beauftragt hat, den Verkauf eigenverantwortlich zu verhandeln und abzuwickeln unter der Voraussetzung, dass der Kaufpreis keinesfalls unter 25.000 € liegen dürfe"}],"coordinates":[],"confidence":{"state":"pre-added","who":["user:FabianBrese"],"prob":1},"fields":{},"normalizations":{}},{"classId":"e_5","part":"s1v1","offsets":[{"start":526,"text":"Nachdem A der K am Telefon mitteilte, dass das Auto unfallfrei sei, schickte K daraufhin eine E-Mail, in der sie die Annahme des Angebots erklärte und mitteilte, dass sie das Auto möglichst schon am 25.2. abholen wolle."}],"coordinates":[],"confidence":{"state":"pre-added","who":["user:FabianBrese"],"prob":1},"fields":{},"normalizations":{}},{"classId":"e_7","part":"s1v1","offsets":[{"start":526,"text":"Nachdem A der K am Telefon mitteilte, dass das Auto unfallfrei sei, schickte K daraufhin eine E-Mail, in der sie die Annahme des Angebots erklärte und mitteilte, dass sie das Auto möglichst schon am 25.2. abholen wolle"}],"coordinates":[],"confidence":{"state":"pre-added","who":["user:FabianBrese"],"prob":1},"fields":{},"normalizations":{}},{"classId":"e_4","part":"s1v1","offsets":[{"start":746,"text":"Ein Angebot ist eine empfangsbedürftige WE, die dem Erklärungsempfänger so angetragen werden muss, dass dieser den Vertrag mit einem bloßen ,,Ja‘‘ zustande bringen kann"}],"coordinates":[],"confidence":{"state":"pre-added","who":["user:FabianBrese"],"prob":1},"fields":{},"normalizations":{}},{"classId":"e_2","part":"s1v1","offsets":[{"start":1052,"text":"Es handelt sich somit um ein Angebot der V"}],"coordinates":[],"confidence":{"state":"pre-added","who":["user:FabianBrese"],"prob":1},"fields":{},"normalizations":{}},{"classId":"e_5","part":"s1v1","offsets":[{"start":1133,"text":"bei einem Vertragsschluss handelt es sich um kein höchstpersönliches Geschäft, das V nur selbst vornehmen dürfte."}],"coordinates":[],"confidence":{"state":"pre-added","who":["user:FabianBrese"],"prob":1},"fields":{},"normalizations":{}},{"classId":"e_7","part":"s1v1","offsets":[{"start":1133,"text":"bei einem Vertragsschluss handelt es sich um kein höchstpersönliches Geschäft, das V nur selbst vornehmen dürfte"}],"coordinates":[],"confidence":{"state":"pre-added","who":["user:FabianBrese"],"prob":1},"fields":{},"normalizations":{}},{"classId":"e_2","part":"s1v1","offsets":[{"start":1247,"text":"Die Stellvertretung ist daher zulässig"}],"coordinates":[],"confidence":{"state":"pre-added","who":["user:FabianBrese"],"prob":1},"fields":{},"normalizations":{}},{"classId":"e_1","part":"s1v1","offsets":[{"start":1315,"text":"V müsste eine eigene Willenserklärung abgegeben haben, dies ist der Fall wenn ein Entscheidungsspielraum besteht"}],"coordinates":[],"confidence":{"state":"pre-added","who":["user:FabianBrese"],"prob":1},"fields":{},"normalizations":{}},{"classId":"e_5","part":"s1v1","offsets":[{"start":1429,"text":"V hat A beauftragt den Verkauf des Autos eigenverantwortlich zu verhandeln und abzuwickeln."}],"coordinates":[],"confidence":{"state":"pre-added","who":["user:FabianBrese"],"prob":1},"fields":{},"normalizations":{}},{"classId":"e_7","part":"s1v1","offsets":[{"start":1429,"text":"V hat A beauftragt den Verkauf des Autos eigenverantwortlich zu verhandeln und abzuwickeln"}],"coordinates":[],"confidence":{"state":"pre-added","who":["user:FabianBrese"],"prob":1},"fields":{},"normalizations":{}},{"classId":"e_2","part":"s1v1","offsets":[{"start":1521,"text":"Dadurch hat sie eine Willenserklärung ausdrücklich abgegeben, durch die sie einem Angebot zugestimmt hat"}],"coordinates":[],"confidence":{"state":"pre-added","who":["user:FabianBrese"],"prob":1},"fields":{},"normalizations":{}},{"classId":"e_2","part":"s1v1","offsets":[{"start":1646,"text":"Es ist eine Vertretungsmacht entstanden"}],"coordinates":[],"confidence":{"state":"pre-added","who":["user:FabianBrese"],"prob":1},"fields":{},"normalizations":{}},{"classId":"e_1","part":"s1v1","offsets":[{"start":1721,"text":"K Fraglich ist, ob K das Angebot angenommen hat"}],"coordinates":[],"confidence":{"state":"pre-added","who":["user:FabianBrese"],"prob":1},"fields":{},"normalizations":{}},{"classId":"e_4","part":"s1v1","offsets":[{"start":1770,"text":"Eine Annahme ist die in Bezug auf ein Angebot abgegebene, empfangsbedürftige Willenserklärung, durch die ein Kaufvertrag zustande kommt"}],"coordinates":[],"confidence":{"state":"pre-added","who":["user:FabianBrese"],"prob":1},"fields":{},"normalizations":{}},{"classId":"e_5","part":"s1v1","offsets":[{"start":1907,"text":"K hat in Bezug auf das Angebot der A mitgeteilt, dass Sie das Angebot annehmen möchte und das Auto für 27.000 Euro am 25.02. abholen wolle."}],"coordinates":[],"confidence":{"state":"pre-added","who":["user:FabianBrese"],"prob":1},"fields":{},"normalizations":{}},{"classId":"e_7","part":"s1v1","offsets":[{"start":1907,"text":"K hat in Bezug auf das Angebot der A mitgeteilt, dass Sie das Angebot annehmen möchte und das Auto für 27.000 Euro am 25.02. abholen wolle"}],"coordinates":[],"confidence":{"state":"pre-added","who":["user:FabianBrese"],"prob":1},"fields":{},"normalizations":{}},{"classId":"e_2","part":"s1v1","offsets":[{"start":2047,"text":"Dies erfolgte durch eine Annahmeerklärung via E- Mail"}],"coordinates":[],"confidence":{"state":"pre-added","who":["user:FabianBrese"],"prob":1},"fields":{},"normalizations":{}},{"classId":"e_2","part":"s1v1","offsets":[{"start":2112,"text":"Damit liegt ein Kaufvertrag vor"}],"coordinates":[],"confidence":{"state":"pre-added","who":["user:FabianBrese"],"prob":1},"fields":{},"normalizations":{}},{"classId":"e_2","part":"s1v1","offsets":[{"start":2145,"text":"Der Anspruch ist entstanden"}],"coordinates":[],"confidence":{"state":"pre-added","who":["user:FabianBrese"],"prob":1},"fields":{},"normalizations":{}},{"classId":"e_5","part":"s1v1","offsets":[{"start":2201,"text":"Da sich nichts Gegenteiliges aus dem Sachverhalt ergibt, ist davon auszugehen, dass der Anspruch nicht untergegangen ist."}],"coordinates":[],"confidence":{"state":"pre-added","who":["user:FabianBrese"],"prob":1},"fields":{},"normalizations":{}},{"classId":"e_7","part":"s1v1","offsets":[{"start":2201,"text":"Da sich nichts Gegenteiliges aus dem Sachverhalt ergibt"}],"coordinates":[],"confidence":{"state":"pre-added","who":["user:FabianBrese"],"prob":1},"fields":{},"normalizations":{}},{"classId":"e_6","part":"s1v1","offsets":[{"start":2258,"text":"ist davon auszugehen, dass der Anspruch nicht untergegangen ist"}],"coordinates":[],"confidence":{"state":"pre-added","who":["user:FabianBrese"],"prob":1},"fields":{},"normalizations":{}},{"classId":"e_5","part":"s1v1","offsets":[{"start":2349,"text":"Da sich nichts Gegenteiliges aus dem Sachverhalt ergibt, ist davon auszugehen, dass der Anspruch nicht untergegangen ist."}],"coordinates":[],"confidence":{"state":"pre-added","who":["ml:regex","user:FabianBrese"],"prob":1},"fields":{},"normalizations":{}},{"classId":"e_7","part":"s1v1","offsets":[{"start":2349,"text":"Da sich nichts Gegenteiliges aus dem Sachverhalt ergibt"}],"coordinates":[],"confidence":{"state":"pre-added","who":["user:FabianBrese"],"prob":1},"fields":{},"normalizations":{}},{"classId":"e_6","part":"s1v1","offsets":[{"start":2406,"text":"ist davon auszugehen, dass der Anspruch nicht untergegangen ist"}],"coordinates":[],"confidence":{"state":"pre-added","who":["user:FabianBrese"],"prob":1},"fields":{},"normalizations":{}},{"classId":"e_1","part":"s1v1","offsets":[{"start":2475,"text":"K könnte jedoch Ihre zum Vertragsschluss führende Willenserklärung wirksam angefochten haben"}],"coordinates":[],"confidence":{"state":"pre-added","who":["user:FabianBrese"],"prob":1},"fields":{},"normalizations":{}},{"classId":"e_1","part":"s1v1","offsets":[{"start":2569,"text":"Dann wäre die Willenserklärung als von Anfang an nichtig anzusehen §142 I"}],"coordinates":[],"confidence":{"state":"pre-added","who":["user:FabianBrese"],"prob":1},"fields":{},"normalizations":{}},{"classId":"e_1","part":"s1v1","offsets":[{"start":2647,"text":"Fraglich ist, ob ein Anfechtungsgrund besteht"}],"coordinates":[],"confidence":{"state":"pre-added","who":["user:FabianBrese"],"prob":1},"fields":{},"normalizations":{}},{"classId":"e_4","part":"s1v1","offsets":[{"start":2805,"text":"Täuschung ist das bewusste Hervorrufen oder Aufrechterhalten eines Irrtums"}],"coordinates":[],"confidence":{"state":"pre-added","who":["user:FabianBrese"],"prob":1},"fields":{},"normalizations":{}},{"classId":"e_5","part":"s1v1","offsets":[{"start":2881,"text":"A hat in K den Irrtum erregt, das Auto sei unfallfrei. Insofern hat Sie getäuscht."}],"coordinates":[],"confidence":{"state":"pre-added","who":["user:FabianBrese"],"prob":1},"fields":{},"normalizations":{}},{"classId":"e_7","part":"s1v1","offsets":[{"start":2881,"text":"A hat in K den Irrtum erregt, das Auto sei unfallfrei"}],"coordinates":[],"confidence":{"state":"pre-added","who":["user:FabianBrese"],"prob":1},"fields":{},"normalizations":{}},{"classId":"e_6","part":"s1v1","offsets":[{"start":2936,"text":"Insofern hat Sie getäuscht"}],"coordinates":[],"confidence":{"state":"pre-added","who":["user:FabianBrese"],"prob":1},"fields":{},"normalizations":{}},{"classId":"e_2","part":"s1v1","offsets":[{"start":2965,"text":"Es besteht eine Kausalität zwischen Täuschung und Willenserklärung"}],"coordinates":[],"confidence":{"state":"pre-added","who":["user:FabianBrese"],"prob":1},"fields":{},"normalizations":{}},{"classId":"e_1","part":"s1v1","offsets":[{"start":3034,"text":"Außerdem müsste A arglistig gehandelt haben"}],"coordinates":[],"confidence":{"state":"pre-added","who":["user:FabianBrese"],"prob":1},"fields":{},"normalizations":{}},{"classId":"e_4","part":"s1v1","offsets":[{"start":3079,"text":"Arglist ist gegeben, wenn mit dem Bewusstsein gehandelt wird, dass der Getäuschte erst durch die Täuschung eine Willenserklärung abgibt"}],"coordinates":[],"confidence":{"state":"pre-added","who":["user:FabianBrese"],"prob":1},"fields":{},"normalizations":{}},{"classId":"e_5","part":"s1v1","offsets":[{"start":3216,"text":"Nur weil A der K über gesagt hat, dass das Auto keine Schäden aufweise, hat K dieses Kaufangebot angenommen."}],"coordinates":[],"confidence":{"state":"pre-added","who":["user:FabianBrese"],"prob":1},"fields":{},"normalizations":{}},{"classId":"e_7","part":"s1v1","offsets":[{"start":3216,"text":"Nur weil A der K über gesagt hat, dass das Auto keine Schäden aufweise"}],"coordinates":[],"confidence":{"state":"pre-added","who":["user:FabianBrese"],"prob":1},"fields":{},"normalizations":{}},{"classId":"e_6","part":"s1v1","offsets":[{"start":3288,"text":"hat K dieses Kaufangebot angenommen"}],"coordinates":[],"confidence":{"state":"pre-added","who":["user:FabianBrese"],"prob":1},"fields":{},"normalizations":{}},{"classId":"e_2","part":"s1v1","offsets":[{"start":3325,"text":"Also handelte G arglistig"}],"coordinates":[],"confidence":{"state":"pre-added","who":["user:FabianBrese"],"prob":1},"fields":{},"normalizations":{}},{"classId":"e_2","part":"s1v1","offsets":[{"start":3353,"text":"Demnach ist die Anfechtungsmöglichkeit nach §123 I wegen arglistiger Täuschung gegeben"}],"coordinates":[],"confidence":{"state":"pre-added","who":["user:FabianBrese"],"prob":1},"fields":{},"normalizations":{}},{"classId":"e_2","part":"s1v1","offsets":[{"start":3446,"text":"Also besteht ein Anfechtungsgrund"}],"coordinates":[],"confidence":{"state":"pre-added","who":["user:FabianBrese"],"prob":1},"fields":{},"normalizations":{}},{"classId":"e_1","part":"s1v1","offsets":[{"start":3484,"text":"Der Anfechtende müsste die Anfechtung gegenüber dem Anfechtungsgegner erklärt\n\nhaben, § 143"}],"coordinates":[],"confidence":{"state":"pre-added","who":["user:FabianBrese"],"prob":1},"fields":{},"normalizations":{}},{"classId":"e_5","part":"s1v1","offsets":[{"start":3577,"text":"K hat gegenüber A die Anfechtung erklärt."}],"coordinates":[],"confidence":{"state":"pre-added","who":["user:FabianBrese"],"prob":1},"fields":{},"normalizations":{}},{"classId":"e_7","part":"s1v1","offsets":[{"start":3577,"text":"K hat gegenüber A die Anfechtung erklärt"}],"coordinates":[],"confidence":{"state":"pre-added","who":["user:FabianBrese"],"prob":1},"fields":{},"normalizations":{}},{"classId":"e_5","part":"s1v1","offsets":[{"start":3623,"text":"Zudem hat K die Anfechtung in der im Falle des § 123 geltenden Anfechtungsfrist des §124, nämlich innerhalb eines Jahres nach Entdecken der Täuschung erklärt (Auf dem Parkplatz traf Sie V an dem selben Tag an dem das Auto gekauft und abgeholt wurde)."}],"coordinates":[],"confidence":{"state":"pre-added","who":["user:FabianBrese"],"prob":1},"fields":{},"normalizations":{}},{"classId":"e_2","part":"s1v1","offsets":[{"start":3878,"text":"Ein Ausschluss der Anfechtung ist nicht ersichtlich"}],"coordinates":[],"confidence":{"state":"pre-added","who":["user:FabianBrese"],"prob":1},"fields":{},"normalizations":{}},{"classId":"e_2","part":"s1v1","offsets":[{"start":3934,"text":"Da alle Voraussetzungen einer wirksamen Anfechtung vorliegen, ist die Willenserklärung des K gemäß § 142 als von Anfang an nichtig anzusehen"}],"coordinates":[],"confidence":{"state":"pre-added","who":["user:FabianBrese"],"prob":1},"fields":{},"normalizations":{}},{"classId":"e_2","part":"s1v1","offsets":[{"start":4086,"text":"V hat keinen Anspruch auf Zahlung von 27.000 €"}],"coordinates":[],"confidence":{"state":"pre-added","who":["user:FabianBrese"],"prob":1},"fields":{},"normalizations":{}}],"relations":[{"classId":"r_3","type":"linked","directed":false,"entities":["s1v1|e_2|1052,1093","s1v1|e_1|304,523"],"confidence":{"state":"pre-added","who":["user:FabianBrese"],"prob":1}},{"classId":"r_3","type":"linked","directed":false,"entities":["s1v1|e_2|1521,1624","s1v1|e_1|1315,1426"],"confidence":{"state":"pre-added","who":["user:FabianBrese"],"prob":1}},{"classId":"r_3","type":"linked","directed":false,"entities":["s1v1|e_2|2047,2099","s1v1|e_1|1721,1767"],"confidence":{"state":"pre-added","who":["user:FabianBrese"],"prob":1}},{"classId":"r_3","type":"linked","directed":false,"entities":["s1v1|e_1|3034,3076","s1v1|e_2|3325,3349"],"confidence":{"state":"pre-added","who":["user:FabianBrese"],"prob":1}},{"classId":"r_3","type":"linked","directed":false,"entities":["s1v1|e_2|3353,3438","s1v1|e_1|2647,2691"],"confidence":{"state":"pre-added","who":["user:FabianBrese"],"prob":1}},{"classId":"r_3","type":"linked","directed":false,"entities":["s1v1|e_2|3934,4073","s1v1|e_1|2475,2566"],"confidence":{"state":"pre-added","who":["user:FabianBrese"],"prob":1}},{"classId":"r_8","type":"linked","directed":false,"entities":["s1v1|e_6|2258,2320","s1v1|e_7|2201,2255"],"confidence":{"state":"pre-added","who":["user:FabianBrese"],"prob":1}},{"classId":"r_8","type":"linked","directed":false,"entities":["s1v1|e_6|2406,2468","s1v1|e_7|2349,2403"],"confidence":{"state":"pre-added","who":["user:FabianBrese"],"prob":1}},{"classId":"r_8","type":"linked","directed":false,"entities":["s1v1|e_7|2881,2933","s1v1|e_6|2936,2961"],"confidence":{"state":"pre-added","who":["user:FabianBrese"],"prob":1}},{"classId":"r_8","type":"linked","directed":false,"entities":["s1v1|e_7|3216,3285","s1v1|e_6|3288,3322"],"confidence":{"state":"pre-added","who":["user:FabianBrese"],"prob":1}}]}