{"annotatable":{"parts":["s1v1"]},"anncomplete":true,"sources":[],"metas":{},"entities":[{"classId":"e_1","part":"s1v1","offsets":[{"start":26,"text":"H könnte einen Anspruch auf die Zahlung des Kaufpreises gegen R aus §433 Abs. 2 BGB haben"}],"coordinates":[],"confidence":{"state":"pre-added","who":["user:Frederike"],"prob":1},"fields":{},"normalizations":{}},{"classId":"e_1","part":"s1v1","offsets":[{"start":235,"text":"Voraussetzung dafür wäre eine Einigung die, in jeglicher Form zwischen H und R über den Erwerb einer Sache gegen Zahlung eines Kaufpreises zustande gekommen ist"}],"coordinates":[],"confidence":{"state":"pre-added","who":["user:Frederike"],"prob":1},"fields":{},"normalizations":{}},{"classId":"e_4","part":"s1v1","offsets":[{"start":412,"text":"Eine Einigung ist definiert als das Vorliegen zweier oder mehrerer übereinstimmender Willenserklärungen"}],"coordinates":[],"confidence":{"state":"pre-added","who":["user:Frederike"],"prob":1},"fields":{},"normalizations":{}},{"classId":"e_4","part":"s1v1","offsets":[{"start":540,"text":"Unter Willenserklärung versteht man die Entäußerung eines Willes durch eine Person, der auf Herbeiführung einer Rechtsfolge gerichtet ist"}],"coordinates":[],"confidence":{"state":"pre-added","who":["user:Frederike"],"prob":1},"fields":{},"normalizations":{}},{"classId":"e_5","part":"s1v1","offsets":[{"start":685,"text":"Laut Sachverhalt ist zwischen R und H ein Vertrag zustande gekommen, der jedoch mit fehlender Übereinstimmung der Willenserklärung vorliegt, da laut §119 Abs. 1 GG dieser Vertrag nicht zustande gekommen wäre, wenn R über das notwendige\n\nIV.\n\nWissen verfügen würde."}],"coordinates":[],"confidence":{"state":"pre-added","who":["user:Frederike"],"prob":1},"fields":{},"normalizations":{}},{"classId":"e_7","part":"s1v1","offsets":[{"start":685,"text":"Laut Sachverhalt ist zwischen R und H ein Vertrag zustande gekommen, der jedoch mit fehlender Übereinstimmung der Willenserklärung vorliegt, da laut §119 Abs. 1 GG dieser Vertrag nicht zustande gekommen wäre, wenn R über das notwendige\n\nIV.\n\nWissen verfügen würde"}],"coordinates":[],"confidence":{"state":"pre-added","who":["user:Frederike"],"prob":1},"fields":{},"normalizations":{}},{"classId":"e_5","part":"s1v1","offsets":[{"start":951,"text":"R hat das Recht auf die Anfechtbarkeit wegen Irrtums laut §119 Abs 1. R, als Erklärende, hat aufgrund einen Wissensmangels eine, von ihrer Seite aus falschen Willenserklärung abgegeben. Die Absicht von R war einen Aktenordner der Firma Leitz zu beschaffen und nicht eine gleichnamige Typbezeichnung eines Luftreinigers."}],"coordinates":[],"confidence":{"state":"pre-added","who":["user:Frederike"],"prob":1},"fields":{},"normalizations":{}},{"classId":"e_7","part":"s1v1","offsets":[{"start":951,"text":"R hat das Recht auf die Anfechtbarkeit wegen Irrtums laut §119 Abs 1. R, als Erklärende, hat aufgrund einen Wissensmangels eine, von ihrer Seite aus falschen Willenserklärung abgegeben"}],"coordinates":[],"confidence":{"state":"pre-added","who":["user:Frederike"],"prob":1},"fields":{},"normalizations":{}},{"classId":"e_7","part":"s1v1","offsets":[{"start":1137,"text":"Die Absicht von R war einen Aktenordner der Firma Leitz zu beschaffen und nicht eine gleichnamige Typbezeichnung eines Luftreinigers"}],"coordinates":[],"confidence":{"state":"pre-added","who":["user:Frederike"],"prob":1},"fields":{},"normalizations":{}},{"classId":"e_2","part":"s1v1","offsets":[{"start":1275,"text":"Somit hat H noch keinen Anspruch auf die Zahlung des Kaufpreises für den Luftreiniger"}],"coordinates":[],"confidence":{"state":"pre-added","who":["user:Frederike"],"prob":1},"fields":{},"normalizations":{}},{"classId":"e_1","part":"s1v1","offsets":[{"start":1366,"text":"H könnte einen Anspruch auf Schadensersatz statt der Leistung wegen nicht oder nicht wie geschuldet erbrachter Leistung laut § 281 Abs. 1 BGB haben"}],"coordinates":[],"confidence":{"state":"pre-added","who":["user:Frederike"],"prob":1},"fields":{},"normalizations":{}},{"classId":"e_1","part":"s1v1","offsets":[{"start":1633,"text":"Voraussetzung dafür wäre eine Einigung oder Leistung die teils oder ganz nicht erbracht wurde"}],"coordinates":[],"confidence":{"state":"pre-added","who":["user:Frederike"],"prob":1},"fields":{},"normalizations":{}},{"classId":"e_5","part":"s1v1","offsets":[{"start":1734,"text":"Ein Missverständnis lag zwischen R und H vor und somit konnte die Leistung aus dem Weiterverkauf des Luftreinigers nicht vollendet werden. Demzufolge wird die aufgewandte Leistung beim Großhändler nichtig."}],"coordinates":[],"confidence":{"state":"pre-added","who":["user:Frederike"],"prob":1},"fields":{},"normalizations":{}},{"classId":"e_7","part":"s1v1","offsets":[{"start":1734,"text":"Ein Missverständnis lag zwischen R und H vor"}],"coordinates":[],"confidence":{"state":"pre-added","who":["user:Frederike"],"prob":1},"fields":{},"normalizations":{}},{"classId":"e_6","part":"s1v1","offsets":[{"start":1779,"text":"und somit konnte die Leistung aus dem Weiterverkauf des Luftreinigers nicht vollendet werden"}],"coordinates":[],"confidence":{"state":"pre-added","who":["user:Frederike"],"prob":1},"fields":{},"normalizations":{}},{"classId":"e_6","part":"s1v1","offsets":[{"start":1873,"text":"Demzufolge wird die aufgewandte Leistung beim Großhändler nichtig"}],"coordinates":[],"confidence":{"state":"pre-added","who":["user:Frederike"],"prob":1},"fields":{},"normalizations":{}},{"classId":"e_2","part":"s1v1","offsets":[{"start":1945,"text":"Zwischen H und dem Großhändler ist eine Schadensersatzplicht aufgetreten"}],"coordinates":[],"confidence":{"state":"pre-added","who":["user:Frederike"],"prob":1},"fields":{},"normalizations":{}},{"classId":"e_2","part":"s1v1","offsets":[{"start":2023,"text":"Somit hat H gemäß § 281. Abs. 1 BGB ein Anrecht auf Schadensersatz gegenüber dem Großhändler"}],"coordinates":[],"confidence":{"state":"pre-added","who":["user:Frederike"],"prob":1},"fields":{},"normalizations":{}}],"relations":[{"classId":"r_3","type":"linked","directed":false,"entities":["s1v1|e_1|26,114","s1v1|e_2|1275,1359"],"confidence":{"state":"pre-added","who":["user:Frederike"],"prob":1}},{"classId":"r_3","type":"linked","directed":false,"entities":["s1v1|e_2|2023,2114","s1v1|e_1|1366,1512"],"confidence":{"state":"pre-added","who":["user:Frederike"],"prob":1}},{"classId":"r_8","type":"linked","directed":false,"entities":["s1v1|e_7|1734,1777","s1v1|e_6|1779,1870"],"confidence":{"state":"pre-added","who":["user:Frederike"],"prob":1}}]}