{"annotatable":{"parts":["s1v1"]},"anncomplete":true,"sources":[],"metas":{},"entities":[{"classId":"e_1","part":"s1v1","offsets":[{"start":192,"text":"A könnte gegen C einen Anspruch auf Übergabe und Übereignung von 500 Tonnen hochwertigem Stahl zum Preis von 265.000 € gem. §433 Abs. 1 Satz. 1 BGB haben"}],"coordinates":[],"confidence":{"state":"pre-added","who":["ml:regex","user:FabianBrese"],"prob":1},"fields":{},"normalizations":{}},{"classId":"e_1","part":"s1v1","offsets":[{"start":363,"text":"Dafür müsste ein Kaufvertrag zwischen A und C vorliegen"}],"coordinates":[],"confidence":{"state":"pre-added","who":["user:FabianBrese"],"prob":1},"fields":{},"normalizations":{}},{"classId":"e_4","part":"s1v1","offsets":[{"start":421,"text":"Ein Kaufvertrag ist ein aus zwei korrespondierenden Willenserklärungen, namentlich Angebot und Annahme bestehendes Rechtsgeschäfts"}],"coordinates":[],"confidence":{"state":"pre-added","who":["user:FabianBrese"],"prob":1},"fields":{},"normalizations":{}},{"classId":"e_1","part":"s1v1","offsets":[{"start":566,"text":"Hierfür müsste ein wirksames Angebot vorliegen"}],"coordinates":[],"confidence":{"state":"pre-added","who":["user:FabianBrese"],"prob":1},"fields":{},"normalizations":{}},{"classId":"e_4","part":"s1v1","offsets":[{"start":613,"text":"Ein Angebot gem. §145 BGB ist eine empfangsbedürftige Willenserklärung, welche auf den Abschluss eines Vertrages ausgerichtet ist und inhaltlich so bestimmt ist, dass der Vertrag mit der Annahme durch ein schlichtes „Ja“ zustande kommt"}],"coordinates":[],"confidence":{"state":"pre-added","who":["user:FabianBrese"],"prob":1},"fields":{},"normalizations":{}},{"classId":"e_4","part":"s1v1","offsets":[{"start":850,"text":"Ein Angebot muss die esentialia negotii (Kaufpreis, Kaufgegenstand, Vertragsparteien) enthalten"}],"coordinates":[],"confidence":{"state":"pre-added","who":["user:FabianBrese"],"prob":1},"fields":{},"normalizations":{}},{"classId":"e_5","part":"s1v1","offsets":[{"start":948,"text":"Die C hat der durch A bevollmächtigten B genau zwei Angebote über zwei verschiedene Stahlsorten, zu zwei verschiedenen Preisen gemacht. Das erste Angebot umfasste mittelwertigen Stahl zu einem Preis von 470 € pro Tonne und einem Gesamtpreis von 235.000 €. Das zweite Angebot umfasste hochwertigen Stahl zum Tonnenpreis von 530€ und einem Gesamtpreis in Höhe von 265.000 €."}],"coordinates":[],"confidence":{"state":"pre-added","who":["user:FabianBrese"],"prob":1},"fields":{},"normalizations":{}},{"classId":"e_2","part":"s1v1","offsets":[{"start":1322,"text":"Kaufpreis, Kaufgegenstand und die Vertragsparteien standen in beiden Angeboten fest, somit liegt ein Angebot der C an die B bzw. A vor"}],"coordinates":[],"confidence":{"state":"pre-added","who":["user:FabianBrese"],"prob":1},"fields":{},"normalizations":{}},{"classId":"e_1","part":"s1v1","offsets":[{"start":1471,"text":"Hierfür müsste eine wirksame Annahme durch A vorliegen"}],"coordinates":[],"confidence":{"state":"pre-added","who":["user:FabianBrese"],"prob":1},"fields":{},"normalizations":{}},{"classId":"e_4","part":"s1v1","offsets":[{"start":1527,"text":"Eine Annahme gem. §§147 ff. BGB ist eine empfangsbedürftige Willenserklärung, durch welche das Angebot der anderen Vertragspartei einschränkungslos und rechtzeitig akzeptiert und der Vertragsschluss bewirkt wird"}],"coordinates":[],"confidence":{"state":"pre-added","who":["user:FabianBrese"],"prob":1},"fields":{},"normalizations":{}},{"classId":"e_1","part":"s1v1","offsets":[{"start":1741,"text":"Hierfür müsste A eine eigene Willenserklärung abgegeben haben"}],"coordinates":[],"confidence":{"state":"pre-added","who":["user:FabianBrese"],"prob":1},"fields":{},"normalizations":{}},{"classId":"e_5","part":"s1v1","offsets":[{"start":1804,"text":"A selbst hat keine eigene Willenserklärung abgegeben, A könnte wirksam durch B vertreten worden sein."}],"coordinates":[],"confidence":{"state":"pre-added","who":["user:FabianBrese"],"prob":1},"fields":{},"normalizations":{}},{"classId":"e_7","part":"s1v1","offsets":[{"start":1804,"text":"A selbst hat keine eigene Willenserklärung abgegeben"}],"coordinates":[],"confidence":{"state":"pre-added","who":["user:FabianBrese"],"prob":1},"fields":{},"normalizations":{}},{"classId":"e_6","part":"s1v1","offsets":[{"start":1858,"text":"A könnte wirksam durch B vertreten worden sein"}],"coordinates":[],"confidence":{"state":"pre-added","who":["user:FabianBrese"],"prob":1},"fields":{},"normalizations":{}},{"classId":"e_1","part":"s1v1","offsets":[{"start":2055,"text":"Hierfür müsste B eine eigene Willenserklärung abgegeben haben"}],"coordinates":[],"confidence":{"state":"pre-added","who":["user:FabianBrese"],"prob":1},"fields":{},"normalizations":{}},{"classId":"e_2","part":"s1v1","offsets":[{"start":2250,"text":"B hat eine eigene Willenserklärung abgegeben, da A ihr aufgetragen hat, nach eigenem Ermessen zu verhandeln und nicht bloß den Willen der A zu übermitteln"}],"coordinates":[],"confidence":{"state":"pre-added","who":["user:FabianBrese"],"prob":1},"fields":{},"normalizations":{}},{"classId":"e_1","part":"s1v1","offsets":[{"start":2436,"text":"B müsste offenkundig gehandelt haben"}],"coordinates":[],"confidence":{"state":"pre-added","who":["user:FabianBrese"],"prob":1},"fields":{},"normalizations":{}},{"classId":"e_1","part":"s1v1","offsets":[{"start":2475,"text":"B müsste gem. §164 Abs. 1, S. 1 BGB ausdrücklich offenkundig für A gehandelt haben"}],"coordinates":[],"confidence":{"state":"pre-added","who":["user:FabianBrese"],"prob":1},"fields":{},"normalizations":{}},{"classId":"e_5","part":"s1v1","offsets":[{"start":2560,"text":"A hat im Vorhinein ein Schreiben an C verfasst, in welchem sie deutlich macht, dass B im Namen der A handelt."}],"coordinates":[],"confidence":{"state":"pre-added","who":["user:FabianBrese"],"prob":1},"fields":{},"normalizations":{}},{"classId":"e_7","part":"s1v1","offsets":[{"start":2560,"text":"A hat im Vorhinein ein Schreiben an C verfasst, in welchem sie deutlich macht, dass B im Namen der A handelt"}],"coordinates":[],"confidence":{"state":"pre-added","who":["user:FabianBrese"],"prob":1},"fields":{},"normalizations":{}},{"classId":"e_2","part":"s1v1","offsets":[{"start":2671,"text":"Demnach handelte B offenkundig für A"}],"coordinates":[],"confidence":{"state":"pre-added","who":["user:FabianBrese"],"prob":1},"fields":{},"normalizations":{}},{"classId":"e_1","part":"s1v1","offsets":[{"start":2725,"text":"Hierfür müsste eine wirksame Vollmacht der B vorliegen"}],"coordinates":[],"confidence":{"state":"pre-added","who":["user:FabianBrese"],"prob":1},"fields":{},"normalizations":{}},{"classId":"e_4","part":"s1v1","offsets":[{"start":2782,"text":"Eine Vollmacht ist die Ermächtigung, eine wirksame Willenserklärung im Namen eines anderen abzugeben"}],"coordinates":[],"confidence":{"state":"pre-added","who":["user:FabianBrese"],"prob":1},"fields":{},"normalizations":{}},{"classId":"e_4","part":"s1v1","offsets":[{"start":2885,"text":"Gem. 167 Abs. 1 BGB könnte eine Innen - oder Außenvollmacht gegenüber B vorliegen"}],"coordinates":[],"confidence":{"state":"pre-added","who":["user:FabianBrese"],"prob":1},"fields":{},"normalizations":{}},{"classId":"e_4","part":"s1v1","offsets":[{"start":2968,"text":"Eine Innenvollmacht ist eine Vollmacht, die gegenüber dem zu Bevollmächtigenden erteilt wird"}],"coordinates":[],"confidence":{"state":"pre-added","who":["user:FabianBrese"],"prob":1},"fields":{},"normalizations":{}},{"classId":"e_4","part":"s1v1","offsets":[{"start":3063,"text":"Eine Außenvollmacht ist eine Vollmacht, die gegenüber einem Dritten erteilt wird"}],"coordinates":[],"confidence":{"state":"pre-added","who":["user:FabianBrese"],"prob":1},"fields":{},"normalizations":{}},{"classId":"e_5","part":"s1v1","offsets":[{"start":3146,"text":"Demnach liegt eine Außenvollmacht vor."}],"coordinates":[],"confidence":{"state":"pre-added","who":["user:FabianBrese"],"prob":1},"fields":{},"normalizations":{}},{"classId":"e_6","part":"s1v1","offsets":[{"start":3146,"text":"Demnach liegt eine Außenvollmacht vor"}],"coordinates":[],"confidence":{"state":"pre-added","who":["user:FabianBrese"],"prob":1},"fields":{},"normalizations":{}},{"classId":"e_5","part":"s1v1","offsets":[{"start":3186,"text":"B ist zum Einkauf durch ihr Dienstverhältnis mit A ermächtigt. Demnach ist von einer Innenvollmacht der B für den Einkauf des Stahls auszugehen."}],"coordinates":[],"confidence":{"state":"pre-added","who":["user:FabianBrese"],"prob":1},"fields":{},"normalizations":{}},{"classId":"e_7","part":"s1v1","offsets":[{"start":3186,"text":"B ist zum Einkauf durch ihr Dienstverhältnis mit A ermächtigt"}],"coordinates":[],"confidence":{"state":"pre-added","who":["user:FabianBrese"],"prob":1},"fields":{},"normalizations":{}},{"classId":"e_6","part":"s1v1","offsets":[{"start":3249,"text":"Demnach ist von einer Innenvollmacht der B für den Einkauf des Stahls auszugehen"}],"coordinates":[],"confidence":{"state":"pre-added","who":["user:FabianBrese"],"prob":1},"fields":{},"normalizations":{}},{"classId":"e_2","part":"s1v1","offsets":[{"start":3389,"text":"Folglich liegen Angebot und Annahme wirksam vor"}],"coordinates":[],"confidence":{"state":"pre-added","who":["user:FabianBrese"],"prob":1},"fields":{},"normalizations":{}},{"classId":"e_2","part":"s1v1","offsets":[{"start":3460,"text":"Folglich ist ein Kaufvertrag gem. §433 Abs. 1 S. 1 BGB zwischen A und C über die 500 Tonnen Stahl im Wert von 265.000 € entstanden"}],"coordinates":[],"confidence":{"state":"pre-added","who":["user:FabianBrese"],"prob":1},"fields":{},"normalizations":{}},{"classId":"e_1","part":"s1v1","offsets":[{"start":3617,"text":"Der Kaufvertrag gem. §433 Abs. 1 S. 1 BGB zwischen A und C könnte nichtig sein gem. § 138 Abs. 2 BGB oder teilnichtig gem. §139 BGB sein"}],"coordinates":[],"confidence":{"state":"pre-added","who":["user:FabianBrese"],"prob":1},"fields":{},"normalizations":{}},{"classId":"e_1","part":"s1v1","offsets":[{"start":3756,"text":"Dazu müsste ein sittenwidriges Rechtsgeschäft vorliegen"}],"coordinates":[],"confidence":{"state":"pre-added","who":["user:FabianBrese"],"prob":1},"fields":{},"normalizations":{}},{"classId":"e_4","part":"s1v1","offsets":[{"start":3814,"text":"Ein sittenwidriges Rechtsgeschäfts ist ein Rechtsgeschäft, das gegen die guten Sitten verstößt"}],"coordinates":[],"confidence":{"state":"pre-added","who":["user:FabianBrese"],"prob":1},"fields":{},"normalizations":{}},{"classId":"e_4","part":"s1v1","offsets":[{"start":3911,"text":"Als Sittenwidrigkeit wird der Verstoß gegen moralische Maßstäbe, die nicht in Verbotsgesetzen positiviert sind, bezeichnet"}],"coordinates":[],"confidence":{"state":"pre-added","who":["user:FabianBrese"],"prob":1},"fields":{},"normalizations":{}},{"classId":"e_4","part":"s1v1","offsets":[{"start":4035,"text":"Ein solches Rechtsgeschäft liegt vor, wenn “einem Dritten für eine Leistung Vermögensvorteile“ (gem. §138 Abs. 2 BGB) versprochen oder gewährt werden"}],"coordinates":[],"confidence":{"state":"pre-added","who":["user:FabianBrese"],"prob":1},"fields":{},"normalizations":{}},{"classId":"e_5","part":"s1v1","offsets":[{"start":4187,"text":"Sobald eine Teilnichtigkeit gem. §139 BGB vorliegt, ist das ganze Rechtsgeschäft nichtig."}],"coordinates":[],"confidence":{"state":"pre-added","who":["user:FabianBrese"],"prob":1},"fields":{},"normalizations":{}},{"classId":"e_5","part":"s1v1","offsets":[{"start":4278,"text":"B hat das Angebot der C nur angenommen, da diese von der C mit einer schwierig zu bekommenen Playstation 5 bestochen wurde."}],"coordinates":[],"confidence":{"state":"pre-added","who":["user:FabianBrese"],"prob":1},"fields":{},"normalizations":{}},{"classId":"e_6","part":"s1v1","offsets":[{"start":4278,"text":"B hat das Angebot der C nur angenommen"}],"coordinates":[],"confidence":{"state":"pre-added","who":["user:FabianBrese"],"prob":1},"fields":{},"normalizations":{}},{"classId":"e_7","part":"s1v1","offsets":[{"start":4318,"text":"da diese von der C mit einer schwierig zu bekommenen Playstation 5 bestochen wurde"}],"coordinates":[],"confidence":{"state":"pre-added","who":["user:FabianBrese"],"prob":1},"fields":{},"normalizations":{}},{"classId":"e_5","part":"s1v1","offsets":[{"start":4403,"text":"B wusste ganz genau, dass der angebotene Stahl für den Zweck der A nicht entsprechend ist und handelte somit aus eigenem Interesse. Das Angebot wäre ohne die Gewährung des Vermögensvorteils in Form der Playstation 5 nicht zustande gekommen."}],"coordinates":[],"confidence":{"state":"pre-added","who":["user:FabianBrese"],"prob":1},"fields":{},"normalizations":{}},{"classId":"e_7","part":"s1v1","offsets":[{"start":4403,"text":"B wusste ganz genau, dass der angebotene Stahl für den Zweck der A nicht entsprechend ist und handelte somit aus eigenem Interesse"}],"coordinates":[],"confidence":{"state":"pre-added","who":["user:FabianBrese"],"prob":1},"fields":{},"normalizations":{}},{"classId":"e_6","part":"s1v1","offsets":[{"start":4535,"text":"Das Angebot wäre ohne die Gewährung des Vermögensvorteils in Form der Playstation 5 nicht zustande gekommen"}],"coordinates":[],"confidence":{"state":"pre-added","who":["user:FabianBrese"],"prob":1},"fields":{},"normalizations":{}},{"classId":"e_2","part":"s1v1","offsets":[{"start":4645,"text":"Das Rechtsgeschäft ist somit sittenwidrig und dadurch gem. §§ 138 Abs, 2 und 139 BGB nichtig"}],"coordinates":[],"confidence":{"state":"pre-added","who":["user:FabianBrese"],"prob":1},"fields":{},"normalizations":{}},{"classId":"e_1","part":"s1v1","offsets":[{"start":4867,"text":"Fraglich ist, ob das Geschäft trotz der Sittenwidrigkeit gem. §138 BGB wirksam ist"}],"coordinates":[],"confidence":{"state":"pre-added","who":["user:FabianBrese"],"prob":1},"fields":{},"normalizations":{}},{"classId":"e_1","part":"s1v1","offsets":[{"start":4952,"text":"Hierfür müsste A den Vertrag mit C genehmigen"}],"coordinates":[],"confidence":{"state":"pre-added","who":["user:FabianBrese"],"prob":1},"fields":{},"normalizations":{}},{"classId":"e_4","part":"s1v1","offsets":[{"start":5000,"text":"Gem. § 177 Abs. 1 BGB könnte A den Kaufvertrag genehmigen"}],"coordinates":[],"confidence":{"state":"pre-added","who":["user:FabianBrese"],"prob":1},"fields":{},"normalizations":{}},{"classId":"e_5","part":"s1v1","offsets":[{"start":5060,"text":"A wollte an dem Vertrag mit C festhalten, da sie den hochwertigen Stahl nun für den Bau von Balkonen verwenden konnte."}],"coordinates":[],"confidence":{"state":"pre-added","who":["user:FabianBrese"],"prob":1},"fields":{},"normalizations":{}},{"classId":"e_7","part":"s1v1","offsets":[{"start":5060,"text":"A wollte an dem Vertrag mit C festhalten, da sie den hochwertigen Stahl nun für den Bau von Balkonen verwenden konnte"}],"coordinates":[],"confidence":{"state":"pre-added","who":["user:FabianBrese"],"prob":1},"fields":{},"normalizations":{}},{"classId":"e_2","part":"s1v1","offsets":[{"start":5179,"text":"Somit genehmigte sie den Vertrag mit C trotz der Sittenwidrigkeit"}],"coordinates":[],"confidence":{"state":"pre-added","who":["user:FabianBrese"],"prob":1},"fields":{},"normalizations":{}},{"classId":"e_2","part":"s1v1","offsets":[{"start":5252,"text":"Folglich hat A Anspruch auf Übergabe und Übereignung von 500 Tonnen hochwertigem Stahl zum Preis von 265.000 € gem. §433 Abs. 1 Satz. 1 BGB, da sie das Rechtsgeschäft gem. §177 Abs. 1 GBB nachträglich genehmigt hat"}],"coordinates":[],"confidence":{"state":"pre-added","who":["user:FabianBrese"],"prob":1},"fields":{},"normalizations":{}}],"relations":[{"classId":"r_3","type":"linked","directed":false,"entities":["s1v1|e_2|1322,1455","s1v1|e_1|566,611"],"confidence":{"state":"pre-added","who":["user:FabianBrese"],"prob":1}},{"classId":"r_3","type":"linked","directed":false,"entities":["s1v1|e_2|2250,2403","s1v1|e_1|2055,2115"],"confidence":{"state":"pre-added","who":["user:FabianBrese"],"prob":1}},{"classId":"r_3","type":"linked","directed":false,"entities":["s1v1|e_2|2671,2706","s1v1|e_1|2436,2471"],"confidence":{"state":"pre-added","who":["user:FabianBrese"],"prob":1}},{"classId":"r_3","type":"linked","directed":false,"entities":["s1v1|e_2|3460,3589","s1v1|e_1|363,417"],"confidence":{"state":"pre-added","who":["user:FabianBrese"],"prob":1}},{"classId":"r_3","type":"linked","directed":false,"entities":["s1v1|e_2|5179,5243","s1v1|e_1|4952,4996"],"confidence":{"state":"pre-added","who":["user:FabianBrese"],"prob":1}},{"classId":"r_3","type":"linked","directed":false,"entities":["s1v1|e_2|5252,5465","s1v1|e_1|192,344"],"confidence":{"state":"pre-added","who":["user:FabianBrese"],"prob":1}},{"classId":"r_8","type":"linked","directed":false,"entities":["s1v1|e_6|3249,3328","s1v1|e_7|3186,3246"],"confidence":{"state":"pre-added","who":["user:FabianBrese"],"prob":1}},{"classId":"r_8","type":"linked","directed":false,"entities":["s1v1|e_7|4318,4399","s1v1|e_6|4278,4315"],"confidence":{"state":"pre-added","who":["user:FabianBrese"],"prob":1}},{"classId":"r_8","type":"linked","directed":false,"entities":["s1v1|e_7|4403,4532","s1v1|e_6|4535,4641"],"confidence":{"state":"pre-added","who":["user:FabianBrese"],"prob":1}}]}