{"annotatable":{"parts":["s1v1"]},"anncomplete":false,"sources":[],"metas":{},"entities":[{"classId":"e_1","part":"s1v1","offsets":[{"start":44,"text":"A könnte gegen C einen Anspruch auf Übereignung und Übergabe der 500 Tonnen des hochwertigen Stahls gem. § 433 I 1 BGB haben"}],"coordinates":[],"confidence":{"state":"pre-added","who":["user:FabianBrese"],"prob":1},"fields":{},"normalizations":{}},{"classId":"e_1","part":"s1v1","offsets":[{"start":170,"text":"Für diesen Anspruch muss ein wirksamer Kaufvertrag zwischen K und V zustande gekommen sein"}],"coordinates":[],"confidence":{"state":"pre-added","who":["user:FabianBrese"],"prob":1},"fields":{},"normalizations":{}},{"classId":"e_1","part":"s1v1","offsets":[{"start":302,"text":"K und V müssten sich mittels inhaltlich entsprechender und aufeinander bezogener Willenserklärungen gem. §§ 145 ff. BGB geeinigt haben"}],"coordinates":[],"confidence":{"state":"pre-added","who":["user:FabianBrese"],"prob":1},"fields":{},"normalizations":{}},{"classId":"e_5","part":"s1v1","offsets":[{"start":504,"text":"C legt, nach einem Schreiben von C, zwei Angebote der Ingenieurin B vor."}],"coordinates":[],"confidence":{"state":"pre-added","who":["user:FabianBrese"],"prob":1},"fields":{},"normalizations":{}},{"classId":"e_1","part":"s1v1","offsets":[{"start":978,"text":"B müsste als Bevollmächtigte von A eine Willenserklärung abgegeben haben"}],"coordinates":[],"confidence":{"state":"pre-added","who":["user:FabianBrese"],"prob":1},"fields":{},"normalizations":{}},{"classId":"e_4","part":"s1v1","offsets":[{"start":1052,"text":"Da A eigenständig mit C verhandelt hat, hat A eine Willenserklärung abgegeben."}],"coordinates":[],"confidence":{"state":"pre-added","who":["user:FabianBrese"],"prob":1},"fields":{},"normalizations":{}},{"classId":"e_7","part":"s1v1","offsets":[{"start":1052,"text":"Da A eigenständig mit C verhandelt hat"}],"coordinates":[],"confidence":{"state":"pre-added","who":["user:FabianBrese"],"prob":1},"fields":{},"normalizations":{}},{"classId":"e_6","part":"s1v1","offsets":[{"start":1092,"text":"hat A eine Willenserklärung abgegeben"}],"coordinates":[],"confidence":{"state":"pre-added","who":["user:FabianBrese"],"prob":1},"fields":{},"normalizations":{}},{"classId":"e_2","part":"s1v1","offsets":[{"start":1131,"text":"Diese Willenserklärung stellt B nur als Angestellte von A"}],"coordinates":[],"confidence":{"state":"pre-added","who":["user:FabianBrese"],"prob":1},"fields":{},"normalizations":{}},{"classId":"e_5","part":"s1v1","offsets":[{"start":1213,"text":"B hat nach § 164 Abs. 1 BGB die Anweisungen von A ausgeführt und die Details des Vertrages mit C besprochen. C unterbreitet B zwei Angebote. Ein Angebot für eine niedrige Stahlqualität zu 470 Euro die Tonne (235.000 Euro gesamt) und ein Angebot für einen Stahl der höchsten Qualität zu 530 Euro die Tonne (265.000 Euro gesamt)."}],"coordinates":[],"confidence":{"state":"pre-added","who":["user:FabianBrese"],"prob":1},"fields":{},"normalizations":{}},{"classId":"e_1","part":"s1v1","offsets":[{"start":1554,"text":"B müsste das Angebot, welches durch C formuliert wurde, angenommen haben, damit ein wirksamer Kaufvertrag zustande kommt"}],"coordinates":[],"confidence":{"state":"pre-added","who":["user:FabianBrese"],"prob":1},"fields":{},"normalizations":{}},{"classId":"e_2","part":"s1v1","offsets":[{"start":1767,"text":"B hat das höhere Angebot zu einem Preis von 530 Euro pro Tonne angenommen"}],"coordinates":[],"confidence":{"state":"pre-added","who":["user:FabianBrese"],"prob":1},"fields":{},"normalizations":{}},{"classId":"e_1","part":"s1v1","offsets":[{"start":2237,"text":"Der Kaufvertrag könnte infolge einer Anfechtung durch V gemäß § 142 Abs. 1 BGB als von Anfang an unwirksam gelten"}],"coordinates":[],"confidence":{"state":"pre-added","who":["user:FabianBrese"],"prob":1},"fields":{},"normalizations":{}},{"classId":"e_4","part":"s1v1","offsets":[{"start":2352,"text":"Dafür sind erforderlich eine Anfechtungserklärung, ein Anfechtungsgrund und, sofern ein Grund vorliegt, die Wahrung der einschlägigen Anfechtungsfrist"}],"coordinates":[],"confidence":{"state":"pre-added","who":["user:FabianBrese"],"prob":1},"fields":{},"normalizations":{}},{"classId":"e_5","part":"s1v1","offsets":[{"start":2980,"text":"C macht sich mit der Versprechung nach § 299 I 2 StGB der Bestechung schuldig. Ebenso nimmt B das Bestechungsangebot von C an und macht sich somit auch nach § 299 I 1 StGB der Annahme einer Bestechung strafbar."}],"coordinates":[],"confidence":{"state":"pre-added","who":["user:FabianBrese"],"prob":1},"fields":{},"normalizations":{}},{"classId":"e_2","part":"s1v1","offsets":[{"start":3191,"text":"Der Vertrag ist aufgrund dieser Tatsache nach § 138 I 2 BGB von Anfang an nichtig"}],"coordinates":[],"confidence":{"state":"pre-added","who":["user:FabianBrese"],"prob":1},"fields":{},"normalizations":{}},{"classId":"e_2","part":"s1v1","offsets":[{"start":3296,"text":"Ein Nichtigkeitsgrund liegt bei dem Vertrag zugrunde"}],"coordinates":[],"confidence":{"state":"pre-added","who":["user:FabianBrese"],"prob":1},"fields":{},"normalizations":{}},{"classId":"e_2","part":"s1v1","offsets":[{"start":3364,"text":"A hat keinen Anspruch auf Übergabe und Übereignung der 500 Tonnen des hochwertigen Stahls nach § 433 I 1 BGB gegenüber C"}],"coordinates":[],"confidence":{"state":"pre-added","who":["user:FabianBrese"],"prob":1},"fields":{},"normalizations":{}}],"relations":[{"classId":"r_3","type":"linked","directed":false,"entities":["s1v1|e_2|1131,1187","s1v1|e_1|978,1049"],"confidence":{"state":"pre-added","who":["user:FabianBrese"],"prob":1}},{"classId":"r_3","type":"linked","directed":false,"entities":["s1v1|e_2|3364,3483","s1v1|e_1|44,167"],"confidence":{"state":"pre-added","who":["user:FabianBrese"],"prob":1}},{"classId":"r_8","type":"linked","directed":false,"entities":["s1v1|e_7|1052,1089","s1v1|e_6|1092,1128"],"confidence":{"state":"pre-added","who":["user:FabianBrese"],"prob":1}}]}