{"annotatable":{"parts":["s1v1"]},"anncomplete":true,"sources":[],"metas":{},"entities":[{"classId":"e_1","part":"s1v1","offsets":[{"start":16,"text":"H könnte gegenüber V einen Übergabeanspruch der Maschine aus §929 BGB"}],"coordinates":[],"confidence":{"state":"pre-added","who":["user:FabianBrese"],"prob":1},"fields":{},"normalizations":{}},{"classId":"e_1","part":"s1v1","offsets":[{"start":86,"text":"Voraussetzung für einen Übergabeanspruch wäre das Vorliegen eines Kaufvertrags"}],"coordinates":[],"confidence":{"state":"pre-added","who":["user:FabianBrese"],"prob":1},"fields":{},"normalizations":{}},{"classId":"e_4","part":"s1v1","offsets":[{"start":166,"text":"Ein Kaufvertrag kommt zustande, indem zwei übereinstimmende Willenserklärungen abgegeben werden"}],"coordinates":[],"confidence":{"state":"pre-added","who":["user:FabianBrese"],"prob":1},"fields":{},"normalizations":{}},{"classId":"e_4","part":"s1v1","offsets":[{"start":263,"text":"Eine Willenserklärung ist die Äußerung eines Willens und liefert somit die Grundlage eines jeden Rechtsgeschäfts"}],"coordinates":[],"confidence":{"state":"pre-added","who":["user:FabianBrese"],"prob":1},"fields":{},"normalizations":{}},{"classId":"e_1","part":"s1v1","offsets":[{"start":389,"text":"Ein Anspruch besteht, wenn ein Vertrag nach §433 BGB geschlossen wurde"}],"coordinates":[],"confidence":{"state":"pre-added","who":["user:FabianBrese"],"prob":1},"fields":{},"normalizations":{}},{"classId":"e_4","part":"s1v1","offsets":[{"start":461,"text":"Ein Vertrag besteht, wenn zwei übereinstimmende Willenserklärungen abgegeben wurden"}],"coordinates":[],"confidence":{"state":"pre-added","who":["user:FabianBrese"],"prob":1},"fields":{},"normalizations":{}},{"classId":"e_1","part":"s1v1","offsets":[{"start":598,"text":"Für einen Anspruch ist das Vorliegen eines Angebotes nach §145 BGB unabdingbar"}],"coordinates":[],"confidence":{"state":"pre-added","who":["user:FabianBrese"],"prob":1},"fields":{},"normalizations":{}},{"classId":"e_4","part":"s1v1","offsets":[{"start":678,"text":"Ein Angebot ist eine empfangsbedürftige Willenserklärung und kann, sofern alle wesentlichen Vertragsbedingungen hinreichend erfüllt sind, mit einem schlichten „Ja“ beantwortet werden"}],"coordinates":[],"confidence":{"state":"pre-added","who":["user:FabianBrese"],"prob":1},"fields":{},"normalizations":{}},{"classId":"e_2","part":"s1v1","offsets":[{"start":862,"text":"Laut Sachverhalt kommt das Angebot kommt zustande, da V ein Angebot an H abschickt"}],"coordinates":[],"confidence":{"state":"pre-added","who":["user:FabianBrese"],"prob":1},"fields":{},"normalizations":{}},{"classId":"e_5","part":"s1v1","offsets":[{"start":965,"text":"A wurde von V beauftragt ein Angebot an H zu richten. Sie wurde mit einer Vollmacht durch V ausgestattet und handelt durch ihre eigene Willenserklärung nach §164 BGB."}],"coordinates":[],"confidence":{"state":"pre-added","who":["user:FabianBrese"],"prob":1},"fields":{},"normalizations":{}},{"classId":"e_7","part":"s1v1","offsets":[{"start":965,"text":"A wurde von V beauftragt ein Angebot an H zu richten"}],"coordinates":[],"confidence":{"state":"pre-added","who":["user:FabianBrese"],"prob":1},"fields":{},"normalizations":{}},{"classId":"e_7","part":"s1v1","offsets":[{"start":1019,"text":"Sie wurde mit einer Vollmacht durch V ausgestattet"}],"coordinates":[],"confidence":{"state":"pre-added","who":["user:FabianBrese"],"prob":1},"fields":{},"normalizations":{}},{"classId":"e_6","part":"s1v1","offsets":[{"start":1070,"text":"und handelt durch ihre eigene Willenserklärung nach §164 BGB"}],"coordinates":[],"confidence":{"state":"pre-added","who":["user:FabianBrese"],"prob":1},"fields":{},"normalizations":{}},{"classId":"e_1","part":"s1v1","offsets":[{"start":1143,"text":"Für einen Anspruch muss eine Annahme nach §147 BGB vorliegen"}],"coordinates":[],"confidence":{"state":"pre-added","who":["user:FabianBrese"],"prob":1},"fields":{},"normalizations":{}},{"classId":"e_4","part":"s1v1","offsets":[{"start":1205,"text":"Eine Annahme ist eine Willenserklärung, die in Bezug auf das Angebot erfolgt"}],"coordinates":[],"confidence":{"state":"pre-added","who":["user:FabianBrese"],"prob":1},"fields":{},"normalizations":{}},{"classId":"e_2","part":"s1v1","offsets":[{"start":1283,"text":"Laut Sachverhalt nimmt H das Angebot an, da sie eine E-Mail an die von V beauftragte A schickt"}],"coordinates":[],"confidence":{"state":"pre-added","who":["user:FabianBrese"],"prob":1},"fields":{},"normalizations":{}},{"classId":"e_2","part":"s1v1","offsets":[{"start":1399,"text":"Willenserklärungen über Angebot und Annahme sind korrekt und übereinstimmend abgegeben worden"}],"coordinates":[],"confidence":{"state":"pre-added","who":["user:FabianBrese"],"prob":1},"fields":{},"normalizations":{}},{"classId":"e_5","part":"s1v1","offsets":[{"start":1517,"text":"Laut Sachverhalt habe A die E-Mail nicht rechtzeitig gesehen und somit wurde die Frist nicht eingehalten. Da Unternehmen verpflichtet sind, täglich auch den Spamordner zu prüfen, hätte es A auffallen müssen und somit liegt der Fehler bei A und nicht bei H, da diese rechtzeitig das Angebot annahm."}],"coordinates":[],"confidence":{"state":"pre-added","who":["user:FabianBrese"],"prob":1},"fields":{},"normalizations":{}},{"classId":"e_7","part":"s1v1","offsets":[{"start":1517,"text":"Laut Sachverhalt habe A die E-Mail nicht rechtzeitig gesehen"}],"coordinates":[],"confidence":{"state":"pre-added","who":["user:FabianBrese"],"prob":1},"fields":{},"normalizations":{}},{"classId":"e_6","part":"s1v1","offsets":[{"start":1578,"text":"und somit wurde die Frist nicht eingehalten"}],"coordinates":[],"confidence":{"state":"pre-added","who":["user:FabianBrese"],"prob":1},"fields":{},"normalizations":{}},{"classId":"e_7","part":"s1v1","offsets":[{"start":1623,"text":"Da Unternehmen verpflichtet sind, täglich auch den Spamordner zu prüfen, hätte es A auffallen müssen"}],"coordinates":[],"confidence":{"state":"pre-added","who":["user:FabianBrese"],"prob":1},"fields":{},"normalizations":{}},{"classId":"e_6","part":"s1v1","offsets":[{"start":1724,"text":"und somit liegt der Fehler bei A und nicht bei H, da diese rechtzeitig das Angebot annahm"}],"coordinates":[],"confidence":{"state":"pre-added","who":["user:FabianBrese"],"prob":1},"fields":{},"normalizations":{}},{"classId":"e_5","part":"s1v1","offsets":[{"start":1819,"text":"Laut Sachverhalt soll A einen Irrtum begangen haben, da die Maschine, zum jetzigen Zeitpunkt, deutlich mehr wert sei."}],"coordinates":[],"confidence":{"state":"pre-added","who":["user:FabianBrese"],"prob":1},"fields":{},"normalizations":{}},{"classId":"e_4","part":"s1v1","offsets":[{"start":1937,"text":"Ein Irrtum nach §119 I BGB liegt vor, wenn eine nicht beabsichtigte Folge eintritt"}],"coordinates":[],"confidence":{"state":"pre-added","who":["user:FabianBrese"],"prob":1},"fields":{},"normalizations":{}},{"classId":"e_5","part":"s1v1","offsets":[{"start":2021,"text":"Die Maschine ist zwar jetzt deutlich mehr wert, allerdings hat H das Angebot zu einem Zeitpunkt angenommen, an dem die Pandemie noch keine war und somit die Preise niedriger waren."}],"coordinates":[],"confidence":{"state":"pre-added","who":["user:FabianBrese"],"prob":1},"fields":{},"normalizations":{}},{"classId":"e_2","part":"s1v1","offsets":[{"start":2214,"text":"H hat einen Anspruch auf Übergabe der Maschine, da sie keine Fristen verstreichen lassen hat und somit ihre Willenserklärung legitim abgegeben hat"}],"coordinates":[],"confidence":{"state":"pre-added","who":["user:FabianBrese"],"prob":1},"fields":{},"normalizations":{}},{"classId":"e_2","part":"s1v1","offsets":[{"start":2362,"text":"V ist somit verpflichtet die Maschine für den im Angebot veranschlagten Preis abzugeben"}],"coordinates":[],"confidence":{"state":"pre-added","who":["user:FabianBrese"],"prob":1},"fields":{},"normalizations":{}}],"relations":[{"classId":"r_3","type":"linked","directed":false,"entities":["s1v1|e_1|598,675","s1v1|e_2|862,943"],"confidence":{"state":"pre-added","who":["user:FabianBrese"],"prob":1}},{"classId":"r_3","type":"linked","directed":false,"entities":["s1v1|e_2|1283,1376","s1v1|e_1|1143,1202"],"confidence":{"state":"pre-added","who":["user:FabianBrese"],"prob":1}},{"classId":"r_3","type":"linked","directed":false,"entities":["s1v1|e_2|2214,2359","s1v1|e_1|16,84"],"confidence":{"state":"pre-added","who":["user:FabianBrese"],"prob":1}},{"classId":"r_8","type":"linked","directed":false,"entities":["s1v1|e_7|1019,1068","s1v1|e_6|1070,1129"],"confidence":{"state":"pre-added","who":["user:FabianBrese"],"prob":1}},{"classId":"r_8","type":"linked","directed":false,"entities":["s1v1|e_7|1517,1576","s1v1|e_6|1578,1620"],"confidence":{"state":"pre-added","who":["user:FabianBrese"],"prob":1}},{"classId":"r_8","type":"linked","directed":false,"entities":["s1v1|e_7|1623,1722","s1v1|e_6|1724,1812"],"confidence":{"state":"pre-added","who":["user:FabianBrese"],"prob":1}}]}