{"annotatable":{"parts":["s1v1"]},"anncomplete":true,"sources":[],"metas":{},"entities":[{"classId":"e_1","part":"s1v1","offsets":[{"start":13,"text":"Hat H einen Anspruch auf Zahlung des Kaufpreises für den Luftreiniger gegen R"}],"coordinates":[],"confidence":{"state":"pre-added","who":["user:FabianBrese"],"prob":1},"fields":{},"normalizations":{}},{"classId":"e_1","part":"s1v1","offsets":[{"start":94,"text":"H könnte einen Anspruch auf Zahlung des Kaufpreises gegen R aus § 433 Abs. 2 BGB haben"}],"coordinates":[],"confidence":{"state":"pre-added","who":["user:FabianBrese"],"prob":1},"fields":{},"normalizations":{}},{"classId":"e_1","part":"s1v1","offsets":[{"start":182,"text":"Hierfür müsste ein wirksamer Kaufvertrag zwischen H und R bestehen"}],"coordinates":[],"confidence":{"state":"pre-added","who":["user:FabianBrese"],"prob":1},"fields":{},"normalizations":{}},{"classId":"e_4","part":"s1v1","offsets":[{"start":250,"text":"Ein Kaufvertag wird durch zwei aufeinander bezogene Willenserklärung Angebot (§145 BGB) und Annahme (§147 BGB) geschlossen"}],"coordinates":[],"confidence":{"state":"pre-added","who":["user:FabianBrese"],"prob":1},"fields":{},"normalizations":{}},{"classId":"e_4","part":"s1v1","offsets":[{"start":374,"text":"Ein Angebot ist eine empfangsbedürftige Willenserklärung durch die einem anderen der Vertragsschluss unter Festlegung der wesentlichen Vertragsbestandteile (Kaufpreis, Kaufsache, Vertragsparteien) so angetragen wird, dass das Zustandekommen des Vertrages nur von dessen Zustimmung abhängt"}],"coordinates":[],"confidence":{"state":"pre-added","who":["user:FabianBrese"],"prob":1},"fields":{},"normalizations":{}},{"classId":"e_1","part":"s1v1","offsets":[{"start":665,"text":"Fraglich ist, ob der Kaufpreis in der Mail vorgegeben ist"}],"coordinates":[],"confidence":{"state":"pre-added","who":["user:FabianBrese"],"prob":1},"fields":{},"normalizations":{}},{"classId":"e_5","part":"s1v1","offsets":[{"start":724,"text":"Der Kaufpreis wurde in der Mail der R nicht ausdrücklich ausformuliert. Allerdings findet sich in der Mail, eine Formulierung, die sich auf den Kaufpreis bezieht: „zu den üblichen Konditionen“. Diese Formulierung ist ausreichend, um den Kaufpreis fest zu Legung."}],"coordinates":[],"confidence":{"state":"pre-added","who":["user:FabianBrese"],"prob":1},"fields":{},"normalizations":{}},{"classId":"e_7","part":"s1v1","offsets":[{"start":724,"text":"Der Kaufpreis wurde in der Mail der R nicht ausdrücklich ausformuliert"}],"coordinates":[],"confidence":{"state":"pre-added","who":["user:FabianBrese"],"prob":1},"fields":{},"normalizations":{}},{"classId":"e_7","part":"s1v1","offsets":[{"start":796,"text":"Allerdings findet sich in der Mail, eine Formulierung, die sich auf den Kaufpreis bezieht: „zu den üblichen Konditionen“"}],"coordinates":[],"confidence":{"state":"pre-added","who":["user:FabianBrese"],"prob":1},"fields":{},"normalizations":{}},{"classId":"e_6","part":"s1v1","offsets":[{"start":918,"text":"Diese Formulierung ist ausreichend, um den Kaufpreis fest zu Legung"}],"coordinates":[],"confidence":{"state":"pre-added","who":["user:FabianBrese"],"prob":1},"fields":{},"normalizations":{}},{"classId":"e_2","part":"s1v1","offsets":[{"start":987,"text":"Im vorliegenden Sachverhalt wurden folglich die die wesentlichen Vertragsbestandteile gegeben"}],"coordinates":[],"confidence":{"state":"pre-added","who":["user:FabianBrese"],"prob":1},"fields":{},"normalizations":{}},{"classId":"e_1","part":"s1v1","offsets":[{"start":1083,"text":"Fraglich ist, ob R ein Angebot abgegeben hat"}],"coordinates":[],"confidence":{"state":"pre-added","who":["user:FabianBrese"],"prob":1},"fields":{},"normalizations":{}},{"classId":"e_5","part":"s1v1","offsets":[{"start":1129,"text":"Im Sachverhalt wurde genannt, dass R eine Mail verfasst hat, die als ausdrückliche Willenserklärung zu deuten ist. Da sie die Mail in vollem Bewusstsein mit der Absicht einen Kaufvertag abzuschließen verfasst hat, ist ihr grundsätzlich Handlungswille, Erklärungsbewusstsein sowie Geschäftswille zuzuschreiben. Handlungswille bezieht sich darauf, dass R den willen hatte die Mail zu verfassen und nicht dazu gezwungen wurde. Das Erklärungsbewusstsein war insofern auch vorhanden, da R wissentlich und willentlich die Mail verfasst hat, dass irrtümlich eine falsche Vertragspartei kontaktiert wurde, und dadurch ein anderes Produkt mit gleichem Produktnamen bestellt wurde, ändert daran nichts."}],"coordinates":[],"confidence":{"state":"pre-added","who":["user:FabianBrese"],"prob":1},"fields":{},"normalizations":{}},{"classId":"e_7","part":"s1v1","offsets":[{"start":1244,"text":"Da sie die Mail in vollem Bewusstsein mit der Absicht einen Kaufvertag abzuschließen verfasst hat, ist ihr grundsätzlich Handlungswille, Erklärungsbewusstsein sowie Geschäftswille zuzuschreiben"}],"coordinates":[],"confidence":{"state":"pre-added","who":["user:FabianBrese"],"prob":1},"fields":{},"normalizations":{}},{"classId":"e_7","part":"s1v1","offsets":[{"start":1553,"text":"Das Erklärungsbewusstsein war insofern auch vorhanden, da R wissentlich und willentlich die Mail verfasst hat"}],"coordinates":[],"confidence":{"state":"pre-added","who":["user:FabianBrese"],"prob":1},"fields":{},"normalizations":{}},{"classId":"e_6","part":"s1v1","offsets":[{"start":1664,"text":"dass irrtümlich eine falsche Vertragspartei kontaktiert wurde, und dadurch ein anderes Produkt mit gleichem Produktnamen bestellt wurde, ändert daran nichts"}],"coordinates":[],"confidence":{"state":"pre-added","who":["user:FabianBrese"],"prob":1},"fields":{},"normalizations":{}},{"classId":"e_2","part":"s1v1","offsets":[{"start":1822,"text":"R sendete de Mail zum Abschluss eines Geschäftes, demnach hat sie Geschäftswille"}],"coordinates":[],"confidence":{"state":"pre-added","who":["user:FabianBrese"],"prob":1},"fields":{},"normalizations":{}},{"classId":"e_1","part":"s1v1","offsets":[{"start":1905,"text":"Fraglich ist, ob R das Angebot angenommen hat"}],"coordinates":[],"confidence":{"state":"pre-added","who":["user:FabianBrese"],"prob":1},"fields":{},"normalizations":{}},{"classId":"e_4","part":"s1v1","offsets":[{"start":1952,"text":"Eine Annahme ist die in Bezug auf ein Angebot abgegebene, empfangsbedürftige Willenserklärung, durch die ein Kaufvertrag zustande kommt"}],"coordinates":[],"confidence":{"state":"pre-added","who":["user:FabianBrese"],"prob":1},"fields":{},"normalizations":{}},{"classId":"e_5","part":"s1v1","offsets":[{"start":2089,"text":"H hat, wie im Sachverhalt geschildert, sich nicht auf die Anfrage von R gemeldet und somit keine ausdrückliche Willenserklärung abgegeben. Da er aber mit einem Luftreiniger bei R erscheint hat er somit eine konkludente Willenserklärung abgegeben."}],"coordinates":[],"confidence":{"state":"pre-added","who":["user:FabianBrese"],"prob":1},"fields":{},"normalizations":{}},{"classId":"e_7","part":"s1v1","offsets":[{"start":2089,"text":"H hat, wie im Sachverhalt geschildert, sich nicht auf die Anfrage von R gemeldet und somit keine ausdrückliche Willenserklärung abgegeben"}],"coordinates":[],"confidence":{"state":"pre-added","who":["user:FabianBrese"],"prob":1},"fields":{},"normalizations":{}},{"classId":"e_6","part":"s1v1","offsets":[{"start":2228,"text":"Da er aber mit einem Luftreiniger bei R erscheint hat er somit eine konkludente Willenserklärung abgegeben"}],"coordinates":[],"confidence":{"state":"pre-added","who":["user:FabianBrese"],"prob":1},"fields":{},"normalizations":{}},{"classId":"e_2","part":"s1v1","offsets":[{"start":2337,"text":"Somit wurde ein Kaufvertrag zwischen den beiden Vertragspartnern abgeschlossen und H hat Anspruch gegenüber R auf Zahlung des Kaufpreises"}],"coordinates":[],"confidence":{"state":"pre-added","who":["user:FabianBrese"],"prob":1},"fields":{},"normalizations":{}}],"relations":[{"classId":"r_3","type":"linked","directed":false,"entities":["s1v1|e_2|987,1079","s1v1|e_1|665,721"],"confidence":{"state":"pre-added","who":["user:FabianBrese"],"prob":1}},{"classId":"r_3","type":"linked","directed":false,"entities":["s1v1|e_2|2337,2473","s1v1|e_1|13,89"],"confidence":{"state":"pre-added","who":["user:FabianBrese"],"prob":1}},{"classId":"r_3","type":"linked","directed":false,"entities":["s1v1|e_2|2337,2473","s1v1|e_1|94,179"],"confidence":{"state":"pre-added","who":["user:FabianBrese"],"prob":1}},{"classId":"r_3","type":"linked","directed":false,"entities":["s1v1|e_2|2337,2473","s1v1|e_1|182,247"],"confidence":{"state":"pre-added","who":["user:FabianBrese"],"prob":1}},{"classId":"r_8","type":"linked","directed":false,"entities":["s1v1|e_7|796,915","s1v1|e_6|918,984"],"confidence":{"state":"pre-added","who":["user:FabianBrese"],"prob":1}},{"classId":"r_8","type":"linked","directed":false,"entities":["s1v1|e_7|1553,1661","s1v1|e_6|1664,1819"],"confidence":{"state":"pre-added","who":["user:FabianBrese"],"prob":1}},{"classId":"r_8","type":"linked","directed":false,"entities":["s1v1|e_7|2089,2225","s1v1|e_6|2228,2333"],"confidence":{"state":"pre-added","who":["user:FabianBrese"],"prob":1}}]}