{"annotatable":{"parts":["s1v1"]},"anncomplete":true,"sources":[],"metas":{},"entities":[{"classId":"e_1","part":"s1v1","offsets":[{"start":13,"text":"K könnte einen Anspruch auf die Übergabe der Maschine an V aus §433 Abs. 1 BGB haben"}],"coordinates":[],"confidence":{"state":"pre-added","who":["user:FabianBrese"],"prob":1},"fields":{},"normalizations":{}},{"classId":"e_4","part":"s1v1","offsets":[{"start":268,"text":"Ein Vertrag wird nach Paragraph 145 ff. BGB durch aufeinander bezogene und übereinstimmende Willenserklärungen beschlossen, dem Angebot und der Annahme"}],"coordinates":[],"confidence":{"state":"pre-added","who":["user:FabianBrese"],"prob":1},"fields":{},"normalizations":{}},{"classId":"e_4","part":"s1v1","offsets":[{"start":446,"text":"Das Angebot ist eine private Willensäußerung, die auf einen rechtlichen Erfolg – nämlich auf einen Vertrag – gerichtet ist"}],"coordinates":[],"confidence":{"state":"pre-added","who":["user:FabianBrese"],"prob":1},"fields":{},"normalizations":{}},{"classId":"e_4","part":"s1v1","offsets":[{"start":570,"text":"Sie besteht aus einen innerem und äußerem Element, welche beide für ihre Wirksamkeit vorliegen müssen"}],"coordinates":[],"confidence":{"state":"pre-added","who":["user:FabianBrese"],"prob":1},"fields":{},"normalizations":{}},{"classId":"e_5","part":"s1v1","offsets":[{"start":674,"text":"V hatte die Arbeitnehmerin A damit beauftragt sich vollständig mit dem Verkauf und somit auch für das Verhandeln und die Abwicklung der Maschine zu kümmern. A Hatte darauffolgend ein befristetes Angebot, bis zum 10.03, der Maschine über einen Wert von 1.000.000€ per Email an K geleitet."}],"coordinates":[],"confidence":{"state":"pre-added","who":["user:FabianBrese"],"prob":1},"fields":{},"normalizations":{}},{"classId":"e_7","part":"s1v1","offsets":[{"start":674,"text":"V hatte die Arbeitnehmerin A damit beauftragt sich vollständig mit dem Verkauf und somit auch für das Verhandeln und die Abwicklung der Maschine zu kümmern"}],"coordinates":[],"confidence":{"state":"pre-added","who":["user:FabianBrese"],"prob":1},"fields":{},"normalizations":{}},{"classId":"e_7","part":"s1v1","offsets":[{"start":831,"text":"A Hatte darauffolgend ein befristetes Angebot, bis zum 10.03, der Maschine über einen Wert von 1.000.000€ per Email an K geleitet"}],"coordinates":[],"confidence":{"state":"pre-added","who":["user:FabianBrese"],"prob":1},"fields":{},"normalizations":{}},{"classId":"e_2","part":"s1v1","offsets":[{"start":962,"text":"Dadurch ist ein wirksames Angebot zustande gekommen"}],"coordinates":[],"confidence":{"state":"pre-added","who":["user:FabianBrese"],"prob":1},"fields":{},"normalizations":{}},{"classId":"e_2","part":"s1v1","offsets":[{"start":1034,"text":"Ein wirksames befristetes Angebot ist von V über A an K zugestellt worden"}],"coordinates":[],"confidence":{"state":"pre-added","who":["user:FabianBrese"],"prob":1},"fields":{},"normalizations":{}},{"classId":"e_4","part":"s1v1","offsets":[{"start":1143,"text":"Unter Willenserklärung versteht man die Entäußerung eines Willens durch eine Person, der auf Herbeiführung einer Rechtsform gerichtet ist"}],"coordinates":[],"confidence":{"state":"pre-added","who":["user:FabianBrese"],"prob":1},"fields":{},"normalizations":{}},{"classId":"e_1","part":"s1v1","offsets":[{"start":1296,"text":"K könnte das vorliegende Angebot von A angenommen haben"}],"coordinates":[],"confidence":{"state":"pre-added","who":["user:FabianBrese"],"prob":1},"fields":{},"normalizations":{}},{"classId":"e_4","part":"s1v1","offsets":[{"start":1366,"text":"Erklärung, mit der eine Person ihr Einverständnis mit einem Angebot ausdrückt und diese mit einem einfachen „Ja“ zustimmten kann"}],"coordinates":[],"confidence":{"state":"pre-added","who":["user:FabianBrese"],"prob":1},"fields":{},"normalizations":{}},{"classId":"e_4","part":"s1v1","offsets":[{"start":1496,"text":"Ein Vertrag kommt durch zwei übereinstimmende Willenserklärungen (s. o.) zustande"}],"coordinates":[],"confidence":{"state":"pre-added","who":["user:FabianBrese"],"prob":1},"fields":{},"normalizations":{}},{"classId":"e_1","part":"s1v1","offsets":[{"start":1580,"text":"K könnte das Angebot von A nach §148 Abs. 1 BGB angenommen haben, jedoch müsste dies innerhalb der Frist erfolgt haben"}],"coordinates":[],"confidence":{"state":"pre-added","who":["user:FabianBrese"],"prob":1},"fields":{},"normalizations":{}},{"classId":"e_5","part":"s1v1","offsets":[{"start":1700,"text":"K verschickte die Annahmeerklärung fristgerecht am Morgen des 10.03. Diese landete im Spamordner."}],"coordinates":[],"confidence":{"state":"pre-added","who":["user:FabianBrese"],"prob":1},"fields":{},"normalizations":{}},{"classId":"e_7","part":"s1v1","offsets":[{"start":1700,"text":"K verschickte die Annahmeerklärung fristgerecht am Morgen des 10.03"}],"coordinates":[],"confidence":{"state":"pre-added","who":["user:FabianBrese"],"prob":1},"fields":{},"normalizations":{}},{"classId":"e_2","part":"s1v1","offsets":[{"start":1798,"text":"Somit liegt eine Annahme, des von A ausgehendem Angebots, von K laut § 148 Abs. 1 BGB vor"}],"coordinates":[],"confidence":{"state":"pre-added","who":["user:FabianBrese"],"prob":1},"fields":{},"normalizations":{}},{"classId":"e_2","part":"s1v1","offsets":[{"start":1911,"text":"Ein wirksamer Kaufvertrag zwischen V und K über den Kauf der Maschine zum Preis von 1 Mio. € ist zustande gekommen"}],"coordinates":[],"confidence":{"state":"pre-added","who":["user:FabianBrese"],"prob":1},"fields":{},"normalizations":{}},{"classId":"e_1","part":"s1v1","offsets":[{"start":2031,"text":"V könnte den Kaufvertrag gemäß §142 Abs. 1 BGB nichtigen, wenn sie ihn wirksam angefochten hat"}],"coordinates":[],"confidence":{"state":"pre-added","who":["user:FabianBrese"],"prob":1},"fields":{},"normalizations":{}},{"classId":"e_2","part":"s1v1","offsets":[{"start":2143,"text":"V hat den wirksamen Kaufvertrag firstgemäß laut §121 Abs. 1 BGB angefochten"}],"coordinates":[],"confidence":{"state":"pre-added","who":["user:FabianBrese"],"prob":1},"fields":{},"normalizations":{}},{"classId":"e_5","part":"s1v1","offsets":[{"start":2220,"text":"V beharrte darauf, dass A den Wert der Maschine falsch bewertet hat und somit kein Vertrag zustande gekommen sei."}],"coordinates":[],"confidence":{"state":"pre-added","who":["user:FabianBrese"],"prob":1},"fields":{},"normalizations":{}},{"classId":"e_7","part":"s1v1","offsets":[{"start":2220,"text":"V beharrte darauf, dass A den Wert der Maschine falsch bewertet hat"}],"coordinates":[],"confidence":{"state":"pre-added","who":["user:FabianBrese"],"prob":1},"fields":{},"normalizations":{}},{"classId":"e_6","part":"s1v1","offsets":[{"start":2288,"text":"und somit kein Vertrag zustande gekommen sei"}],"coordinates":[],"confidence":{"state":"pre-added","who":["user:FabianBrese"],"prob":1},"fields":{},"normalizations":{}},{"classId":"e_2","part":"s1v1","offsets":[{"start":2335,"text":"Da V A gegenüber die volle Verantwortung über den Verkauf der Maschine übergeben hat, und A ein wirksames Angebot im vollen Bewusstsein erstellt und versendet hatte, welches von K angenommen wurde, ist ein wirksamer Kaufvertrag zustande gekommen"}],"coordinates":[],"confidence":{"state":"pre-added","who":["user:FabianBrese"],"prob":1},"fields":{},"normalizations":{}},{"classId":"e_2","part":"s1v1","offsets":[{"start":2601,"text":"Die Anfechtung von V ist nicht wirksam, da das Angebot nicht irrtümlich erfolgte und alle Absichten im Angebot auch so gemeint waren"}],"coordinates":[],"confidence":{"state":"pre-added","who":["user:FabianBrese"],"prob":1},"fields":{},"normalizations":{}},{"classId":"e_2","part":"s1v1","offsets":[{"start":2741,"text":"Dennoch wurde ein Vertrag zwischen K und V durch die Annahme beschlossen der spezifische Rechte und Pflichten der Parteien untereinander verbindlich regelt"}],"coordinates":[],"confidence":{"state":"pre-added","who":["user:FabianBrese"],"prob":1},"fields":{},"normalizations":{}},{"classId":"e_2","part":"s1v1","offsets":[{"start":2967,"text":"K hat Anspruch auf die Übereignung und Übergabe der Maschine von V gem. §433 Abs. 1 BGB"}],"coordinates":[],"confidence":{"state":"pre-added","who":["user:FabianBrese"],"prob":1},"fields":{},"normalizations":{}}],"relations":[{"classId":"r_3","type":"linked","directed":false,"entities":["s1v1|e_2|1798,1886","s1v1|e_1|1580,1697"],"confidence":{"state":"pre-added","who":["user:FabianBrese"],"prob":1}},{"classId":"r_3","type":"linked","directed":false,"entities":["s1v1|e_2|2601,2732","s1v1|e_1|2031,2124"],"confidence":{"state":"pre-added","who":["user:FabianBrese"],"prob":1}},{"classId":"r_3","type":"linked","directed":false,"entities":["s1v1|e_2|2967,3053","s1v1|e_1|13,96"],"confidence":{"state":"pre-added","who":["user:FabianBrese"],"prob":1}},{"classId":"r_8","type":"linked","directed":false,"entities":["s1v1|e_7|2220,2286","s1v1|e_6|2288,2331"],"confidence":{"state":"pre-added","who":["user:FabianBrese"],"prob":1}}]}