{"annotatable":{"parts":["s1v1"]},"anncomplete":true,"sources":[],"metas":{},"entities":[{"classId":"e_1","part":"s1v1","offsets":[{"start":10,"text":"H könnte einen Anspruch auf Zahlung des Kaufpreises in Höhe von 125€ nach §433 II BGB für den Luftreiniger gegen R haben"}],"coordinates":[],"confidence":{"state":"pre-added","who":["user:Frederike"],"prob":1},"fields":{},"normalizations":{}},{"classId":"e_1","part":"s1v1","offsets":[{"start":157,"text":"Dafür müsste ein wirksamer Kaufvertrag vorliegen"}],"coordinates":[],"confidence":{"state":"pre-added","who":["user:Frederike"],"prob":1},"fields":{},"normalizations":{}},{"classId":"e_4","part":"s1v1","offsets":[{"start":235,"text":"Ein Kaufvertrag kommt durch zwei inhaltlich übereinstimmende, aufeinander gerichtete Willenserklärungen zustande: Angebot und Annahme"}],"coordinates":[],"confidence":{"state":"pre-added","who":["user:Frederike"],"prob":1},"fields":{},"normalizations":{}},{"classId":"e_4","part":"s1v1","offsets":[{"start":403,"text":"Eine Willenserklärung ist eine private Willensäußerung, die auf Erzielung einer Rechtsfolge abzielt"}],"coordinates":[],"confidence":{"state":"pre-added","who":["user:Frederike"],"prob":1},"fields":{},"normalizations":{}},{"classId":"e_4","part":"s1v1","offsets":[{"start":528,"text":"Ein Angebot ist eine empfangsbedürftige Willenserklärung, die auf den Abschluss eines Vertrags gerichtet und inhaltlich so bestimmt ist, dass der Vertrag mit der Annahme durch ein schlichten „ja“ zustande kommt"}],"coordinates":[],"confidence":{"state":"pre-added","who":["user:Frederike"],"prob":1},"fields":{},"normalizations":{}},{"classId":"e_4","part":"s1v1","offsets":[{"start":740,"text":"Das Angebot muss die we- sentlichen Vertragsbestandteile (Kaufpreis, Kaufgegenstand, Vertragsparteien) enthal- ten"}],"coordinates":[],"confidence":{"state":"pre-added","who":["user:Frederike"],"prob":1},"fields":{},"normalizations":{}},{"classId":"e_1","part":"s1v1","offsets":[{"start":979,"text":"Das Angebot könnte in der E-Mail von R an H liegen"}],"coordinates":[],"confidence":{"state":"pre-added","who":["user:Frederike"],"prob":1},"fields":{},"normalizations":{}},{"classId":"e_5","part":"s1v1","offsets":[{"start":1031,"text":"Das Angebot von R richtet sich nach dem Empfängerhorizont von H."}],"coordinates":[],"confidence":{"state":"pre-added","who":["user:Frederike"],"prob":1},"fields":{},"normalizations":{}},{"classId":"e_7","part":"s1v1","offsets":[{"start":1031,"text":"Das Angebot von R richtet sich nach dem Empfängerhorizont von H"}],"coordinates":[],"confidence":{"state":"pre-added","who":["user:Frederike"],"prob":1},"fields":{},"normalizations":{}},{"classId":"e_2","part":"s1v1","offsets":[{"start":1126,"text":"Mit der E-Mail von R liegt ein Angebot an H vor"}],"coordinates":[],"confidence":{"state":"pre-added","who":["user:Frederike"],"prob":1},"fields":{},"normalizations":{}},{"classId":"e_4","part":"s1v1","offsets":[{"start":1199,"text":"Eine Annahme ist eine empfangsbedürftige Willenserklärung, durch die die andere Vertragspartei ein Angebot einschränkungslos du rechtzeitig akzep- tiert und dadurch den Vertragsschluss bewirkt hat"}],"coordinates":[],"confidence":{"state":"pre-added","who":["user:Frederike"],"prob":1},"fields":{},"normalizations":{}},{"classId":"e_1","part":"s1v1","offsets":[{"start":1415,"text":"Durch die Lieferung von H an R könnte eine Annahme vorliegen"}],"coordinates":[],"confidence":{"state":"pre-added","who":["user:Frederike"],"prob":1},"fields":{},"normalizations":{}},{"classId":"e_2","part":"s1v1","offsets":[{"start":1507,"text":"Annahme liegt in der Lieferung des Luftreinigers an R vor"}],"coordinates":[],"confidence":{"state":"pre-added","who":["user:Frederike"],"prob":1},"fields":{},"normalizations":{}},{"classId":"e_2","part":"s1v1","offsets":[{"start":1588,"text":"Somit liegen zwei Willenserklärungen vor"}],"coordinates":[],"confidence":{"state":"pre-added","who":["user:Frederike"],"prob":1},"fields":{},"normalizations":{}},{"classId":"e_1","part":"s1v1","offsets":[{"start":1760,"text":"Der KV könnte durch eine Anfechtung §142 I BGB untergegangen sein"}],"coordinates":[],"confidence":{"state":"pre-added","who":["user:Frederike"],"prob":1},"fields":{},"normalizations":{}},{"classId":"e_1","part":"s1v1","offsets":[{"start":2036,"text":"Zunächst müsste ein Anfechtungsgrund gemäß §119 I BGB vorliegen"}],"coordinates":[],"confidence":{"state":"pre-added","who":["user:Frederike"],"prob":1},"fields":{},"normalizations":{}},{"classId":"e_1","part":"s1v1","offsets":[{"start":2344,"text":"Durch das Missverständnis könnte ein Inhaltsirrtum vorliegen"}],"coordinates":[],"confidence":{"state":"pre-added","who":["user:Frederike"],"prob":1},"fields":{},"normalizations":{}},{"classId":"e_5","part":"s1v1","offsets":[{"start":2430,"text":"R hat sich nicht in der Erklärung geirrt, weil sie ein Modellname genannt hat."}],"coordinates":[],"confidence":{"state":"pre-added","who":["user:Frederike"],"prob":1},"fields":{},"normalizations":{}},{"classId":"e_6","part":"s1v1","offsets":[{"start":2430,"text":"R hat sich nicht in der Erklärung geirrt"}],"coordinates":[],"confidence":{"state":"pre-added","who":["user:Frederike"],"prob":1},"fields":{},"normalizations":{}},{"classId":"e_7","part":"s1v1","offsets":[{"start":2472,"text":"weil sie ein Modellname genannt hat"}],"coordinates":[],"confidence":{"state":"pre-added","who":["user:Frederike"],"prob":1},"fields":{},"normalizations":{}},{"classId":"e_1","part":"s1v1","offsets":[{"start":2660,"text":"Durch Auswählen der falschen Email-Adresse durch R könnte ein Er- klärungsirrtum vorliegen"}],"coordinates":[],"confidence":{"state":"pre-added","who":["user:Frederike"],"prob":1},"fields":{},"normalizations":{}},{"classId":"e_5","part":"s1v1","offsets":[{"start":2776,"text":"Ein Erklärungsirrtum liegt vor, da R die falsche E-Mail-Adresse ausgewählt hat."}],"coordinates":[],"confidence":{"state":"pre-added","who":["user:Frederike"],"prob":1},"fields":{},"normalizations":{}},{"classId":"e_6","part":"s1v1","offsets":[{"start":2776,"text":"Ein Erklärungsirrtum liegt vor"}],"coordinates":[],"confidence":{"state":"pre-added","who":["user:Frederike"],"prob":1},"fields":{},"normalizations":{}},{"classId":"e_7","part":"s1v1","offsets":[{"start":2808,"text":"da R die falsche E-Mail-Adresse ausgewählt hat"}],"coordinates":[],"confidence":{"state":"pre-added","who":["user:Frederike"],"prob":1},"fields":{},"normalizations":{}},{"classId":"e_2","part":"s1v1","offsets":[{"start":2856,"text":"Somit liegt ein Anfechtungsgrund vor"}],"coordinates":[],"confidence":{"state":"pre-added","who":["user:Frederike"],"prob":1},"fields":{},"normalizations":{}},{"classId":"e_1","part":"s1v1","offsets":[{"start":2908,"text":"Des Weiteren müsste eine Anfechtungserklärung gemäß §143 I BGB vorlie- gen"}],"coordinates":[],"confidence":{"state":"pre-added","who":["user:Frederike"],"prob":1},"fields":{},"normalizations":{}},{"classId":"e_4","part":"s1v1","offsets":[{"start":3023,"text":"Eine Anfechtungserklärung ist jede Willenser- klärung, die aus der Sicht eines redlichen Empfängers erkennen lässt, dass ein be- stimmtes Rechtsgeschäft rückwirkend beseitigt werden soll"}],"coordinates":[],"confidence":{"state":"pre-added","who":["user:Frederike"],"prob":1},"fields":{},"normalizations":{}},{"classId":"e_2","part":"s1v1","offsets":[{"start":3347,"text":"Anfechtungserklärung liegt vor"}],"coordinates":[],"confidence":{"state":"pre-added","who":["user:Frederike"],"prob":1},"fields":{},"normalizations":{}},{"classId":"e_1","part":"s1v1","offsets":[{"start":3383,"text":"Des Weiteren müsste nach §121 I 1 BGB eine Anfechtungsfrist eingehalten werden"}],"coordinates":[],"confidence":{"state":"pre-added","who":["user:Frederike"],"prob":1},"fields":{},"normalizations":{}},{"classId":"e_4","part":"s1v1","offsets":[{"start":3498,"text":"Die Anfechtung nach §121 I 1 BGB muss „unverzüg- lich“ (Legaldefinition in § 121 I BGB) ab Kenntnis von dem Anfechtungsgrund erfol- gen"}],"coordinates":[],"confidence":{"state":"pre-added","who":["user:Frederike"],"prob":1},"fields":{},"normalizations":{}},{"classId":"e_5","part":"s1v1","offsets":[{"start":3653,"text":"R hat durch das Senden der E-Mail keine Kenntnis des Missverständ- nisses erlangt. R hat ab Verweigerung das Rechtsgeschäft unverzüglich angefoch- ten."}],"coordinates":[],"confidence":{"state":"pre-added","who":["user:Frederike"],"prob":1},"fields":{},"normalizations":{}},{"classId":"e_7","part":"s1v1","offsets":[{"start":3653,"text":"R hat durch das Senden der E-Mail keine Kenntnis des Missverständ- nisses erlangt"}],"coordinates":[],"confidence":{"state":"pre-added","who":["user:Frederike"],"prob":1},"fields":{},"normalizations":{}},{"classId":"e_7","part":"s1v1","offsets":[{"start":3736,"text":"R hat ab Verweigerung das Rechtsgeschäft unverzüglich angefoch- ten"}],"coordinates":[],"confidence":{"state":"pre-added","who":["user:Frederike"],"prob":1},"fields":{},"normalizations":{}},{"classId":"e_2","part":"s1v1","offsets":[{"start":3829,"text":"Anfechtungsfrist wurde gemäß §121 I 1 BGB eingehalten"}],"coordinates":[],"confidence":{"state":"pre-added","who":["user:Frederike"],"prob":1},"fields":{},"normalizations":{}},{"classId":"e_2","part":"s1v1","offsets":[{"start":3901,"text":"Anfechtung liegt nach §142 I BGB vor, dadurch wird das Rechtsgeschäft ex tunc, da sie von Anfang an als nichtig anzusehen ist"}],"coordinates":[],"confidence":{"state":"pre-added","who":["user:Frederike"],"prob":1},"fields":{},"normalizations":{}},{"classId":"e_2","part":"s1v1","offsets":[{"start":4028,"text":"Somit ist der Kaufvertrag unter- gegangen"}],"coordinates":[],"confidence":{"state":"pre-added","who":["user:Frederike"],"prob":1},"fields":{},"normalizations":{}},{"classId":"e_2","part":"s1v1","offsets":[{"start":4099,"text":"H hat gemäß §433 II BGB keinen Anspruch auf Zahlung des Kaufpreises, in Höhe von 125€, für den Luftreiniger gegen R"}],"coordinates":[],"confidence":{"state":"pre-added","who":["user:Frederike"],"prob":1},"fields":{},"normalizations":{}}],"relations":[{"classId":"r_3","type":"linked","directed":false,"entities":["s1v1|e_1|979,1028","s1v1|e_2|1126,1172"],"confidence":{"state":"pre-added","who":["user:Frederike"],"prob":1}},{"classId":"r_3","type":"linked","directed":false,"entities":["s1v1|e_2|1507,1563","s1v1|e_1|1415,1474"],"confidence":{"state":"pre-added","who":["user:Frederike"],"prob":1}},{"classId":"r_3","type":"linked","directed":false,"entities":["s1v1|e_1|2036,2098","s1v1|e_2|2856,2891"],"confidence":{"state":"pre-added","who":["user:Frederike"],"prob":1}},{"classId":"r_3","type":"linked","directed":false,"entities":["s1v1|e_2|3347,3376","s1v1|e_1|2908,2981"],"confidence":{"state":"pre-added","who":["user:Frederike"],"prob":1}},{"classId":"r_3","type":"linked","directed":false,"entities":["s1v1|e_1|3383,3460","s1v1|e_2|3829,3881"],"confidence":{"state":"pre-added","who":["user:Frederike"],"prob":1}},{"classId":"r_3","type":"linked","directed":false,"entities":["s1v1|e_2|4028,4068","s1v1|e_1|1760,1824"],"confidence":{"state":"pre-added","who":["user:Frederike"],"prob":1}},{"classId":"r_3","type":"linked","directed":false,"entities":["s1v1|e_2|4099,4213","s1v1|e_1|10,129"],"confidence":{"state":"pre-added","who":["user:Frederike"],"prob":1}},{"classId":"r_8","type":"linked","directed":false,"entities":["s1v1|e_6|2430,2469","s1v1|e_7|2472,2506"],"confidence":{"state":"pre-added","who":["user:Frederike"],"prob":1}},{"classId":"r_8","type":"linked","directed":false,"entities":["s1v1|e_6|2776,2805","s1v1|e_7|2808,2853"],"confidence":{"state":"pre-added","who":["user:Frederike"],"prob":1}}]}