{"annotatable":{"parts":["s1v1"]},"anncomplete":true,"sources":[],"metas":{},"entities":[{"classId":"e_1","part":"s1v1","offsets":[{"start":12,"text":"K könnte gem. §433 Abs. 1 Satz 1 BGB einen Anspruch auf Übergabe und Übereignung der Maschine im Wert von 1.000.000€ haben"}],"coordinates":[],"confidence":{"state":"pre-added","who":["user:FabianBrese"],"prob":1},"fields":{},"normalizations":{}},{"classId":"e_1","part":"s1v1","offsets":[{"start":160,"text":"Dafür muss ein wirksamer Kaufvertrag zwischen K und V gem. § 433 BGB geschlossen worden sein"}],"coordinates":[],"confidence":{"state":"pre-added","who":["user:FabianBrese"],"prob":1},"fields":{},"normalizations":{}},{"classId":"e_4","part":"s1v1","offsets":[{"start":254,"text":"Ein Vertrag kommt zustande, wenn ein Angebot und eine Annahme, bzw. zwei in Bezug aufeinander angegebene inhaltlich übereinstimmende Willenserklärungen gem. §§145 ff. BGB, vorliegen"}],"coordinates":[],"confidence":{"state":"pre-added","who":["user:FabianBrese"],"prob":1},"fields":{},"normalizations":{}},{"classId":"e_1","part":"s1v1","offsets":[{"start":449,"text":"Fraglich ist, ob ein Angebot durch V vorliegt"}],"coordinates":[],"confidence":{"state":"pre-added","who":["user:FabianBrese"],"prob":1},"fields":{},"normalizations":{}},{"classId":"e_4","part":"s1v1","offsets":[{"start":496,"text":"Ein Angebot ist eine empfangsbedürftige Willenserklärung durch die einem anderen der Vertragsschluss unter Festlegung der wesentlichen Vertragsbestandteile, den essentialia negotii (Preis, Parteien, Gegenstand), so angetragen wird, dass das Zustandekommen des Vertrags nur von dessen Zustimmung abhängt"}],"coordinates":[],"confidence":{"state":"pre-added","who":["user:FabianBrese"],"prob":1},"fields":{},"normalizations":{}},{"classId":"e_5","part":"s1v1","offsets":[{"start":800,"text":"K erklärt, dass er die Maschine für 1.000.000€ von V kaufen möchte. Es sind also der Kaufgegenstand (Maschine) und der Kaufpreis (1.000.000€) deutlich."}],"coordinates":[],"confidence":{"state":"pre-added","who":["user:FabianBrese"],"prob":1},"fields":{},"normalizations":{}},{"classId":"e_7","part":"s1v1","offsets":[{"start":800,"text":"K erklärt, dass er die Maschine für 1.000.000€ von V kaufen möchte"}],"coordinates":[],"confidence":{"state":"pre-added","who":["user:FabianBrese"],"prob":1},"fields":{},"normalizations":{}},{"classId":"e_6","part":"s1v1","offsets":[{"start":868,"text":"Es sind also der Kaufgegenstand (Maschine) und der Kaufpreis (1.000.000€) deutlich"}],"coordinates":[],"confidence":{"state":"pre-added","who":["user:FabianBrese"],"prob":1},"fields":{},"normalizations":{}},{"classId":"e_1","part":"s1v1","offsets":[{"start":1033,"text":"Fraglich ist, ob A ein Empfangsvertreter von V ist"}],"coordinates":[],"confidence":{"state":"pre-added","who":["user:FabianBrese"],"prob":1},"fields":{},"normalizations":{}},{"classId":"e_7","part":"s1v1","offsets":[{"start":1234,"text":"V trug A auf eigenverantwortlich zu handeln und abzuwickeln"}],"coordinates":[],"confidence":{"state":"pre-added","who":["user:FabianBrese"],"prob":1},"fields":{},"normalizations":{}},{"classId":"e_5","part":"s1v1","offsets":[{"start":1234,"text":"V trug A auf eigenverantwortlich zu handeln und abzuwickeln."}],"coordinates":[],"confidence":{"state":"pre-added","who":["user:FabianBrese"],"prob":1},"fields":{},"normalizations":{}},{"classId":"e_2","part":"s1v1","offsets":[{"start":1295,"text":"Somit ist A ein rechtmäßiger Empfangsvertreter für V"}],"coordinates":[],"confidence":{"state":"pre-added","who":["user:FabianBrese"],"prob":1},"fields":{},"normalizations":{}},{"classId":"e_2","part":"s1v1","offsets":[{"start":1350,"text":"Es handelt sich somit um ein Angebot durch den A, stellvertretend für V"}],"coordinates":[],"confidence":{"state":"pre-added","who":["user:FabianBrese"],"prob":1},"fields":{},"normalizations":{}},{"classId":"e_1","part":"s1v1","offsets":[{"start":1435,"text":"Fraglich ist, ob K das Angebot angenommen hat"}],"coordinates":[],"confidence":{"state":"pre-added","who":["user:FabianBrese"],"prob":1},"fields":{},"normalizations":{}},{"classId":"e_4","part":"s1v1","offsets":[{"start":1482,"text":"Eine Annahme ist die in Bezug auf ein Angebot abgegebene, empfangsbedürftige Willenserklärung, durch die ein Kaufvertrag zustande kommt"}],"coordinates":[],"confidence":{"state":"pre-added","who":["user:FabianBrese"],"prob":1},"fields":{},"normalizations":{}},{"classId":"e_7","part":"s1v1","offsets":[{"start":1619,"text":"V hat im Bezug auf die Annahme die Herausgabe der Maschine verweigert, obwohl die Annahme von K rechtzeitig am 10.03. bei V, bzw. A eingegangen ist"}],"coordinates":[],"confidence":{"state":"pre-added","who":["user:FabianBrese"],"prob":1},"fields":{},"normalizations":{}},{"classId":"e_6","part":"s1v1","offsets":[{"start":1768,"text":"Ihre Wirksamkeit entsteht durch Abgabe und Zugang gem. §130 I Abs. 1 BGB"}],"coordinates":[],"confidence":{"state":"pre-added","who":["user:FabianBrese"],"prob":1},"fields":{},"normalizations":{}},{"classId":"e_1","part":"s1v1","offsets":[{"start":1853,"text":"Fraglich ist, ob eine Abgabe durch K vorliegt"}],"coordinates":[],"confidence":{"state":"pre-added","who":["user:FabianBrese"],"prob":1},"fields":{},"normalizations":{}},{"classId":"e_4","part":"s1v1","offsets":[{"start":1900,"text":"Eine Willenserklärung gilt als abgegeben, wenn die Erklärung vom Erklärenden willentlich so in den Verkehr gebracht wurde, dass unter normalen Umständen mit dem Zugang gerechnet werden kann"}],"coordinates":[],"confidence":{"state":"pre-added","who":["user:FabianBrese"],"prob":1},"fields":{},"normalizations":{}},{"classId":"e_5","part":"s1v1","offsets":[{"start":2091,"text":"K reichte die Annahmeerklärung rechtzeitig am 10.03. per Mail bei dem V ein."}],"coordinates":[],"confidence":{"state":"pre-added","who":["user:FabianBrese"],"prob":1},"fields":{},"normalizations":{}},{"classId":"e_7","part":"s1v1","offsets":[{"start":2091,"text":"K reichte die Annahmeerklärung rechtzeitig am 10.03. per Mail bei dem V ein"}],"coordinates":[],"confidence":{"state":"pre-added","who":["user:FabianBrese"],"prob":1},"fields":{},"normalizations":{}},{"classId":"e_2","part":"s1v1","offsets":[{"start":2168,"text":"Es handelt sich somit um eine Abgabe durch den K"}],"coordinates":[],"confidence":{"state":"pre-added","who":["user:FabianBrese"],"prob":1},"fields":{},"normalizations":{}},{"classId":"e_1","part":"s1v1","offsets":[{"start":2228,"text":"Fraglich ist, ob das Angebot bei V zugegangen ist"}],"coordinates":[],"confidence":{"state":"pre-added","who":["user:FabianBrese"],"prob":1},"fields":{},"normalizations":{}},{"classId":"e_4","part":"s1v1","offsets":[{"start":2279,"text":"Eine empfangsbedürftige Willenserklärung geht spätestens in dem Zeitpunkt zu, in dem sie so in den Machtbereich des Empfängers gelangt, dass für ihn unter normalen Verhältnissen die Möglichkeit besteht, vom Inhalt der Erklärung Kenntnis zu nehmen"}],"coordinates":[],"confidence":{"state":"pre-added","who":["user:FabianBrese"],"prob":1},"fields":{},"normalizations":{}},{"classId":"e_7","part":"s1v1","offsets":[{"start":2527,"text":"Der K reichte seine Willenserklärung pünktlich am 10.03. per Mail ein"}],"coordinates":[],"confidence":{"state":"pre-added","who":["user:FabianBrese"],"prob":1},"fields":{},"normalizations":{}},{"classId":"e_5","part":"s1v1","offsets":[{"start":2527,"text":"Der K reichte seine Willenserklärung pünktlich am 10.03. per Mail ein. Die Mail landete jedoch bei A, dem rechtmäßigen Stellvertreter von V, im Spam-Ordner. Dies liegt im Machtbereich von A und hat keine Auswirkungen auf die Annahmeerklärung von K."}],"coordinates":[],"confidence":{"state":"pre-added","who":["user:FabianBrese"],"prob":1},"fields":{},"normalizations":{}},{"classId":"e_7","part":"s1v1","offsets":[{"start":2598,"text":"Die Mail landete jedoch bei A, dem rechtmäßigen Stellvertreter von V, im Spam-Ordner"}],"coordinates":[],"confidence":{"state":"pre-added","who":["user:FabianBrese"],"prob":1},"fields":{},"normalizations":{}},{"classId":"e_6","part":"s1v1","offsets":[{"start":2684,"text":"Dies liegt im Machtbereich von A und hat keine Auswirkungen auf die Annahmeerklärung von K"}],"coordinates":[],"confidence":{"state":"pre-added","who":["user:FabianBrese"],"prob":1},"fields":{},"normalizations":{}},{"classId":"e_2","part":"s1v1","offsets":[{"start":2776,"text":"Es handelt sich somit um den Zugang durch den K"}],"coordinates":[],"confidence":{"state":"pre-added","who":["user:FabianBrese"],"prob":1},"fields":{},"normalizations":{}},{"classId":"e_2","part":"s1v1","offsets":[{"start":2826,"text":"Somit liegt ein Angebot durch den K vor"}],"coordinates":[],"confidence":{"state":"pre-added","who":["user:FabianBrese"],"prob":1},"fields":{},"normalizations":{}},{"classId":"e_2","part":"s1v1","offsets":[{"start":2880,"text":"Damit liegt ein wirksamer Kaufvertrag gem. § 433 BGB vor"}],"coordinates":[],"confidence":{"state":"pre-added","who":["user:FabianBrese"],"prob":1},"fields":{},"normalizations":{}},{"classId":"e_2","part":"s1v1","offsets":[{"start":2938,"text":"Der Anspruch ist entstanden"}],"coordinates":[],"confidence":{"state":"pre-added","who":["user:FabianBrese"],"prob":1},"fields":{},"normalizations":{}},{"classId":"e_5","part":"s1v1","offsets":[{"start":2994,"text":"Da sich nichts Gegenteiliges aus dem Sachverhalt ergibt, ist davon auszugehen, dass der Anspruch nicht untergegangen ist."}],"coordinates":[],"confidence":{"state":"pre-added","who":["user:FabianBrese"],"prob":1},"fields":{},"normalizations":{}},{"classId":"e_7","part":"s1v1","offsets":[{"start":2994,"text":"Da sich nichts Gegenteiliges aus dem Sachverhalt ergibt"}],"coordinates":[],"confidence":{"state":"pre-added","who":["user:FabianBrese"],"prob":1},"fields":{},"normalizations":{}},{"classId":"e_6","part":"s1v1","offsets":[{"start":3051,"text":"ist davon auszugehen, dass der Anspruch nicht untergegangen ist"}],"coordinates":[],"confidence":{"state":"pre-added","who":["user:FabianBrese"],"prob":1},"fields":{},"normalizations":{}},{"classId":"e_5","part":"s1v1","offsets":[{"start":3142,"text":"Da sich nichts Gegenteiliges aus dem Sachverhalt ergibt, ist davon auszugehen, dass der Anspruch durchsetzbar ist."}],"coordinates":[],"confidence":{"state":"pre-added","who":["user:FabianBrese"],"prob":1},"fields":{},"normalizations":{}},{"classId":"e_7","part":"s1v1","offsets":[{"start":3142,"text":"Da sich nichts Gegenteiliges aus dem Sachverhalt ergibt"}],"coordinates":[],"confidence":{"state":"pre-added","who":["user:FabianBrese"],"prob":1},"fields":{},"normalizations":{}},{"classId":"e_6","part":"s1v1","offsets":[{"start":3199,"text":"ist davon auszugehen, dass der Anspruch durchsetzbar ist"}],"coordinates":[],"confidence":{"state":"pre-added","who":["user:FabianBrese"],"prob":1},"fields":{},"normalizations":{}}],"relations":[{"classId":"r_3","type":"linked","directed":false,"entities":["s1v1|e_1|449,493","s1v1|e_2|1350,1420"],"confidence":{"state":"pre-added","who":["user:FabianBrese"],"prob":1}},{"classId":"r_3","type":"linked","directed":false,"entities":["s1v1|e_2|1295,1346","s1v1|e_1|1033,1082"],"confidence":{"state":"pre-added","who":["user:FabianBrese"],"prob":1}},{"classId":"r_3","type":"linked","directed":false,"entities":["s1v1|e_2|2168,2215","s1v1|e_1|1853,1897"],"confidence":{"state":"pre-added","who":["user:FabianBrese"],"prob":1}},{"classId":"r_3","type":"linked","directed":false,"entities":["s1v1|e_2|2776,2822","s1v1|e_1|2228,2276"],"confidence":{"state":"pre-added","who":["user:FabianBrese"],"prob":1}},{"classId":"r_3","type":"linked","directed":false,"entities":["s1v1|e_2|2880,2935","s1v1|e_1|160,251"],"confidence":{"state":"pre-added","who":["user:FabianBrese"],"prob":1}},{"classId":"r_3","type":"linked","directed":false,"entities":["s1v1|e_2|2938,2964","s1v1|e_1|12,133"],"confidence":{"state":"pre-added","who":["user:FabianBrese"],"prob":1}},{"classId":"r_8","type":"linked","directed":false,"entities":["s1v1|e_7|800,865","s1v1|e_6|868,949"],"confidence":{"state":"pre-added","who":["user:FabianBrese"],"prob":1}},{"classId":"r_8","type":"linked","directed":false,"entities":["s1v1|e_7|2598,2681","s1v1|e_6|2684,2773"],"confidence":{"state":"pre-added","who":["user:FabianBrese"],"prob":1}},{"classId":"r_8","type":"linked","directed":false,"entities":["s1v1|e_7|2994,3048","s1v1|e_6|3051,3113"],"confidence":{"state":"pre-added","who":["user:FabianBrese"],"prob":1}},{"classId":"r_8","type":"linked","directed":false,"entities":["s1v1|e_7|3142,3196","s1v1|e_6|3199,3254"],"confidence":{"state":"pre-added","who":["user:FabianBrese"],"prob":1}}]}