{"annotatable":{"parts":["s1v1"]},"anncomplete":true,"sources":[],"metas":{},"entities":[{"classId":"e_1","part":"s1v1","offsets":[{"start":22,"text":"K könnte gegen V einen Anspruch auf Übergabe und Übereignung der Maschine gem. § 433 I BGB gegen einen Kaufpreis von 1.000.000€ haben"}],"coordinates":[],"confidence":{"state":"pre-added","who":["user:Frederike"],"prob":1},"fields":{},"normalizations":{}},{"classId":"e_1","part":"s1v1","offsets":[{"start":173,"text":"Hierfür müsste zwischen A und K ein wirksamer Kaufvertrag zustande gekommen sein"}],"coordinates":[],"confidence":{"state":"pre-added","who":["user:Frederike"],"prob":1},"fields":{},"normalizations":{}},{"classId":"e_4","part":"s1v1","offsets":[{"start":255,"text":"Ein Kaufvertrag besteht aus zwei inhaltlich übereinstimmenden Willenserklärungen in Form von Angebot und Annahmen gem. § 145 ff. BGB"}],"coordinates":[],"confidence":{"state":"pre-added","who":["user:Frederike"],"prob":1},"fields":{},"normalizations":{}},{"classId":"e_1","part":"s1v1","offsets":[{"start":400,"text":"Möglicherweise hat V dem K ein Angebot gemacht, indem sie A beauftragt hat den Verkauf der Maschine abzuwickeln"}],"coordinates":[],"confidence":{"state":"pre-added","who":["user:Frederike"],"prob":1},"fields":{},"normalizations":{}},{"classId":"e_4","part":"s1v1","offsets":[{"start":514,"text":"Ein Angebot ist eine empfangsbedürftige Willenserklärung, durch die ein Vertragsabschluss, unter Festlegung der essentialia negotii mit der Zustimmung des Erklärungsempfängers, erzielt wird"}],"coordinates":[],"confidence":{"state":"pre-added","who":["user:Frederike"],"prob":1},"fields":{},"normalizations":{}},{"classId":"e_5","part":"s1v1","offsets":[{"start":706,"text":"V hat A damit beauftragt den Verkauf eigenverantwortlich zu verhandeln und abzuwickeln."}],"coordinates":[],"confidence":{"state":"pre-added","who":["user:Frederike"],"prob":1},"fields":{},"normalizations":{}},{"classId":"e_7","part":"s1v1","offsets":[{"start":706,"text":"V hat A damit beauftragt den Verkauf eigenverantwortlich zu verhandeln und abzuwickeln"}],"coordinates":[],"confidence":{"state":"pre-added","who":["user:Frederike"],"prob":1},"fields":{},"normalizations":{}},{"classId":"e_2","part":"s1v1","offsets":[{"start":794,"text":"Es wurde demnach ein Angebot gem. § 294 BGB mit Befristung gem. § 163 BGB verschickt"}],"coordinates":[],"confidence":{"state":"pre-added","who":["user:Frederike"],"prob":1},"fields":{},"normalizations":{}},{"classId":"e_1","part":"s1v1","offsets":[{"start":1057,"text":"Fraglich ist, ob der äußere Tatbestand vorliegt"}],"coordinates":[],"confidence":{"state":"pre-added","who":["user:Frederike"],"prob":1},"fields":{},"normalizations":{}},{"classId":"e_4","part":"s1v1","offsets":[{"start":1106,"text":"Der äußere Tatbestand einer Willenserklärung liegt vor, wenn das infrage stehende Verhalten nach dem objektiven Empfängerhorizont unter Berücksichtigung der Verkehrsauffassung und nach Treu und Glauben (gem. §§ 133, 157 BGB) als rechtlich bindende Willenserklärung verstanden werden kann"}],"coordinates":[],"confidence":{"state":"pre-added","who":["user:Frederike"],"prob":1},"fields":{},"normalizations":{}},{"classId":"e_5","part":"s1v1","offsets":[{"start":1395,"text":"Durch Beauftragung der A hat V eine Willenserklärung nach dem objektiven Empfängerhorizont abgegeben."}],"coordinates":[],"confidence":{"state":"pre-added","who":["user:Frederike"],"prob":1},"fields":{},"normalizations":{}},{"classId":"e_7","part":"s1v1","offsets":[{"start":1395,"text":"Durch Beauftragung der A hat V eine Willenserklärung nach dem objektiven Empfängerhorizont abgegeben"}],"coordinates":[],"confidence":{"state":"pre-added","who":["user:Frederike"],"prob":1},"fields":{},"normalizations":{}},{"classId":"e_2","part":"s1v1","offsets":[{"start":1497,"text":"Der äußere Tatbestand liegt vor"}],"coordinates":[],"confidence":{"state":"pre-added","who":["user:Frederike"],"prob":1},"fields":{},"normalizations":{}},{"classId":"e_1","part":"s1v1","offsets":[{"start":1577,"text":"Fraglich ist, ob der innere Tatbestand vorliegt"}],"coordinates":[],"confidence":{"state":"pre-added","who":["user:Frederike"],"prob":1},"fields":{},"normalizations":{}},{"classId":"e_5","part":"s1v1","offsets":[{"start":1681,"text":"Handlungswille ist gegeben, wenn V im Bewusstsein gehandelt hat, dass sie irgendeine menschliche Handlung vornimmt. V hat A beauftragt, mit dem Ziel aus dem Geschäft auszusteigen. V war sich ihrer Handlung bewusst, weshalb Handlungswille vorliegt."}],"coordinates":[],"confidence":{"state":"pre-added","who":["user:Frederike"],"prob":1},"fields":{},"normalizations":{}},{"classId":"e_7","part":"s1v1","offsets":[{"start":1797,"text":"V hat A beauftragt, mit dem Ziel aus dem Geschäft auszusteigen"}],"coordinates":[],"confidence":{"state":"pre-added","who":["user:Frederike"],"prob":1},"fields":{},"normalizations":{}},{"classId":"e_7","part":"s1v1","offsets":[{"start":1861,"text":"V war sich ihrer Handlung bewusst"}],"coordinates":[],"confidence":{"state":"pre-added","who":["user:Frederike"],"prob":1},"fields":{},"normalizations":{}},{"classId":"e_6","part":"s1v1","offsets":[{"start":1896,"text":"weshalb Handlungswille vorliegt"}],"coordinates":[],"confidence":{"state":"pre-added","who":["user:Frederike"],"prob":1},"fields":{},"normalizations":{}},{"classId":"e_1","part":"s1v1","offsets":[{"start":1956,"text":"Fraglich ist ob dich V bewusst war, eine rechtlich bindende Erklärung abzugeben"}],"coordinates":[],"confidence":{"state":"pre-added","who":["user:Frederike"],"prob":1},"fields":{},"normalizations":{}},{"classId":"e_4","part":"s1v1","offsets":[{"start":2037,"text":"Das Erklärungsbewusstsein ist der Wille, durch eigenes Verhalten eine rechtgeschäftliche Erklärung abzugeben"}],"coordinates":[],"confidence":{"state":"pre-added","who":["user:Frederike"],"prob":1},"fields":{},"normalizations":{}},{"classId":"e_5","part":"s1v1","offsets":[{"start":2147,"text":"Dadurch das V aus dem Geschäft aussteigen wollte, war sie sich bewusst durch den Maschinenverkauf ein Rechtgeschäft zu bewirken."}],"coordinates":[],"confidence":{"state":"pre-added","who":["user:Frederike"],"prob":1},"fields":{},"normalizations":{}},{"classId":"e_7","part":"s1v1","offsets":[{"start":2147,"text":"Dadurch das V aus dem Geschäft aussteigen wollte"}],"coordinates":[],"confidence":{"state":"pre-added","who":["user:Frederike"],"prob":1},"fields":{},"normalizations":{}},{"classId":"e_6","part":"s1v1","offsets":[{"start":2197,"text":"war sie sich bewusst durch den Maschinenverkauf ein Rechtgeschäft zu bewirken"}],"coordinates":[],"confidence":{"state":"pre-added","who":["user:Frederike"],"prob":1},"fields":{},"normalizations":{}},{"classId":"e_2","part":"s1v1","offsets":[{"start":2276,"text":"Erklärungsbewusstsein liegt demnach vor"}],"coordinates":[],"confidence":{"state":"pre-added","who":["user:Frederike"],"prob":1},"fields":{},"normalizations":{}},{"classId":"e_4","part":"s1v1","offsets":[{"start":2375,"text":"Der Geschäftswille bezeichnet den Willen, der auf den Abschluss eines Rechtgeschäfts gerichtet ist"}],"coordinates":[],"confidence":{"state":"pre-added","who":["user:Frederike"],"prob":1},"fields":{},"normalizations":{}},{"classId":"e_5","part":"s1v1","offsets":[{"start":2475,"text":"V wollte zum Zeitpunkt der Abgabe des Angebots ein verbindliches Rechtsgeschäft bewirken. Nach Ende der Frist verändern sich die externen Gegebenheiten, weshalb V ihre Meinung ändert. Da dies jedoch nach Angebotsabgabe erfolgt ist, liegt im Zeitpunkt der Abgabe Geschäftswille vor."}],"coordinates":[],"confidence":{"state":"pre-added","who":["user:Frederike"],"prob":1},"fields":{},"normalizations":{}},{"classId":"e_7","part":"s1v1","offsets":[{"start":2475,"text":"V wollte zum Zeitpunkt der Abgabe des Angebots ein verbindliches Rechtsgeschäft bewirken"}],"coordinates":[],"confidence":{"state":"pre-added","who":["user:Frederike"],"prob":1},"fields":{},"normalizations":{}},{"classId":"e_7","part":"s1v1","offsets":[{"start":2565,"text":"Nach Ende der Frist verändern sich die externen Gegebenheiten, weshalb V ihre Meinung ändert"}],"coordinates":[],"confidence":{"state":"pre-added","who":["user:Frederike"],"prob":1},"fields":{},"normalizations":{}},{"classId":"e_7","part":"s1v1","offsets":[{"start":2659,"text":"Da dies jedoch nach Angebotsabgabe erfolgt ist"}],"coordinates":[],"confidence":{"state":"pre-added","who":["user:Frederike"],"prob":1},"fields":{},"normalizations":{}},{"classId":"e_6","part":"s1v1","offsets":[{"start":2707,"text":"liegt im Zeitpunkt der Abgabe Geschäftswille vor"}],"coordinates":[],"confidence":{"state":"pre-added","who":["user:Frederike"],"prob":1},"fields":{},"normalizations":{}},{"classId":"e_1","part":"s1v1","offsets":[{"start":2769,"text":"Fraglich ist ob das Angebot abgegeben wurde"}],"coordinates":[],"confidence":{"state":"pre-added","who":["user:Frederike"],"prob":1},"fields":{},"normalizations":{}},{"classId":"e_4","part":"s1v1","offsets":[{"start":2814,"text":"Eine Abgabe ist eine einseitige empfangsbedürftige Willenserklärung, die dem Erklärungsempfänger so angetragen werden muss, dass dieser den Vertrag mit seinem Einverständnis zustande bringen kann"}],"coordinates":[],"confidence":{"state":"pre-added","who":["user:Frederike"],"prob":1},"fields":{},"normalizations":{}},{"classId":"e_5","part":"s1v1","offsets":[{"start":3012,"text":"Durch das Beauftragen der A als Stellvertretern, wurde durch A ein befristetes Angebot an K abgeschickt."}],"coordinates":[],"confidence":{"state":"pre-added","who":["user:Frederike"],"prob":1},"fields":{},"normalizations":{}},{"classId":"e_7","part":"s1v1","offsets":[{"start":3012,"text":"Durch das Beauftragen der A als Stellvertretern"}],"coordinates":[],"confidence":{"state":"pre-added","who":["user:Frederike"],"prob":1},"fields":{},"normalizations":{}},{"classId":"e_6","part":"s1v1","offsets":[{"start":3061,"text":"wurde durch A ein befristetes Angebot an K abgeschickt"}],"coordinates":[],"confidence":{"state":"pre-added","who":["user:Frederike"],"prob":1},"fields":{},"normalizations":{}},{"classId":"e_1","part":"s1v1","offsets":[{"start":3129,"text":"Das Angebot müsste zugegangen sein"}],"coordinates":[],"confidence":{"state":"pre-added","who":["user:Frederike"],"prob":1},"fields":{},"normalizations":{}},{"classId":"e_4","part":"s1v1","offsets":[{"start":3165,"text":"Eine empfangsbedürftige Willenserklärung ist zugegangen, wenn sie so in den Herrschaftsbereich des Empfängers gelangt ist, dass dieser unter normalen Umständen von ihr Kenntnis erlangen kann und dies nach den Gepflogenheiten des Verkehrs von ihm erwartet werden kann"}],"coordinates":[],"confidence":{"state":"pre-added","who":["user:Frederike"],"prob":1},"fields":{},"normalizations":{}},{"classId":"e_5","part":"s1v1","offsets":[{"start":3434,"text":"Da nichts gegenteiliges aus dem Fall zu entnehmen ist und K das Angebot im folgenden annimmt, ist davon auszugehen, dass es auch zugegangen ist."}],"coordinates":[],"confidence":{"state":"pre-added","who":["user:Frederike"],"prob":1},"fields":{},"normalizations":{}},{"classId":"e_7","part":"s1v1","offsets":[{"start":3434,"text":"Da nichts gegenteiliges aus dem Fall zu entnehmen ist und K das Angebot im folgenden annimmt"}],"coordinates":[],"confidence":{"state":"pre-added","who":["user:Frederike"],"prob":1},"fields":{},"normalizations":{}},{"classId":"e_6","part":"s1v1","offsets":[{"start":3528,"text":"ist davon auszugehen, dass es auch zugegangen ist"}],"coordinates":[],"confidence":{"state":"pre-added","who":["user:Frederike"],"prob":1},"fields":{},"normalizations":{}},{"classId":"e_2","part":"s1v1","offsets":[{"start":3592,"text":"Innere und Äußere Tatbestandsmerkmale sind gegeben, aufgrund der Unbeachtlichkeit des sich ändernden Geschäftswillens"}],"coordinates":[],"confidence":{"state":"pre-added","who":["user:Frederike"],"prob":1},"fields":{},"normalizations":{}},{"classId":"e_2","part":"s1v1","offsets":[{"start":3723,"text":"Damit liegt eine wirksame Willenserklärung des V an K, gerichtet auf den Abschluss eines Kaufvertrages, vor"}],"coordinates":[],"confidence":{"state":"pre-added","who":["user:Frederike"],"prob":1},"fields":{},"normalizations":{}},{"classId":"e_2","part":"s1v1","offsets":[{"start":3832,"text":"Es liegt ein Angebot von V vor"}],"coordinates":[],"confidence":{"state":"pre-added","who":["user:Frederike"],"prob":1},"fields":{},"normalizations":{}},{"classId":"e_1","part":"s1v1","offsets":[{"start":3885,"text":"Fraglich ist, ob eine Annahme vorliegt"}],"coordinates":[],"confidence":{"state":"pre-added","who":["user:Frederike"],"prob":1},"fields":{},"normalizations":{}},{"classId":"e_4","part":"s1v1","offsets":[{"start":3925,"text":"Die Annahme ist eine empfangsbedürftige Willenserklärung, durch die der Antragsempfänger sein Einverständnis dem Antragenden bzgl. eines Vertragsabschluss zu verstehen gibt"}],"coordinates":[],"confidence":{"state":"pre-added","who":["user:Frederike"],"prob":1},"fields":{},"normalizations":{}},{"classId":"e_2","part":"s1v1","offsets":[{"start":4285,"text":"Bezüglich der Abgabe der Willenserklärung in den Rechtsverkehr bestehen hier durch das Versenden der E-Mail an den V keine Probleme"}],"coordinates":[],"confidence":{"state":"pre-added","who":["user:Frederike"],"prob":1},"fields":{},"normalizations":{}},{"classId":"e_1","part":"s1v1","offsets":[{"start":4429,"text":"Fraglich ist, ob die Annahme zugegangen ist"}],"coordinates":[],"confidence":{"state":"pre-added","who":["user:Frederike"],"prob":1},"fields":{},"normalizations":{}},{"classId":"e_4","part":"s1v1","offsets":[{"start":4474,"text":"Eine empfangsbedürftige Willenserklärung gilt als zugegangen, wenn sie in den Herrschaftsbereich des Empfängers eingegangen ist, sodass dieser unter normalen Umständen von ihr Kenntnis erlangen kann und diese nach den Gepflogenheiten des Verkehrs von ihm erwartet werden kann"}],"coordinates":[],"confidence":{"state":"pre-added","who":["user:Frederike"],"prob":1},"fields":{},"normalizations":{}},{"classId":"e_5","part":"s1v1","offsets":[{"start":4751,"text":"K hat die Annahme per E-Mail versendet, wodurch diese in den Herrschaftsbereich des Empfängers gelangt ist und mit Kenntnisnahme zu rechnen ist."}],"coordinates":[],"confidence":{"state":"pre-added","who":["user:Frederike"],"prob":1},"fields":{},"normalizations":{}},{"classId":"e_7","part":"s1v1","offsets":[{"start":4751,"text":"K hat die Annahme per E-Mail versendet"}],"coordinates":[],"confidence":{"state":"pre-added","who":["user:Frederike"],"prob":1},"fields":{},"normalizations":{}},{"classId":"e_6","part":"s1v1","offsets":[{"start":4791,"text":"wodurch diese in den Herrschaftsbereich des Empfängers gelangt ist und mit Kenntnisnahme zu rechnen ist"}],"coordinates":[],"confidence":{"state":"pre-added","who":["user:Frederike"],"prob":1},"fields":{},"normalizations":{}},{"classId":"e_5","part":"s1v1","offsets":[{"start":4986,"text":"Dadurch das K die Annahme am Morgen des letzten Tages der Frist an V verschickt hat, ist die Annahme hier rechtzeitig erbracht worden. Es ist davon auszugehen, dass in einem Unternehmen während der Geschäftszeiten mit als baldiger Kenntnisnahme zu rechnen ist. Dass A ihren Spam-Ordner nur selten kontrolliert, liegt nicht im Machtbereich der K. Es kann davon ausgegangen werden, dass in einem Gewerbebetrieb auch der Spam-Ordner regelmäßig kontrolliert wird."}],"coordinates":[],"confidence":{"state":"pre-added","who":["user:Frederike"],"prob":1},"fields":{},"normalizations":{}},{"classId":"e_7","part":"s1v1","offsets":[{"start":4986,"text":"Dadurch das K die Annahme am Morgen des letzten Tages der Frist an V verschickt hat, ist die Annahme hier rechtzeitig erbracht worden"}],"coordinates":[],"confidence":{"state":"pre-added","who":["user:Frederike"],"prob":1},"fields":{},"normalizations":{}},{"classId":"e_6","part":"s1v1","offsets":[{"start":5121,"text":"Es ist davon auszugehen, dass in einem Unternehmen während der Geschäftszeiten mit als baldiger Kenntnisnahme zu rechnen ist"}],"coordinates":[],"confidence":{"state":"pre-added","who":["user:Frederike"],"prob":1},"fields":{},"normalizations":{}},{"classId":"e_7","part":"s1v1","offsets":[{"start":5247,"text":"Dass A ihren Spam-Ordner nur selten kontrolliert, liegt nicht im Machtbereich der K"}],"coordinates":[],"confidence":{"state":"pre-added","who":["user:Frederike"],"prob":1},"fields":{},"normalizations":{}},{"classId":"e_6","part":"s1v1","offsets":[{"start":5332,"text":"Es kann davon ausgegangen werden, dass in einem Gewerbebetrieb auch der Spam-Ordner regelmäßig kontrolliert wird"}],"coordinates":[],"confidence":{"state":"pre-added","who":["user:Frederike"],"prob":1},"fields":{},"normalizations":{}},{"classId":"e_2","part":"s1v1","offsets":[{"start":5446,"text":"Demnach ist die Annahme des K rechtezeitig erfolgt"}],"coordinates":[],"confidence":{"state":"pre-added","who":["user:Frederike"],"prob":1},"fields":{},"normalizations":{}},{"classId":"e_2","part":"s1v1","offsets":[{"start":5513,"text":"Damit liegt ein Kaufvertrag vor"}],"coordinates":[],"confidence":{"state":"pre-added","who":["user:Frederike"],"prob":1},"fields":{},"normalizations":{}},{"classId":"e_2","part":"s1v1","offsets":[{"start":5546,"text":"Der Anspruch von K gegenüber V ist entstanden"}],"coordinates":[],"confidence":{"state":"pre-added","who":["user:Frederike"],"prob":1},"fields":{},"normalizations":{}},{"classId":"e_5","part":"s1v1","offsets":[{"start":5619,"text":"V verweigert die Herausgabe der Maschine, da sich die externen Gegebenheiten vor sie geändert haben. V beruft sich hier auf einen Eigenschaftsirrtum gem. § 119 II BGB. V versucht den Anspruch gegenüber K zu untergehen."}],"coordinates":[],"confidence":{"state":"pre-added","who":["user:Frederike"],"prob":1},"fields":{},"normalizations":{}},{"classId":"e_7","part":"s1v1","offsets":[{"start":5619,"text":"V verweigert die Herausgabe der Maschine, da sich die externen Gegebenheiten vor sie geändert haben"}],"coordinates":[],"confidence":{"state":"pre-added","who":["user:Frederike"],"prob":1},"fields":{},"normalizations":{}},{"classId":"e_7","part":"s1v1","offsets":[{"start":5720,"text":"V beruft sich hier auf einen Eigenschaftsirrtum gem. § 119 II BGB"}],"coordinates":[],"confidence":{"state":"pre-added","who":["user:Frederike"],"prob":1},"fields":{},"normalizations":{}},{"classId":"e_6","part":"s1v1","offsets":[{"start":5787,"text":"V versucht den Anspruch gegenüber K zu untergehen"}],"coordinates":[],"confidence":{"state":"pre-added","who":["user:Frederike"],"prob":1},"fields":{},"normalizations":{}},{"classId":"e_5","part":"s1v1","offsets":[{"start":5864,"text":"Der Wert der Maschine hat sich geändert und erhält aufgrund der Verwendbarkeit in der Covid-19-Pandemie besondere Bedeutung. Allerdings ist der Preis der auf 2.000.000€ steigt keine wertbildende Eigenschaft. Der Eigenschaftsirrtum tritt nicht explizit ein aufgrund der Grundsätzlichen Eigenschaft der Maschine, sondern erst aufgrund der Umweltveränderung."}],"coordinates":[],"confidence":{"state":"pre-added","who":["user:Frederike"],"prob":1},"fields":{},"normalizations":{}},{"classId":"e_7","part":"s1v1","offsets":[{"start":5864,"text":"Der Wert der Maschine hat sich geändert und erhält aufgrund der Verwendbarkeit in der Covid-19-Pandemie besondere Bedeutung"}],"coordinates":[],"confidence":{"state":"pre-added","who":["user:Frederike"],"prob":1},"fields":{},"normalizations":{}},{"classId":"e_7","part":"s1v1","offsets":[{"start":5989,"text":"Allerdings ist der Preis der auf 2.000.000€ steigt keine wertbildende Eigenschaft"}],"coordinates":[],"confidence":{"state":"pre-added","who":["user:Frederike"],"prob":1},"fields":{},"normalizations":{}},{"classId":"e_7","part":"s1v1","offsets":[{"start":6072,"text":"Der Eigenschaftsirrtum tritt nicht explizit ein aufgrund der Grundsätzlichen Eigenschaft der Maschine, sondern erst aufgrund der Umweltveränderung"}],"coordinates":[],"confidence":{"state":"pre-added","who":["user:Frederike"],"prob":1},"fields":{},"normalizations":{}},{"classId":"e_2","part":"s1v1","offsets":[{"start":6220,"text":"Demnach ist V gem. § 433 BGB zunächst dazu verpflichtet, dem K Eigentum an der Maschine zu verschaffen"}],"coordinates":[],"confidence":{"state":"pre-added","who":["user:Frederike"],"prob":1},"fields":{},"normalizations":{}},{"classId":"e_1","part":"s1v1","offsets":[{"start":6324,"text":"V könnte ggf. den Kaufvertrag gem. § 119 ff. BGB anfechten, würde jedoch vermutlich scheitern aufgrund der oben genannten Voraussetzungen"}],"coordinates":[],"confidence":{"state":"pre-added","who":["user:Frederike"],"prob":1},"fields":{},"normalizations":{}},{"classId":"e_2","part":"s1v1","offsets":[{"start":6473,"text":"K hat Anspruch auf Übergabe und Übereignung der Maschine durch V"}],"coordinates":[],"confidence":{"state":"pre-added","who":["user:Frederike"],"prob":1},"fields":{},"normalizations":{}}],"relations":[{"classId":"r_3","type":"linked","directed":false,"entities":["s1v1|e_1|400,510","s1v1|e_2|3832,3861"],"confidence":{"state":"pre-added","who":["user:Frederike"],"prob":1}},{"classId":"r_3","type":"linked","directed":false,"entities":["s1v1|e_1|1057,1103","s1v1|e_2|1497,1527"],"confidence":{"state":"pre-added","who":["user:Frederike"],"prob":1}},{"classId":"r_3","type":"linked","directed":false,"entities":["s1v1|e_1|1956,2034","s1v1|e_2|2276,2314"],"confidence":{"state":"pre-added","who":["user:Frederike"],"prob":1}},{"classId":"r_3","type":"linked","directed":false,"entities":["s1v1|e_2|5446,5495","s1v1|e_1|3885,3922"],"confidence":{"state":"pre-added","who":["user:Frederike"],"prob":1}},{"classId":"r_3","type":"linked","directed":false,"entities":["s1v1|e_2|5513,5543","s1v1|e_1|173,252"],"confidence":{"state":"pre-added","who":["user:Frederike"],"prob":1}},{"classId":"r_3","type":"linked","directed":false,"entities":["s1v1|e_2|6473,6536","s1v1|e_1|22,154"],"confidence":{"state":"pre-added","who":["user:Frederike"],"prob":1}},{"classId":"r_8","type":"linked","directed":false,"entities":["s1v1|e_7|1861,1893","s1v1|e_6|1896,1926"],"confidence":{"state":"pre-added","who":["user:Frederike"],"prob":1}},{"classId":"r_8","type":"linked","directed":false,"entities":["s1v1|e_7|2147,2194","s1v1|e_6|2197,2273"],"confidence":{"state":"pre-added","who":["user:Frederike"],"prob":1}},{"classId":"r_8","type":"linked","directed":false,"entities":["s1v1|e_7|2659,2704","s1v1|e_6|2707,2754"],"confidence":{"state":"pre-added","who":["user:Frederike"],"prob":1}},{"classId":"r_8","type":"linked","directed":false,"entities":["s1v1|e_7|3012,3058","s1v1|e_6|3061,3114"],"confidence":{"state":"pre-added","who":["user:Frederike"],"prob":1}},{"classId":"r_8","type":"linked","directed":false,"entities":["s1v1|e_7|3434,3525","s1v1|e_6|3528,3576"],"confidence":{"state":"pre-added","who":["user:Frederike"],"prob":1}},{"classId":"r_8","type":"linked","directed":false,"entities":["s1v1|e_7|4751,4788","s1v1|e_6|4791,4893"],"confidence":{"state":"pre-added","who":["user:Frederike"],"prob":1}},{"classId":"r_8","type":"linked","directed":false,"entities":["s1v1|e_7|4986,5118","s1v1|e_6|5121,5244"],"confidence":{"state":"pre-added","who":["user:Frederike"],"prob":1}},{"classId":"r_8","type":"linked","directed":false,"entities":["s1v1|e_7|5247,5329","s1v1|e_6|5332,5443"],"confidence":{"state":"pre-added","who":["user:Frederike"],"prob":1}},{"classId":"r_8","type":"linked","directed":false,"entities":["s1v1|e_6|5787,5835","s1v1|e_7|5720,5784"],"confidence":{"state":"pre-added","who":["user:Frederike"],"prob":1}},{"classId":"r_8","type":"linked","directed":false,"entities":["s1v1|e_6|5787,5835","s1v1|e_7|5619,5717"],"confidence":{"state":"pre-added","who":["user:Frederike"],"prob":1}}]}