{"annotatable":{"parts":["s1v1"]},"anncomplete":true,"sources":[],"metas":{},"entities":[{"classId":"e_1","part":"s1v1","offsets":[{"start":13,"text":"V könnte gemäß § 433 Abs. 2 BGB gegen K einen Anspruch auf Kaufpreiszahlung in Höhe von 27.000€ haben"}],"coordinates":[],"confidence":{"state":"pre-added","who":["user:Frederike"],"prob":1},"fields":{},"normalizations":{}},{"classId":"e_4","part":"s1v1","offsets":[{"start":289,"text":"Ein Kaufvertrag kommt gemäß $145 ff. BGB durch zwei inhaltlich übereinstimmende, mit Bezug aufeinander abgegebene Willenserklärungen – Angebot und Annahme – zustande"}],"coordinates":[],"confidence":{"state":"pre-added","who":["user:Frederike"],"prob":1},"fields":{},"normalizations":{}},{"classId":"e_5","part":"s1v1","offsets":[{"start":469,"text":"V selbst hat kein Angebot gegenüber K abgegeben."}],"coordinates":[],"confidence":{"state":"pre-added","who":["user:Frederike"],"prob":1},"fields":{},"normalizations":{}},{"classId":"e_7","part":"s1v1","offsets":[{"start":469,"text":"V selbst hat kein Angebot gegenüber K abgegeben"}],"coordinates":[],"confidence":{"state":"pre-added","who":["user:Frederike"],"prob":1},"fields":{},"normalizations":{}},{"classId":"e_4","part":"s1v1","offsets":[{"start":518,"text":"Ein Angebot ist eine empfangsbedürftige Willenserklärung, die dem Erklärungsempfänger so\n\nangetragen werden muss, dass dieser den Vertragsschluss mit einem bloßen „Ja“ zustande bringen kann"}],"coordinates":[],"confidence":{"state":"pre-added","who":["user:Frederike"],"prob":1},"fields":{},"normalizations":{}},{"classId":"e_4","part":"s1v1","offsets":[{"start":709,"text":"Es muss die wesentlichen Vertragsbestandteile (sog. essentialia negotii) enthalten"}],"coordinates":[],"confidence":{"state":"pre-added","who":["user:Frederike"],"prob":1},"fields":{},"normalizations":{}},{"classId":"e_1","part":"s1v1","offsets":[{"start":793,"text":"Allerdings könnte das Angebot der A, das Auto für 27.000 € zu verkaufen, gemäß §164 Abs. 1 BGB unmittelbar für und gegen V wirken, wenn diese von A wirksam vertreten wurde"}],"coordinates":[],"confidence":{"state":"pre-added","who":["user:Frederike"],"prob":1},"fields":{},"normalizations":{}},{"classId":"e_1","part":"s1v1","offsets":[{"start":966,"text":"Dafür müsste Stellvertretung zulässig sein und die A eine eigene Willenserklärung im Namen der V mit Vertretungsmacht abgegeben haben"}],"coordinates":[],"confidence":{"state":"pre-added","who":["user:Frederike"],"prob":1},"fields":{},"normalizations":{}},{"classId":"e_5","part":"s1v1","offsets":[{"start":1139,"text":"Bei dem Abschluss eines Kaufvertrages handelt es sich um kein höchstpersönliches Geschäft, das K nur selbst vornehmen dürfte."}],"coordinates":[],"confidence":{"state":"pre-added","who":["user:Frederike"],"prob":1},"fields":{},"normalizations":{}},{"classId":"e_7","part":"s1v1","offsets":[{"start":1139,"text":"Bei dem Abschluss eines Kaufvertrages handelt es sich um kein höchstpersönliches Geschäft, das K nur selbst vornehmen dürfte"}],"coordinates":[],"confidence":{"state":"pre-added","who":["user:Frederike"],"prob":1},"fields":{},"normalizations":{}},{"classId":"e_2","part":"s1v1","offsets":[{"start":1265,"text":"Die Stellvertretung ist daher zulässig"}],"coordinates":[],"confidence":{"state":"pre-added","who":["user:Frederike"],"prob":1},"fields":{},"normalizations":{}},{"classId":"e_1","part":"s1v1","offsets":[{"start":1335,"text":"A müsste eine eigene Willenserklärung abgegeben haben"}],"coordinates":[],"confidence":{"state":"pre-added","who":["user:Frederike"],"prob":1},"fields":{},"normalizations":{}},{"classId":"e_5","part":"s1v1","offsets":[{"start":1472,"text":"Vorliegend wurde A beauftragt der K ein Auto zum Kauf anzubieten."}],"coordinates":[],"confidence":{"state":"pre-added","who":["user:Frederike"],"prob":1},"fields":{},"normalizations":{}},{"classId":"e_7","part":"s1v1","offsets":[{"start":1472,"text":"Vorliegend wurde A beauftragt der K ein Auto zum Kauf anzubieten"}],"coordinates":[],"confidence":{"state":"pre-added","who":["user:Frederike"],"prob":1},"fields":{},"normalizations":{}},{"classId":"e_1","part":"s1v1","offsets":[{"start":1538,"text":"Möglicherweise ist es problematisch, dass A minderjährig ist"}],"coordinates":[],"confidence":{"state":"pre-added","who":["user:Frederike"],"prob":1},"fields":{},"normalizations":{}},{"classId":"e_5","part":"s1v1","offsets":[{"start":1600,"text":"A ist 16 Jahre alt und daher gemäß §§2, 106 BGB beschränkt geschäftsfähig. Beschränkt Geschäftsfähige können i.d.R. nur unter bestimmten Bedingungen wirksam eigene Willenserklärungen abgeben. Gem. § 165 BGB ist die beschränkte Geschäftsfähigkeit im Rahmen einer Stellvertretung aber unbeachtlich, solange der beschränkt Geschäftsfähige der Bevollmächtigte ist und als solcher die Willenserklärung abgibt."}],"coordinates":[],"confidence":{"state":"pre-added","who":["user:Frederike"],"prob":1},"fields":{},"normalizations":{}},{"classId":"e_7","part":"s1v1","offsets":[{"start":1600,"text":"A ist 16 Jahre alt"}],"coordinates":[],"confidence":{"state":"pre-added","who":["user:Frederike"],"prob":1},"fields":{},"normalizations":{}},{"classId":"e_6","part":"s1v1","offsets":[{"start":1619,"text":"und daher gemäß §§2, 106 BGB beschränkt geschäftsfähig"}],"coordinates":[],"confidence":{"state":"pre-added","who":["user:Frederike"],"prob":1},"fields":{},"normalizations":{}},{"classId":"e_5","part":"s1v1","offsets":[{"start":2006,"text":"A ist hier die Bevollmächtigte und daher ist die beschränkte Geschäftsfähigkeit unproblematisch."}],"coordinates":[],"confidence":{"state":"pre-added","who":["user:Frederike"],"prob":1},"fields":{},"normalizations":{}},{"classId":"e_7","part":"s1v1","offsets":[{"start":2006,"text":"A ist hier die Bevollmächtigte"}],"coordinates":[],"confidence":{"state":"pre-added","who":["user:Frederike"],"prob":1},"fields":{},"normalizations":{}},{"classId":"e_6","part":"s1v1","offsets":[{"start":2037,"text":"und daher ist die beschränkte Geschäftsfähigkeit unproblematisch"}],"coordinates":[],"confidence":{"state":"pre-added","who":["user:Frederike"],"prob":1},"fields":{},"normalizations":{}},{"classId":"e_1","part":"s1v1","offsets":[{"start":2144,"text":"A müsste das Angebot im Namen des V abgegeben haben"}],"coordinates":[],"confidence":{"state":"pre-added","who":["user:Frederike"],"prob":1},"fields":{},"normalizations":{}},{"classId":"e_5","part":"s1v1","offsets":[{"start":2522,"text":"Aus Sicht der K war klar ersichtlich, dass A das Auto nicht selbst als Vertragspartei verkaufen wollte, sondern für ihre Arbeitgeber V verhandelte."}],"coordinates":[],"confidence":{"state":"pre-added","who":["user:Frederike"],"prob":1},"fields":{},"normalizations":{}},{"classId":"e_7","part":"s1v1","offsets":[{"start":2522,"text":"Aus Sicht der K war klar ersichtlich, dass A das Auto nicht selbst als Vertragspartei verkaufen wollte, sondern für ihre Arbeitgeber V verhandelte"}],"coordinates":[],"confidence":{"state":"pre-added","who":["user:Frederike"],"prob":1},"fields":{},"normalizations":{}},{"classId":"e_2","part":"s1v1","offsets":[{"start":2671,"text":"A hat das Angebt folglich im Namen des V abgegeben"}],"coordinates":[],"confidence":{"state":"pre-added","who":["user:Frederike"],"prob":1},"fields":{},"normalizations":{}},{"classId":"e_1","part":"s1v1","offsets":[{"start":2746,"text":"Zudem müsste mit Vertretungsacht gehandelt haben"}],"coordinates":[],"confidence":{"state":"pre-added","who":["user:Frederike"],"prob":1},"fields":{},"normalizations":{}},{"classId":"e_1","part":"s1v1","offsets":[{"start":2832,"text":"A müsste durch die K wirksame Vertretungsmacht eingeräumt worden sein und ihm Rahmen dieser gehandelt haben"}],"coordinates":[],"confidence":{"state":"pre-added","who":["user:Frederike"],"prob":1},"fields":{},"normalizations":{}},{"classId":"e_4","part":"s1v1","offsets":[{"start":3206,"text":"Die Vollmachtserteilung ist eine einseitige empfangsbedürftige Willenserklärung, die gem. § 167Abs. 1 BGB gegenüber dem Bevollmächtigten abgegeben werden muss"}],"coordinates":[],"confidence":{"state":"pre-added","who":["user:Frederike"],"prob":1},"fields":{},"normalizations":{}},{"classId":"e_5","part":"s1v1","offsets":[{"start":3366,"text":"V hat den A beauftragt in seinem Namen das Auto an den K zu verkaufen und hat ihm somit die Vollmacht erteilt."}],"coordinates":[],"confidence":{"state":"pre-added","who":["user:Frederike"],"prob":1},"fields":{},"normalizations":{}},{"classId":"e_7","part":"s1v1","offsets":[{"start":3366,"text":"V hat den A beauftragt in seinem Namen das Auto an den K zu verkaufen"}],"coordinates":[],"confidence":{"state":"pre-added","who":["user:Frederike"],"prob":1},"fields":{},"normalizations":{}},{"classId":"e_6","part":"s1v1","offsets":[{"start":3436,"text":"und hat ihm somit die Vollmacht erteilt"}],"coordinates":[],"confidence":{"state":"pre-added","who":["user:Frederike"],"prob":1},"fields":{},"normalizations":{}},{"classId":"e_2","part":"s1v1","offsets":[{"start":3646,"text":"Die Willenserklärung ist daher wirksam zugegangen"}],"coordinates":[],"confidence":{"state":"pre-added","who":["user:Frederike"],"prob":1},"fields":{},"normalizations":{}},{"classId":"e_2","part":"s1v1","offsets":[{"start":3697,"text":"Damit hat V die Vollmacht gegenüber dem zu Bevollmächtigenden A wirksam erklärt"}],"coordinates":[],"confidence":{"state":"pre-added","who":["user:Frederike"],"prob":1},"fields":{},"normalizations":{}},{"classId":"e_2","part":"s1v1","offsets":[{"start":3818,"text":"Es gibt hier keine Hinweise darauf, dass die Vertretungsmacht erloschen ist"}],"coordinates":[],"confidence":{"state":"pre-added","who":["user:Frederike"],"prob":1},"fields":{},"normalizations":{}},{"classId":"e_1","part":"s1v1","offsets":[{"start":3927,"text":"Fragliche ist, ob der Umfang der Vertretungsmacht eingehalten wurde"}],"coordinates":[],"confidence":{"state":"pre-added","who":["user:Frederike"],"prob":1},"fields":{},"normalizations":{}},{"classId":"e_5","part":"s1v1","offsets":[{"start":4083,"text":"A hat das Auto für 27.000€ verkauft und damit innerhalb der erteilten Vollmacht gehandelt."}],"coordinates":[],"confidence":{"state":"pre-added","who":["user:Frederike"],"prob":1},"fields":{},"normalizations":{}},{"classId":"e_2","part":"s1v1","offsets":[{"start":4174,"text":"Somit handelte er mit Vertretungsmacht"}],"coordinates":[],"confidence":{"state":"pre-added","who":["user:Frederike"],"prob":1},"fields":{},"normalizations":{}},{"classId":"e_2","part":"s1v1","offsets":[{"start":4235,"text":"Eine Vollmacht für den Verkauf des Autos zu einem Preis von über 25.000€ liegt vor"}],"coordinates":[],"confidence":{"state":"pre-added","who":["user:Frederike"],"prob":1},"fields":{},"normalizations":{}},{"classId":"e_2","part":"s1v1","offsets":[{"start":4319,"text":"A hat daher eine Willenserklärung für V abgegeben, die wirksam ist"}],"coordinates":[],"confidence":{"state":"pre-added","who":["user:Frederike"],"prob":1},"fields":{},"normalizations":{}},{"classId":"e_2","part":"s1v1","offsets":[{"start":4403,"text":"Eine Stellvertretung des V durch den A gegenüber dem K liegt somit vor"}],"coordinates":[],"confidence":{"state":"pre-added","who":["user:Frederike"],"prob":1},"fields":{},"normalizations":{}},{"classId":"e_2","part":"s1v1","offsets":[{"start":4496,"text":"Ein Angebot des V vertreten durch den A liegt vor"}],"coordinates":[],"confidence":{"state":"pre-added","who":["user:Frederike"],"prob":1},"fields":{},"normalizations":{}},{"classId":"e_1","part":"s1v1","offsets":[{"start":4567,"text":"Es könnte problematisch sein, dass die E-Mail erst spät abends verschickt wird und damit unter gewöhnlichem Umständen evtl. nicht mehr damit gerechnet werden kann, dass A an diesem Tag davon Kenntnis nimmt"}],"coordinates":[],"confidence":{"state":"pre-added","who":["user:Frederike"],"prob":1},"fields":{},"normalizations":{}},{"classId":"e_1","part":"s1v1","offsets":[{"start":4775,"text":"Somit würde die verspätete Annahme dann gem. § 150 Abs. 1 als ein neues Angebot der K an A gelten"}],"coordinates":[],"confidence":{"state":"pre-added","who":["user:Frederike"],"prob":1},"fields":{},"normalizations":{}},{"classId":"e_2","part":"s1v1","offsets":[{"start":4893,"text":"Ein Kaufvertrag zwischen V und K ist somit zustande gekommen"}],"coordinates":[],"confidence":{"state":"pre-added","who":["user:Frederike"],"prob":1},"fields":{},"normalizations":{}},{"classId":"e_1","part":"s1v1","offsets":[{"start":4994,"text":"Der Kaufvertrag könnte gemäß § 142 I BGB ex tunc nichtig sein, wenn K wirksam angefochten hat"}],"coordinates":[],"confidence":{"state":"pre-added","who":["user:Frederike"],"prob":1},"fields":{},"normalizations":{}},{"classId":"e_4","part":"s1v1","offsets":[{"start":5090,"text":"Eine Anfechtung liegt vor, wenn ein Anfechtungsgrund besteht und die Anfechtung gegenüber dem richtigen Anfechtungsgegner innerhalb der Anfechtungsfrist erklärt wurde"}],"coordinates":[],"confidence":{"state":"pre-added","who":["user:Frederike"],"prob":1},"fields":{},"normalizations":{}},{"classId":"e_1","part":"s1v1","offsets":[{"start":5701,"text":"Zunächst müsste ein Anfechtungsgrund vorliegen"}],"coordinates":[],"confidence":{"state":"pre-added","who":["user:Frederike"],"prob":1},"fields":{},"normalizations":{}},{"classId":"e_4","part":"s1v1","offsets":[{"start":5749,"text":"Ein Anfechtungsgrund i.S.d. § 123 Abs. 1 Alt. 1 BGB besteht dann, wenn der Anfechtende getäuscht wurde, er sich aufgrund dessen geirrt und eine Willenserklärung abgegeben hat, die er sonst nicht abgegeben hätte"}],"coordinates":[],"confidence":{"state":"pre-added","who":["user:Frederike"],"prob":1},"fields":{},"normalizations":{}},{"classId":"e_1","part":"s1v1","offsets":[{"start":5962,"text":"Zudem müsste der Täuschende vorsätzlich gehandelt haben"}],"coordinates":[],"confidence":{"state":"pre-added","who":["user:Frederike"],"prob":1},"fields":{},"normalizations":{}},{"classId":"e_1","part":"s1v1","offsets":[{"start":6034,"text":"Es müsste eine Täuschung vorliegen"}],"coordinates":[],"confidence":{"state":"pre-added","who":["user:Frederike"],"prob":1},"fields":{},"normalizations":{}},{"classId":"e_4","part":"s1v1","offsets":[{"start":6070,"text":"Eine Täuschung ist jedes Verhalten, das darauf gerichtet ist, beim anderen eine unrichtige Vorstellung hervorzurufen"}],"coordinates":[],"confidence":{"state":"pre-added","who":["user:Frederike"],"prob":1},"fields":{},"normalizations":{}},{"classId":"e_5","part":"s1v1","offsets":[{"start":6188,"text":"Hier behauptet die Auszubildende A, dass der PKW unfallfrei ist, obwohl es tatsächlich in einen Unfall verwickelt war, sodass Irrtum bedingt durch Täuschungshandlung eingetreten ist."}],"coordinates":[],"confidence":{"state":"pre-added","who":["user:Frederike"],"prob":1},"fields":{},"normalizations":{}},{"classId":"e_7","part":"s1v1","offsets":[{"start":6188,"text":"Hier behauptet die Auszubildende A, dass der PKW unfallfrei ist, obwohl es tatsächlich in einen Unfall verwickelt war"}],"coordinates":[],"confidence":{"state":"pre-added","who":["user:Frederike"],"prob":1},"fields":{},"normalizations":{}},{"classId":"e_6","part":"s1v1","offsets":[{"start":6307,"text":"sodass Irrtum bedingt durch Täuschungshandlung eingetreten ist"}],"coordinates":[],"confidence":{"state":"pre-added","who":["user:Frederike"],"prob":1},"fields":{},"normalizations":{}},{"classId":"e_1","part":"s1v1","offsets":[{"start":6399,"text":"Durch die Täuschung des A müsste bei K ein Irrtum hervorgerufen worden sein"}],"coordinates":[],"confidence":{"state":"pre-added","who":["user:Frederike"],"prob":1},"fields":{},"normalizations":{}},{"classId":"e_4","part":"s1v1","offsets":[{"start":6476,"text":"Ein Irrtum liegt vor, wenn die aus der Täuschung resultierende Vorstellung des Getäuschten und die Wirklichkeit nicht übereinstimmen"}],"coordinates":[],"confidence":{"state":"pre-added","who":["user:Frederike"],"prob":1},"fields":{},"normalizations":{}},{"classId":"e_5","part":"s1v1","offsets":[{"start":6610,"text":"K ist aufgrund der Erklärung des A von der Unversehrtheit des Autos überzeugt, sodass ein Irrtum bedingt durch die Täuschungshandlung eingetreten ist."}],"coordinates":[],"confidence":{"state":"pre-added","who":["user:Frederike"],"prob":1},"fields":{},"normalizations":{}},{"classId":"e_7","part":"s1v1","offsets":[{"start":6610,"text":"K ist aufgrund der Erklärung des A von der Unversehrtheit des Autos überzeugt"}],"coordinates":[],"confidence":{"state":"pre-added","who":["user:Frederike"],"prob":1},"fields":{},"normalizations":{}},{"classId":"e_6","part":"s1v1","offsets":[{"start":6689,"text":"sodass ein Irrtum bedingt durch die Täuschungshandlung eingetreten ist"}],"coordinates":[],"confidence":{"state":"pre-added","who":["user:Frederike"],"prob":1},"fields":{},"normalizations":{}},{"classId":"e_1","part":"s1v1","offsets":[{"start":6806,"text":"K müsste aufgrund des Irrtums seine Willenserklärung abgegeben haben"}],"coordinates":[],"confidence":{"state":"pre-added","who":["user:Frederike"],"prob":1},"fields":{},"normalizations":{}},{"classId":"e_5","part":"s1v1","offsets":[{"start":6877,"text":"Weil A behauptete, dass das Auto unfallsfrei ist, hat er eine Willenserklärung abgegeben, die zu einem Kaufvertrag geführt hat."}],"coordinates":[],"confidence":{"state":"pre-added","who":["user:Frederike"],"prob":1},"fields":{},"normalizations":{}},{"classId":"e_7","part":"s1v1","offsets":[{"start":6877,"text":"Weil A behauptete, dass das Auto unfallsfrei ist"}],"coordinates":[],"confidence":{"state":"pre-added","who":["user:Frederike"],"prob":1},"fields":{},"normalizations":{}},{"classId":"e_6","part":"s1v1","offsets":[{"start":6927,"text":"hat er eine Willenserklärung abgegeben, die zu einem Kaufvertrag geführt hat"}],"coordinates":[],"confidence":{"state":"pre-added","who":["user:Frederike"],"prob":1},"fields":{},"normalizations":{}},{"classId":"e_2","part":"s1v1","offsets":[{"start":7006,"text":"Die Willenserklärung beruht mithin auf der Täuschung"}],"coordinates":[],"confidence":{"state":"pre-added","who":["user:Frederike"],"prob":1},"fields":{},"normalizations":{}},{"classId":"e_1","part":"s1v1","offsets":[{"start":7079,"text":"Fraglich ist, ob A arglistig gehandelt hat"}],"coordinates":[],"confidence":{"state":"pre-added","who":["user:Frederike"],"prob":1},"fields":{},"normalizations":{}},{"classId":"e_4","part":"s1v1","offsets":[{"start":7165,"text":"Der Täuschende muss wissen und wollen, dass sich ein anderer infolge seiner Handlung getäuscht und durch den Irrtum zur Abgabe einer Willenserklärung bestimmt wird"}],"coordinates":[],"confidence":{"state":"pre-added","who":["user:Frederike"],"prob":1},"fields":{},"normalizations":{}},{"classId":"e_4","part":"s1v1","offsets":[{"start":7330,"text":"Dabei reicht es aus, wenn der Täuschende den Irrtum beim Gegenüber für möglich hält und billigend in Kauf nimmt"}],"coordinates":[],"confidence":{"state":"pre-added","who":["user:Frederike"],"prob":1},"fields":{},"normalizations":{}},{"classId":"e_5","part":"s1v1","offsets":[{"start":7444,"text":"Hier weiß A von dem Unfall mit dem Auto, bejaht aber die Frage, ob das Auto unfallsfrei ist, um den Verkauf nicht zu gefährden. A wollte um jeden Preis Umsatz machen und erklärte dem K daher absichtlich, dass es sich um ein unfallsfreies Auto handelt. (Er wusste und wollte, dass sich K über die Eigenschaft des PKW irrt"}],"coordinates":[],"confidence":{"state":"pre-added","who":["user:Frederike"],"prob":1},"fields":{},"normalizations":{}},{"classId":"e_7","part":"s1v1","offsets":[{"start":7444,"text":"Hier weiß A von dem Unfall mit dem Auto, bejaht aber die Frage, ob das Auto unfallsfrei ist, um den Verkauf nicht zu gefährden"}],"coordinates":[],"confidence":{"state":"pre-added","who":["user:Frederike"],"prob":1},"fields":{},"normalizations":{}},{"classId":"e_7","part":"s1v1","offsets":[{"start":7572,"text":"A wollte um jeden Preis Umsatz machen und erklärte dem K daher absichtlich, dass es sich um ein unfallsfreies Auto handelt"}],"coordinates":[],"confidence":{"state":"pre-added","who":["user:Frederike"],"prob":1},"fields":{},"normalizations":{}},{"classId":"e_7","part":"s1v1","offsets":[{"start":7697,"text":"Er wusste und wollte, dass sich K über die Eigenschaft des PKW irrt"}],"coordinates":[],"confidence":{"state":"pre-added","who":["user:Frederike"],"prob":1},"fields":{},"normalizations":{}},{"classId":"e_2","part":"s1v1","offsets":[{"start":7768,"text":"Somit war das Handeln des A auch arglistig"}],"coordinates":[],"confidence":{"state":"pre-added","who":["user:Frederike"],"prob":1},"fields":{},"normalizations":{}},{"classId":"e_1","part":"s1v1","offsets":[{"start":7914,"text":"Die Anfechtung aufgrund von Arglist könnte daher nach § 123 Abs. 2S. 1 BGB ausgeschlossen sein, wenn A als Dritter im Sinne des § 123 Abs. 2 BGB gilt und der andere (= Vertragspartner => hier V) die Täuschung weder kannte noch kennen musste"}],"coordinates":[],"confidence":{"state":"pre-added","who":["user:Frederike"],"prob":1},"fields":{},"normalizations":{}},{"classId":"e_1","part":"s1v1","offsets":[{"start":8156,"text":"Fraglich ist daher, ob es sich bei A um einen Dritten handelt"}],"coordinates":[],"confidence":{"state":"pre-added","who":["user:Frederike"],"prob":1},"fields":{},"normalizations":{}},{"classId":"e_4","part":"s1v1","offsets":[{"start":8479,"text":"„Nicht-Dritter“ ist, wer in enger Beziehung zum Anfechtungsempfänger steht und als dessen Vertrauensperson erscheint, mithin im Lager des Erklärungsempfängers steht (Lagertheorie)"}],"coordinates":[],"confidence":{"state":"pre-added","who":["user:Frederike"],"prob":1},"fields":{},"normalizations":{}},{"classId":"e_4","part":"s1v1","offsets":[{"start":8793,"text":"Erfüllungsgehilfe ist, wer mit Wissen und Wollen des Schuldners bei Erfüllung einer dem Schuldner obliegenden Verbindlichkeit tätig wird"}],"coordinates":[],"confidence":{"state":"pre-added","who":["user:Frederike"],"prob":1},"fields":{},"normalizations":{}},{"classId":"e_4","part":"s1v1","offsets":[{"start":8967,"text":"Dritte sind alle übrigen, die gerade nicht auf Seiten des Erklärungsempfängers mit dessen Willen in die Verhandlung eingeschaltet wurden"}],"coordinates":[],"confidence":{"state":"pre-added","who":["user:Frederike"],"prob":1},"fields":{},"normalizations":{}},{"classId":"e_5","part":"s1v1","offsets":[{"start":9323,"text":"A ist als Angestellter im Geschäft der V als Verkäufer für V tätig. Er ist daher mit Wissen und Wollen der V im Geschäft tätig und steht in deren Lager. Er ist damit nicht Dritter im Sinne des § 123 Abs. 2 BGB."}],"coordinates":[],"confidence":{"state":"pre-added","who":["user:Frederike"],"prob":1},"fields":{},"normalizations":{}},{"classId":"e_7","part":"s1v1","offsets":[{"start":9323,"text":"A ist als Angestellter im Geschäft der V als Verkäufer für V tätig"}],"coordinates":[],"confidence":{"state":"pre-added","who":["user:Frederike"],"prob":1},"fields":{},"normalizations":{}},{"classId":"e_6","part":"s1v1","offsets":[{"start":9391,"text":"Er ist daher mit Wissen und Wollen der V im Geschäft tätig und steht in deren Lager"}],"coordinates":[],"confidence":{"state":"pre-added","who":["user:Frederike"],"prob":1},"fields":{},"normalizations":{}},{"classId":"e_6","part":"s1v1","offsets":[{"start":9476,"text":"Er ist damit nicht Dritter im Sinne des § 123 Abs. 2 BGB"}],"coordinates":[],"confidence":{"state":"pre-added","who":["user:Frederike"],"prob":1},"fields":{},"normalizations":{}},{"classId":"e_2","part":"s1v1","offsets":[{"start":9534,"text":"Demnach kann sich V nicht auf den Ausschluss der Anfechtung nach § 123 II S. 1 BGB berufen"}],"coordinates":[],"confidence":{"state":"pre-added","who":["user:Frederike"],"prob":1},"fields":{},"normalizations":{}},{"classId":"e_1","part":"s1v1","offsets":[{"start":9674,"text":"K müsste die Anfechtung nach § 143 Abs. 1BGB erklären und zwar gegenüber dem richtigen Anfechtungsgegner"}],"coordinates":[],"confidence":{"state":"pre-added","who":["user:Frederike"],"prob":1},"fields":{},"normalizations":{}},{"classId":"e_5","part":"s1v1","offsets":[{"start":9856,"text":"Hier erklärte K seiner Vertragspartnerin V die Anfechtung."}],"coordinates":[],"confidence":{"state":"pre-added","who":["user:Frederike"],"prob":1},"fields":{},"normalizations":{}},{"classId":"e_7","part":"s1v1","offsets":[{"start":9856,"text":"Hier erklärte K seiner Vertragspartnerin V die Anfechtung"}],"coordinates":[],"confidence":{"state":"pre-added","who":["user:Frederike"],"prob":1},"fields":{},"normalizations":{}},{"classId":"e_2","part":"s1v1","offsets":[{"start":9915,"text":"Somit sind die Voraussetzungen nach §143 Abs. 1, 2 BGB erfüllt"}],"coordinates":[],"confidence":{"state":"pre-added","who":["user:Frederike"],"prob":1},"fields":{},"normalizations":{}},{"classId":"e_1","part":"s1v1","offsets":[{"start":10001,"text":"D müsste die Anfechtung innerhalb der nach § 124 Abs. 1BGB vorgesehenen Frist erklärt haben"}],"coordinates":[],"confidence":{"state":"pre-added","who":["user:Frederike"],"prob":1},"fields":{},"normalizations":{}},{"classId":"e_5","part":"s1v1","offsets":[{"start":10175,"text":"Hier erfolgt die Anfechtungserklärung sofort nachdem K seinen Irrtum bemerkt hat, sodass die Frist gewahrt ist."}],"coordinates":[],"confidence":{"state":"pre-added","who":["user:Frederike"],"prob":1},"fields":{},"normalizations":{}},{"classId":"e_7","part":"s1v1","offsets":[{"start":10175,"text":"Hier erfolgt die Anfechtungserklärung sofort nachdem K seinen Irrtum bemerkt hat"}],"coordinates":[],"confidence":{"state":"pre-added","who":["user:Frederike"],"prob":1},"fields":{},"normalizations":{}},{"classId":"e_6","part":"s1v1","offsets":[{"start":10257,"text":"sodass die Frist gewahrt ist"}],"coordinates":[],"confidence":{"state":"pre-added","who":["user:Frederike"],"prob":1},"fields":{},"normalizations":{}},{"classId":"e_2","part":"s1v1","offsets":[{"start":10302,"text":"Der Kaufvertrag ist somit durch die Anfechtung nach § 142 I BGB von Anfang an (ex tunc) nichtig"}],"coordinates":[],"confidence":{"state":"pre-added","who":["user:Frederike"],"prob":1},"fields":{},"normalizations":{}},{"classId":"e_2","part":"s1v1","offsets":[{"start":10399,"text":"V hat dementsprechend gegen K keinen Zahlungsanspruch aus § 433 Abs. 2 BGB auf die Zahlung der 27.000€"}],"coordinates":[],"confidence":{"state":"pre-added","who":["user:Frederike"],"prob":1},"fields":{},"normalizations":{}}],"relations":[{"classId":"r_3","type":"linked","directed":false,"entities":["s1v1|e_1|2144,2194","s1v1|e_2|2671,2720"],"confidence":{"state":"pre-added","who":["user:Frederike"],"prob":1}},{"classId":"r_3","type":"linked","directed":false,"entities":["s1v1|e_2|4174,4211","s1v1|e_1|2746,2793"],"confidence":{"state":"pre-added","who":["user:Frederike"],"prob":1}},{"classId":"r_3","type":"linked","directed":false,"entities":["s1v1|e_1|6806,6873","s1v1|e_2|7006,7057"],"confidence":{"state":"pre-added","who":["user:Frederike"],"prob":1}},{"classId":"r_3","type":"linked","directed":false,"entities":["s1v1|e_1|7079,7120","s1v1|e_2|7768,7809"],"confidence":{"state":"pre-added","who":["user:Frederike"],"prob":1}},{"classId":"r_3","type":"linked","directed":false,"entities":["s1v1|e_2|9534,9623","s1v1|e_1|7914,8153"],"confidence":{"state":"pre-added","who":["user:Frederike"],"prob":1}},{"classId":"r_3","type":"linked","directed":false,"entities":["s1v1|e_1|9674,9777","s1v1|e_2|9915,9976"],"confidence":{"state":"pre-added","who":["user:Frederike"],"prob":1}},{"classId":"r_3","type":"linked","directed":false,"entities":["s1v1|e_2|10302,10396","s1v1|e_1|4994,5086"],"confidence":{"state":"pre-added","who":["user:Frederike"],"prob":1}},{"classId":"r_3","type":"linked","directed":false,"entities":["s1v1|e_2|10399,10500","s1v1|e_1|13,113"],"confidence":{"state":"pre-added","who":["user:Frederike"],"prob":1}},{"classId":"r_8","type":"linked","directed":false,"entities":["s1v1|e_7|1600,1617","s1v1|e_6|1619,1672"],"confidence":{"state":"pre-added","who":["user:Frederike"],"prob":1}},{"classId":"r_8","type":"linked","directed":false,"entities":["s1v1|e_7|2006,2035","s1v1|e_6|2037,2100"],"confidence":{"state":"pre-added","who":["user:Frederike"],"prob":1}},{"classId":"r_8","type":"linked","directed":false,"entities":["s1v1|e_7|3366,3434","s1v1|e_6|3436,3474"],"confidence":{"state":"pre-added","who":["user:Frederike"],"prob":1}},{"classId":"r_8","type":"linked","directed":false,"entities":["s1v1|e_7|6188,6304","s1v1|e_6|6307,6368"],"confidence":{"state":"pre-added","who":["user:Frederike"],"prob":1}},{"classId":"r_8","type":"linked","directed":false,"entities":["s1v1|e_7|6610,6686","s1v1|e_6|6689,6758"],"confidence":{"state":"pre-added","who":["user:Frederike"],"prob":1}},{"classId":"r_8","type":"linked","directed":false,"entities":["s1v1|e_7|6877,6924","s1v1|e_6|6927,7002"],"confidence":{"state":"pre-added","who":["user:Frederike"],"prob":1}},{"classId":"r_8","type":"linked","directed":false,"entities":["s1v1|e_7|9323,9388","s1v1|e_6|9391,9473"],"confidence":{"state":"pre-added","who":["user:Frederike"],"prob":1}},{"classId":"r_8","type":"linked","directed":false,"entities":["s1v1|e_7|9323,9388","s1v1|e_6|9476,9531"],"confidence":{"state":"pre-added","who":["user:Frederike"],"prob":1}},{"classId":"r_8","type":"linked","directed":false,"entities":["s1v1|e_7|10175,10254","s1v1|e_6|10257,10284"],"confidence":{"state":"pre-added","who":["user:Frederike"],"prob":1}}]}