{"annotatable":{"parts":["s1v1"]},"anncomplete":true,"sources":[],"metas":{},"entities":[{"classId":"e_1","part":"s1v1","offsets":[{"start":16,"text":"Fraglich ist, ob H einen Anspruch auf Zahlung des Kaufpreises für den Luftreiniger gegen R hat"}],"coordinates":[],"confidence":{"state":"pre-added","who":["user:Frederike"],"prob":1},"fields":{},"normalizations":{}},{"classId":"e_1","part":"s1v1","offsets":[{"start":112,"text":"Ein Anspruch des H gegen R könnte sich aus §433 II BGB ergeben"}],"coordinates":[],"confidence":{"state":"pre-added","who":["user:Frederike"],"prob":1},"fields":{},"normalizations":{}},{"classId":"e_4","part":"s1v1","offsets":[{"start":261,"text":"Ein Kaufvertrag kommt durch zwei übereinstimmende Willenserklärungen, Angebot und Annahme, zu Stande"}],"coordinates":[],"confidence":{"state":"pre-added","who":["user:Frederike"],"prob":1},"fields":{},"normalizations":{}},{"classId":"e_1","part":"s1v1","offsets":[{"start":364,"text":"Fraglich ist, ob ein Angebot durch H vorliegt"}],"coordinates":[],"confidence":{"state":"pre-added","who":["user:Frederike"],"prob":1},"fields":{},"normalizations":{}},{"classId":"e_4","part":"s1v1","offsets":[{"start":412,"text":"Ein Angebot ist eine empfangsbedürftige Willenserklärung, die alle Essentiala negotii enthält und mit einem bloßen „Ja“ zustanden kommen kann"}],"coordinates":[],"confidence":{"state":"pre-added","who":["user:Frederike"],"prob":1},"fields":{},"normalizations":{}},{"classId":"e_2","part":"s1v1","offsets":[{"start":556,"text":"In diesem Fall liegt kein Angebot von H vor"}],"coordinates":[],"confidence":{"state":"pre-added","who":["user:Frederike"],"prob":1},"fields":{},"normalizations":{}},{"classId":"e_5","part":"s1v1","offsets":[{"start":601,"text":"R gibt eine Bestellung auf und stellt somit einen Auftrag/Angebot an H. Da es sich um eine Bestellung ohne vorangegangenes Angebot handelt, bedarf es eine Bestätigung/Annahme von H."}],"coordinates":[],"confidence":{"state":"pre-added","who":["user:Frederike"],"prob":1},"fields":{},"normalizations":{}},{"classId":"e_7","part":"s1v1","offsets":[{"start":601,"text":"R gibt eine Bestellung auf"}],"coordinates":[],"confidence":{"state":"pre-added","who":["user:Frederike"],"prob":1},"fields":{},"normalizations":{}},{"classId":"e_6","part":"s1v1","offsets":[{"start":628,"text":"und stellt somit einen Auftrag/Angebot an H"}],"coordinates":[],"confidence":{"state":"pre-added","who":["user:Frederike"],"prob":1},"fields":{},"normalizations":{}},{"classId":"e_7","part":"s1v1","offsets":[{"start":673,"text":"Da es sich um eine Bestellung ohne vorangegangenes Angebot handelt"}],"coordinates":[],"confidence":{"state":"pre-added","who":["user:Frederike"],"prob":1},"fields":{},"normalizations":{}},{"classId":"e_6","part":"s1v1","offsets":[{"start":741,"text":"bedarf es eine Bestätigung/Annahme von H"}],"coordinates":[],"confidence":{"state":"pre-added","who":["user:Frederike"],"prob":1},"fields":{},"normalizations":{}},{"classId":"e_4","part":"s1v1","offsets":[{"start":895,"text":"Eine stillschweigende Annahme (konkludente Annahme) liegt dann vor, wenn eine solche Verkehrssitte nicht zu erwarten ist oder der Antragende auf sie verzichtet hat"}],"coordinates":[],"confidence":{"state":"pre-added","who":["user:Frederike"],"prob":1},"fields":{},"normalizations":{}},{"classId":"e_2","part":"s1v1","offsets":[{"start":1061,"text":"Hierbei handelt es sich nicht um eine konkludente Annahme"}],"coordinates":[],"confidence":{"state":"pre-added","who":["user:Frederike"],"prob":1},"fields":{},"normalizations":{}},{"classId":"e_5","part":"s1v1","offsets":[{"start":1121,"text":"R hat zwar bereits bei H bestellt, dementsprechend könnte man annehmen es gebe „die üblichen Konditionen“, und es bedarf keiner extra Auftragsannahme, allerdings handelte es sich dabei um eine einmalige Bestellung eines Druckers. Dementsprechend ist die konkludente Annahme nicht ausreichend."}],"coordinates":[],"confidence":{"state":"pre-added","who":["user:Frederike"],"prob":1},"fields":{},"normalizations":{}},{"classId":"e_7","part":"s1v1","offsets":[{"start":1121,"text":"R hat zwar bereits bei H bestellt"}],"coordinates":[],"confidence":{"state":"pre-added","who":["user:Frederike"],"prob":1},"fields":{},"normalizations":{}},{"classId":"e_6","part":"s1v1","offsets":[{"start":1156,"text":"dementsprechend könnte man annehmen es gebe „die üblichen Konditionen“, und es bedarf keiner extra Auftragsannahme"}],"coordinates":[],"confidence":{"state":"pre-added","who":["user:Frederike"],"prob":1},"fields":{},"normalizations":{}},{"classId":"e_7","part":"s1v1","offsets":[{"start":1272,"text":"allerdings handelte es sich dabei um eine einmalige Bestellung eines Druckers"}],"coordinates":[],"confidence":{"state":"pre-added","who":["user:Frederike"],"prob":1},"fields":{},"normalizations":{}},{"classId":"e_6","part":"s1v1","offsets":[{"start":1351,"text":"Dementsprechend ist die konkludente Annahme nicht ausreichend"}],"coordinates":[],"confidence":{"state":"pre-added","who":["user:Frederike"],"prob":1},"fields":{},"normalizations":{}},{"classId":"e_5","part":"s1v1","offsets":[{"start":1415,"text":"Nach §119 II BGB Anfechtbarkeit wegen Irrtums, kann R seine Willenserklärung außerdem anfechten, da er den Empfänger der E-Mail mit der Bestellung versehentlich vertauscht hat und es sich somit um einen Irrtum über solche Eigenschaften der Person oder der Sache, die im Verkehr als wesentlich angesehen werden, handelt. Die Anfechtbarkeit muss nach §121 I ohne schuldhaftes Zögern unverzüglich erfolgen, nachdem der Anfechtungsberechtigte von dem Anfechtungsgrund Kenntnis erlangt hat."}],"coordinates":[],"confidence":{"state":"pre-added","who":["user:Frederike"],"prob":1},"fields":{},"normalizations":{}},{"classId":"e_6","part":"s1v1","offsets":[{"start":1415,"text":"Nach §119 II BGB Anfechtbarkeit wegen Irrtums, kann R seine Willenserklärung außerdem anfechten"}],"coordinates":[],"confidence":{"state":"pre-added","who":["user:Frederike"],"prob":1},"fields":{},"normalizations":{}},{"classId":"e_7","part":"s1v1","offsets":[{"start":1512,"text":"da er den Empfänger der E-Mail mit der Bestellung versehentlich vertauscht hat"}],"coordinates":[],"confidence":{"state":"pre-added","who":["user:Frederike"],"prob":1},"fields":{},"normalizations":{}},{"classId":"e_6","part":"s1v1","offsets":[{"start":1591,"text":"und es sich somit um einen Irrtum über solche Eigenschaften der Person oder der Sache, die im Verkehr als wesentlich angesehen werden, handelt"}],"coordinates":[],"confidence":{"state":"pre-added","who":["user:Frederike"],"prob":1},"fields":{},"normalizations":{}},{"classId":"e_2","part":"s1v1","offsets":[{"start":1902,"text":"H hat dementsprechend keinen Anspruch auf Zahlung des Kaufpreises, da kein gültiger Kaufvertrag, durch fehlende Auftragsbestätigung, zu Stande gekommen ist"}],"coordinates":[],"confidence":{"state":"pre-added","who":["user:Frederike"],"prob":1},"fields":{},"normalizations":{}},{"classId":"e_2","part":"s1v1","offsets":[{"start":2059,"text":"Des Weiteren lässt sich R’s Willenserklärung anfechten"}],"coordinates":[],"confidence":{"state":"pre-added","who":["user:Frederike"],"prob":1},"fields":{},"normalizations":{}}],"relations":[{"classId":"r_3","type":"linked","directed":false,"entities":["s1v1|e_1|364,408","s1v1|e_2|556,598"],"confidence":{"state":"pre-added","who":["user:Frederike"],"prob":1}},{"classId":"r_3","type":"linked","directed":false,"entities":["s1v1|e_2|1902,2056","s1v1|e_1|16,109"],"confidence":{"state":"pre-added","who":["user:Frederike"],"prob":1}},{"classId":"r_8","type":"linked","directed":false,"entities":["s1v1|e_7|601,626","s1v1|e_6|628,670"],"confidence":{"state":"pre-added","who":["user:Frederike"],"prob":1}},{"classId":"r_8","type":"linked","directed":false,"entities":["s1v1|e_7|673,738","s1v1|e_6|741,780"],"confidence":{"state":"pre-added","who":["user:Frederike"],"prob":1}},{"classId":"r_8","type":"linked","directed":false,"entities":["s1v1|e_7|1121,1153","s1v1|e_6|1156,1269"],"confidence":{"state":"pre-added","who":["user:Frederike"],"prob":1}},{"classId":"r_8","type":"linked","directed":false,"entities":["s1v1|e_6|1156,1269","s1v1|e_7|1272,1348"],"confidence":{"state":"pre-added","who":["user:Frederike"],"prob":1}},{"classId":"r_8","type":"linked","directed":false,"entities":["s1v1|e_7|1272,1348","s1v1|e_6|1351,1411"],"confidence":{"state":"pre-added","who":["user:Frederike"],"prob":1}},{"classId":"r_8","type":"linked","directed":false,"entities":["s1v1|e_6|1415,1509","s1v1|e_7|1512,1589"],"confidence":{"state":"pre-added","who":["user:Frederike"],"prob":1}},{"classId":"r_8","type":"linked","directed":false,"entities":["s1v1|e_7|1512,1589","s1v1|e_6|1591,1732"],"confidence":{"state":"pre-added","who":["user:Frederike"],"prob":1}}]}