{"annotatable":{"parts":["s1v1"]},"anncomplete":true,"sources":[],"metas":{},"entities":[{"classId":"e_1","part":"s1v1","offsets":[{"start":26,"text":"V könnte gegen K einen Anspruch auf Zahlung des Kaufpreises von 27.000,00 € gemäß § 422 (2) BGB haben"}],"coordinates":[],"confidence":{"state":"pre-added","who":["user:FabianBrese"],"prob":1},"fields":{},"normalizations":{}},{"classId":"e_1","part":"s1v1","offsets":[{"start":142,"text":"Dafür müsste ein wirksamer Kaufvertrag zustande gekommen sein"}],"coordinates":[],"confidence":{"state":"pre-added","who":["user:FabianBrese"],"prob":1},"fields":{},"normalizations":{}},{"classId":"e_4","part":"s1v1","offsets":[{"start":205,"text":"Dieser entsteht durch zwei inhaltlich übereinstimmende Willenserklärungen, bestehend aus Antrag und Annahme gemäß §§ 145 ff. BGB"}],"coordinates":[],"confidence":{"state":"pre-added","who":["user:FabianBrese"],"prob":1},"fields":{},"normalizations":{}},{"classId":"e_4","part":"s1v1","offsets":[{"start":336,"text":"Ein Angebot ist eine empfangsbedürftige Willenserklärung, die alle essentialia negotii enthält und mit einem einfachen Ja beantwortet werden kann"}],"coordinates":[],"confidence":{"state":"pre-added","who":["user:FabianBrese"],"prob":1},"fields":{},"normalizations":{}},{"classId":"e_5","part":"s1v1","offsets":[{"start":496,"text":"In diesem Sachverhalt hat A ein Angebot an K gerichtet."}],"coordinates":[],"confidence":{"state":"pre-added","who":["user:FabianBrese"],"prob":1},"fields":{},"normalizations":{}},{"classId":"e_7","part":"s1v1","offsets":[{"start":496,"text":"In diesem Sachverhalt hat A ein Angebot an K gerichtet"}],"coordinates":[],"confidence":{"state":"pre-added","who":["user:FabianBrese"],"prob":1},"fields":{},"normalizations":{}},{"classId":"e_1","part":"s1v1","offsets":[{"start":595,"text":"Damit das Angebot für und gegen V wirken kann, müsste A die V wirksam vertreten haben"}],"coordinates":[],"confidence":{"state":"pre-added","who":["user:FabianBrese"],"prob":1},"fields":{},"normalizations":{}},{"classId":"e_1","part":"s1v1","offsets":[{"start":682,"text":"Dafür müsste die Stellvertretung zulässig sein"}],"coordinates":[],"confidence":{"state":"pre-added","who":["user:FabianBrese"],"prob":1},"fields":{},"normalizations":{}},{"classId":"e_5","part":"s1v1","offsets":[{"start":758,"text":"A ist beschränkt geschäftsfähig nach § 106 BGB und somit ist die Stellvertretung durch A gemäß\n\n§ 164 (1) S. 1 BGB i. V. m. § 165 BGB zulässig."}],"coordinates":[],"confidence":{"state":"pre-added","who":["user:FabianBrese"],"prob":1},"fields":{},"normalizations":{}},{"classId":"e_7","part":"s1v1","offsets":[{"start":758,"text":"A ist beschränkt geschäftsfähig nach § 106 BGB"}],"coordinates":[],"confidence":{"state":"pre-added","who":["user:FabianBrese"],"prob":1},"fields":{},"normalizations":{}},{"classId":"e_6","part":"s1v1","offsets":[{"start":805,"text":"und somit ist die Stellvertretung durch A gemäß\n\n§ 164 (1) S. 1 BGB i. V. m. § 165 BGB zulässig"}],"coordinates":[],"confidence":{"state":"pre-added","who":["user:FabianBrese"],"prob":1},"fields":{},"normalizations":{}},{"classId":"e_1","part":"s1v1","offsets":[{"start":916,"text":"Außerdem müsste die Stellvertretung gemäß § 164 (1) S. 2 BGB offenkundig sein"}],"coordinates":[],"confidence":{"state":"pre-added","who":["user:FabianBrese"],"prob":1},"fields":{},"normalizations":{}},{"classId":"e_4","part":"s1v1","offsets":[{"start":1009,"text":"Offenkundig ist eine Vertretung, wenn sie ausdrücklich im Namen des Vertretenen erfolgt oder die Umstände ergeben, dass sie in dessen Namen erfolgen soll. Subsumtion"}],"coordinates":[],"confidence":{"state":"pre-added","who":["user:FabianBrese"],"prob":1},"fields":{},"normalizations":{}},{"classId":"e_5","part":"s1v1","offsets":[{"start":1177,"text":"Da A Auszubildende der V ist und somit für sie arbeitet ergibt sich die Offenkundigkeit der Vertretung aus den vorliegenden Umständen."}],"coordinates":[],"confidence":{"state":"pre-added","who":["user:FabianBrese"],"prob":1},"fields":{},"normalizations":{}},{"classId":"e_7","part":"s1v1","offsets":[{"start":1178,"text":"a A Auszubildende der V ist und somit für sie arbeitet"}],"coordinates":[],"confidence":{"state":"pre-added","who":["user:FabianBrese"],"prob":1},"fields":{},"normalizations":{}},{"classId":"e_6","part":"s1v1","offsets":[{"start":1233,"text":"ergibt sich die Offenkundigkeit der Vertretung aus den vorliegenden Umständen"}],"coordinates":[],"confidence":{"state":"pre-added","who":["user:FabianBrese"],"prob":1},"fields":{},"normalizations":{}},{"classId":"e_2","part":"s1v1","offsets":[{"start":1327,"text":"Also ist die Vertretung offenkundig"}],"coordinates":[],"confidence":{"state":"pre-added","who":["user:FabianBrese"],"prob":1},"fields":{},"normalizations":{}},{"classId":"e_1","part":"s1v1","offsets":[{"start":1379,"text":"Zusätzlich müsste A eine eigene Willenserklärung abgegeben haben"}],"coordinates":[],"confidence":{"state":"pre-added","who":["user:FabianBrese"],"prob":1},"fields":{},"normalizations":{}},{"classId":"e_5","part":"s1v1","offsets":[{"start":1565,"text":"Als Stellvertreterin hat A einen Handlungsspielraum, innerhalb welchem sie eine eigene Willenserklärung, nämlich das Auto für 27.000,00 € zu verkaufen, äußert."}],"coordinates":[],"confidence":{"state":"pre-added","who":["user:FabianBrese"],"prob":1},"fields":{},"normalizations":{}},{"classId":"e_2","part":"s1v1","offsets":[{"start":1740,"text":"Somit hat A ihre eigene WE abgegeben"}],"coordinates":[],"confidence":{"state":"pre-added","who":["user:FabianBrese"],"prob":1},"fields":{},"normalizations":{}},{"classId":"e_2","part":"s1v1","offsets":[{"start":1792,"text":"Als letztes müsste A Vertretungsmacht haben"}],"coordinates":[],"confidence":{"state":"pre-added","who":["user:FabianBrese"],"prob":1},"fields":{},"normalizations":{}},{"classId":"e_4","part":"s1v1","offsets":[{"start":1849,"text":"Vertretungsmacht ist gemäß § 166 (2) S. 1 BGB eine Vollmacht, bei der der Vertreter nach bestimmten Weisungen des Vollmachtgebers handeln kann"}],"coordinates":[],"confidence":{"state":"pre-added","who":["user:FabianBrese"],"prob":1},"fields":{},"normalizations":{}},{"classId":"e_7","part":"s1v1","offsets":[{"start":2005,"text":"V erklärte gegenüber A, dass A bitte den Verkauf des Autos übernehmen soll und erteilte ihr somit gemäß § 167 (1) Alt. 1 BGB Vertretungsmacht"}],"coordinates":[],"confidence":{"state":"pre-added","who":["user:FabianBrese"],"prob":1},"fields":{},"normalizations":{}},{"classId":"e_5","part":"s1v1","offsets":[{"start":2005,"text":"V erklärte gegenüber A, dass A bitte den Verkauf des Autos übernehmen soll und erteilte ihr somit gemäß § 167 (1) Alt. 1 BGB Vertretungsmacht. Außerdem hat A gemäß § 166 (2) S. 1 BGB nach den Anweisungen gehandelt, die ihr von V zugetragen wurden."}],"coordinates":[],"confidence":{"state":"pre-added","who":["user:FabianBrese"],"prob":1},"fields":{},"normalizations":{}},{"classId":"e_2","part":"s1v1","offsets":[{"start":2267,"text":"A handelt also mit Vertretungsmacht"}],"coordinates":[],"confidence":{"state":"pre-added","who":["user:FabianBrese"],"prob":1},"fields":{},"normalizations":{}},{"classId":"e_2","part":"s1v1","offsets":[{"start":2318,"text":"Die Vertretung der V durch die Auszubildende A ist somit gemäß §§ 164 ff. BGB zulässig"}],"coordinates":[],"confidence":{"state":"pre-added","who":["user:FabianBrese"],"prob":1},"fields":{},"normalizations":{}},{"classId":"e_2","part":"s1v1","offsets":[{"start":2407,"text":"Es liegt also ein wirksames Angebot an K vor"}],"coordinates":[],"confidence":{"state":"pre-added","who":["user:FabianBrese"],"prob":1},"fields":{},"normalizations":{}},{"classId":"e_1","part":"s1v1","offsets":[{"start":2493,"text":"Fraglich ist nun, ob K das Angebot wirksam angenommen hat"}],"coordinates":[],"confidence":{"state":"pre-added","who":["user:FabianBrese"],"prob":1},"fields":{},"normalizations":{}},{"classId":"e_4","part":"s1v1","offsets":[{"start":2565,"text":"Eine Annahme ist eine empfangsbedürftige Willenserklärung, die die Zustimmung zum entsprechenden Angebot ausdrückt"}],"coordinates":[],"confidence":{"state":"pre-added","who":["user:FabianBrese"],"prob":1},"fields":{},"normalizations":{}},{"classId":"e_7","part":"s1v1","offsets":[{"start":2694,"text":"A hat für die Annahme ihres Angebots eine Frist bis zum 24.02. gesetzt"}],"coordinates":[],"confidence":{"state":"pre-added","who":["user:FabianBrese"],"prob":1},"fields":{},"normalizations":{}},{"classId":"e_5","part":"s1v1","offsets":[{"start":2694,"text":"A hat für die Annahme ihres Angebots eine Frist bis zum 24.02. gesetzt, das Angebot kann also gemäß § 148 BGB nur wirksam angenommen werden, wenn innerhalb dieser Frist die Annahme von K erklärt wird und A zugeht."}],"coordinates":[],"confidence":{"state":"pre-added","who":["user:FabianBrese"],"prob":1},"fields":{},"normalizations":{}},{"classId":"e_6","part":"s1v1","offsets":[{"start":2766,"text":"das Angebot kann also gemäß § 148 BGB nur wirksam angenommen werden, wenn innerhalb dieser Frist die Annahme von K erklärt wird und A zugeht"}],"coordinates":[],"confidence":{"state":"pre-added","who":["user:FabianBrese"],"prob":1},"fields":{},"normalizations":{}},{"classId":"e_5","part":"s1v1","offsets":[{"start":2909,"text":"K erklärt die Annahme des Angebots innerhalb der Frist am 24.02. um 23:55 Uhr per E-Mail."}],"coordinates":[],"confidence":{"state":"pre-added","who":["user:FabianBrese"],"prob":1},"fields":{},"normalizations":{}},{"classId":"e_7","part":"s1v1","offsets":[{"start":2909,"text":"K erklärt die Annahme des Angebots innerhalb der Frist am 24.02. um 23:55 Uhr per E-Mail"}],"coordinates":[],"confidence":{"state":"pre-added","who":["user:FabianBrese"],"prob":1},"fields":{},"normalizations":{}},{"classId":"e_2","part":"s1v1","offsets":[{"start":3019,"text":"Die Erklärung über die Annahme erfolgt somit fristgerecht"}],"coordinates":[],"confidence":{"state":"pre-added","who":["user:FabianBrese"],"prob":1},"fields":{},"normalizations":{}},{"classId":"e_1","part":"s1v1","offsets":[{"start":3093,"text":"Des Weiteren müsste der Zugang der Annahme fristgerecht erfolgen"}],"coordinates":[],"confidence":{"state":"pre-added","who":["user:FabianBrese"],"prob":1},"fields":{},"normalizations":{}},{"classId":"e_4","part":"s1v1","offsets":[{"start":3173,"text":"Mit dem Wirksamwerden einer Willenserklärung gegenüber einem Abwesenden, in diesem Fall also der E-Mail, ist gemäß § 130 (1) BGB dann zu rechnen, wenn diese ihm zugeht, also unter regelmäßigen Umständen in den Handlungsbereich des Empfängers gelangt"}],"coordinates":[],"confidence":{"state":"pre-added","who":["user:FabianBrese"],"prob":1},"fields":{},"normalizations":{}},{"classId":"e_5","part":"s1v1","offsets":[{"start":3438,"text":"Bei einem Autoverkäufer bedeutet unter regelmäßigen Umständen innerhalb der Öffnungszeiten. Da K die E-Mail am 24.02. um 23:55 Uhr versendet hat, ist mit einem Zugang bei A unter regelmäßigen Umständen am 25.02. zu rechnen."}],"coordinates":[],"confidence":{"state":"pre-added","who":["user:FabianBrese"],"prob":1},"fields":{},"normalizations":{}},{"classId":"e_7","part":"s1v1","offsets":[{"start":3438,"text":"Bei einem Autoverkäufer bedeutet unter regelmäßigen Umständen innerhalb der Öffnungszeiten"}],"coordinates":[],"confidence":{"state":"pre-added","who":["user:FabianBrese"],"prob":1},"fields":{},"normalizations":{}},{"classId":"e_7","part":"s1v1","offsets":[{"start":3530,"text":"Da K die E-Mail am 24.02. um 23:55 Uhr versendet hat"}],"coordinates":[],"confidence":{"state":"pre-added","who":["user:FabianBrese"],"prob":1},"fields":{},"normalizations":{}},{"classId":"e_6","part":"s1v1","offsets":[{"start":3584,"text":"ist mit einem Zugang bei A unter regelmäßigen Umständen am 25.02. zu rechnen"}],"coordinates":[],"confidence":{"state":"pre-added","who":["user:FabianBrese"],"prob":1},"fields":{},"normalizations":{}},{"classId":"e_2","part":"s1v1","offsets":[{"start":3674,"text":"Somit ist die Annahme des Angebots gemäß § 148 BGB nicht fristgerecht erfolgt"}],"coordinates":[],"confidence":{"state":"pre-added","who":["user:FabianBrese"],"prob":1},"fields":{},"normalizations":{}},{"classId":"e_2","part":"s1v1","offsets":[{"start":3753,"text":"Die verspätete Annahme eines Angebots gilt gemäß § 150 (1) BGB als neues Angebot"}],"coordinates":[],"confidence":{"state":"pre-added","who":["user:FabianBrese"],"prob":1},"fields":{},"normalizations":{}},{"classId":"e_5","part":"s1v1","offsets":[{"start":3836,"text":"K hat nun also laut Sachverhalt A ein Angebot gemacht."}],"coordinates":[],"confidence":{"state":"pre-added","who":["user:FabianBrese"],"prob":1},"fields":{},"normalizations":{}},{"classId":"e_7","part":"s1v1","offsets":[{"start":3836,"text":"K hat nun also laut Sachverhalt A ein Angebot gemacht"}],"coordinates":[],"confidence":{"state":"pre-added","who":["user:FabianBrese"],"prob":1},"fields":{},"normalizations":{}},{"classId":"e_1","part":"s1v1","offsets":[{"start":3907,"text":"Fraglich ist, ob A dieses Angebot angenommen hat"}],"coordinates":[],"confidence":{"state":"pre-added","who":["user:FabianBrese"],"prob":1},"fields":{},"normalizations":{}},{"classId":"e_5","part":"s1v1","offsets":[{"start":3971,"text":"A hat unverzüglich auf die E-Mail der K geantwortet und sich mit dem Verkauf des Autos einverstanden erklärt."}],"coordinates":[],"confidence":{"state":"pre-added","who":["user:FabianBrese"],"prob":1},"fields":{},"normalizations":{}},{"classId":"e_7","part":"s1v1","offsets":[{"start":3971,"text":"A hat unverzüglich auf die E-Mail der K geantwortet und sich mit dem Verkauf des Autos einverstanden erklärt"}],"coordinates":[],"confidence":{"state":"pre-added","who":["user:FabianBrese"],"prob":1},"fields":{},"normalizations":{}},{"classId":"e_2","part":"s1v1","offsets":[{"start":4081,"text":"Somit hat A das Angebot angenommen"}],"coordinates":[],"confidence":{"state":"pre-added","who":["user:FabianBrese"],"prob":1},"fields":{},"normalizations":{}},{"classId":"e_2","part":"s1v1","offsets":[{"start":4131,"text":"Es liegt also ein wirksamer Kaufvertrag zwischen K und V vor"}],"coordinates":[],"confidence":{"state":"pre-added","who":["user:FabianBrese"],"prob":1},"fields":{},"normalizations":{}},{"classId":"e_1","part":"s1v1","offsets":[{"start":4233,"text":"Zu prüfen ist nun, ob der Kaufvertrag gemäß § 142 (1) BGB als von Anfang an nichtig anzusehen sein könnte"}],"coordinates":[],"confidence":{"state":"pre-added","who":["user:FabianBrese"],"prob":1},"fields":{},"normalizations":{}},{"classId":"e_1","part":"s1v1","offsets":[{"start":4341,"text":"Dafür müsste ein Anfechtungsgrund vorliegen"}],"coordinates":[],"confidence":{"state":"pre-added","who":["user:FabianBrese"],"prob":1},"fields":{},"normalizations":{}},{"classId":"e_5","part":"s1v1","offsets":[{"start":4400,"text":"K dachte in diesem Fall, dass sie eine Willenserklärung zum Kauf eines unfallfreien Autos abgibt. Ob ein Auto unfallfrei ist oder nicht ist eine Eigenschaft des Autos, die im üblichen Verkehr als wesentlich angesehen wird."}],"coordinates":[],"confidence":{"state":"pre-added","who":["user:FabianBrese"],"prob":1},"fields":{},"normalizations":{}},{"classId":"e_7","part":"s1v1","offsets":[{"start":4400,"text":"K dachte in diesem Fall, dass sie eine Willenserklärung zum Kauf eines unfallfreien Autos abgibt"}],"coordinates":[],"confidence":{"state":"pre-added","who":["user:FabianBrese"],"prob":1},"fields":{},"normalizations":{}},{"classId":"e_2","part":"s1v1","offsets":[{"start":4635,"text":"Somit liegt hier gemäß § 119 (2) BGB ein Inhaltsirrtum vor"}],"coordinates":[],"confidence":{"state":"pre-added","who":["user:FabianBrese"],"prob":1},"fields":{},"normalizations":{}},{"classId":"e_1","part":"s1v1","offsets":[{"start":4710,"text":"Außerdem müsste K gemäß § 143 (1) BGB eine Anfechtungserklärung abgegeben haben"}],"coordinates":[],"confidence":{"state":"pre-added","who":["user:FabianBrese"],"prob":1},"fields":{},"normalizations":{}},{"classId":"e_5","part":"s1v1","offsets":[{"start":4896,"text":"K äußert gegenüber V, dass sie den Kaufpreis nicht bezahlen wird und das Auto zurückbringen möchte."}],"coordinates":[],"confidence":{"state":"pre-added","who":["user:FabianBrese"],"prob":1},"fields":{},"normalizations":{}},{"classId":"e_7","part":"s1v1","offsets":[{"start":4896,"text":"K äußert gegenüber V, dass sie den Kaufpreis nicht bezahlen wird und das Auto zurückbringen möchte"}],"coordinates":[],"confidence":{"state":"pre-added","who":["user:FabianBrese"],"prob":1},"fields":{},"normalizations":{}},{"classId":"e_2","part":"s1v1","offsets":[{"start":5008,"text":"Damit erklärt K gemäß § 143 (1) BGB die Anfechtung"}],"coordinates":[],"confidence":{"state":"pre-added","who":["user:FabianBrese"],"prob":1},"fields":{},"normalizations":{}},{"classId":"e_1","part":"s1v1","offsets":[{"start":5075,"text":"K müsste sich dem richtigen Anfechtungsgegner gegenüber erklärt haben"}],"coordinates":[],"confidence":{"state":"pre-added","who":["user:FabianBrese"],"prob":1},"fields":{},"normalizations":{}},{"classId":"e_5","part":"s1v1","offsets":[{"start":5272,"text":"K erklärte die Anfechtung gegenüber V und hat somit den richtigen Anfechtungsgegner gewählt."}],"coordinates":[],"confidence":{"state":"pre-added","who":["user:FabianBrese"],"prob":1},"fields":{},"normalizations":{}},{"classId":"e_7","part":"s1v1","offsets":[{"start":5272,"text":"K erklärte die Anfechtung gegenüber V"}],"coordinates":[],"confidence":{"state":"pre-added","who":["user:FabianBrese"],"prob":1},"fields":{},"normalizations":{}},{"classId":"e_6","part":"s1v1","offsets":[{"start":5310,"text":"und hat somit den richtigen Anfechtungsgegner gewählt"}],"coordinates":[],"confidence":{"state":"pre-added","who":["user:FabianBrese"],"prob":1},"fields":{},"normalizations":{}},{"classId":"e_1","part":"s1v1","offsets":[{"start":5380,"text":"Zuletzt müsste K die Anfechtungsfristen gemäß § 121 (1) BGB wahren"}],"coordinates":[],"confidence":{"state":"pre-added","who":["user:FabianBrese"],"prob":1},"fields":{},"normalizations":{}},{"classId":"e_7","part":"s1v1","offsets":[{"start":5608,"text":"K erklärt unmittelbar nachdem V den Unfall erwähnt, dass sie das Auto zurückbringen möchte"}],"coordinates":[],"confidence":{"state":"pre-added","who":["user:FabianBrese"],"prob":1},"fields":{},"normalizations":{}},{"classId":"e_5","part":"s1v1","offsets":[{"start":5608,"text":"K erklärt unmittelbar nachdem V den Unfall erwähnt, dass sie das Auto zurückbringen möchte. Sie hat also unverzüglich gehandelt."}],"coordinates":[],"confidence":{"state":"pre-added","who":["user:FabianBrese"],"prob":1},"fields":{},"normalizations":{}},{"classId":"e_6","part":"s1v1","offsets":[{"start":5700,"text":"Sie hat also unverzüglich gehandelt"}],"coordinates":[],"confidence":{"state":"pre-added","who":["user:FabianBrese"],"prob":1},"fields":{},"normalizations":{}},{"classId":"e_2","part":"s1v1","offsets":[{"start":5749,"text":"Die Anfechtungsfrist gemäß § 121 (1) BGB wurde gewahrt"}],"coordinates":[],"confidence":{"state":"pre-added","who":["user:FabianBrese"],"prob":1},"fields":{},"normalizations":{}},{"classId":"e_2","part":"s1v1","offsets":[{"start":5820,"text":"Folglich hat K den Kaufvertrag wirksam angefochten und der Kaufvertrag gilt gemäß § 142 (1) BGB als von Anfang nichtig"}],"coordinates":[],"confidence":{"state":"pre-added","who":["user:FabianBrese"],"prob":1},"fields":{},"normalizations":{}},{"classId":"e_2","part":"s1v1","offsets":[{"start":5941,"text":"Somit hat V gegen K keinen Anspruch auf Zahlung des Kaufpreises von 27.000,00 € gemäß § 433 (2) BGB"}],"coordinates":[],"confidence":{"state":"pre-added","who":["user:FabianBrese"],"prob":1},"fields":{},"normalizations":{}}],"relations":[{"classId":"r_3","type":"linked","directed":false,"entities":["s1v1|e_1|682,727","s1v1|e_2|2318,2403"],"confidence":{"state":"pre-added","who":["user:FabianBrese"],"prob":1}},{"classId":"r_3","type":"linked","directed":false,"entities":["s1v1|e_2|1327,1361","s1v1|e_1|916,992"],"confidence":{"state":"pre-added","who":["user:FabianBrese"],"prob":1}},{"classId":"r_3","type":"linked","directed":false,"entities":["s1v1|e_2|1740,1775","s1v1|e_1|1379,1442"],"confidence":{"state":"pre-added","who":["user:FabianBrese"],"prob":1}},{"classId":"r_3","type":"linked","directed":false,"entities":["s1v1|e_2|3019,3075","s1v1|e_1|2493,2549"],"confidence":{"state":"pre-added","who":["user:FabianBrese"],"prob":1}},{"classId":"r_3","type":"linked","directed":false,"entities":["s1v1|e_1|4233,4337","s1v1|e_2|5820,5937"],"confidence":{"state":"pre-added","who":["user:FabianBrese"],"prob":1}},{"classId":"r_3","type":"linked","directed":false,"entities":["s1v1|e_2|5008,5057","s1v1|e_1|4710,4788"],"confidence":{"state":"pre-added","who":["user:FabianBrese"],"prob":1}},{"classId":"r_3","type":"linked","directed":false,"entities":["s1v1|e_2|5749,5802","s1v1|e_1|5380,5445"],"confidence":{"state":"pre-added","who":["user:FabianBrese"],"prob":1}},{"classId":"r_3","type":"linked","directed":false,"entities":["s1v1|e_2|5941,6039","s1v1|e_1|26,126"],"confidence":{"state":"pre-added","who":["user:FabianBrese"],"prob":1}},{"classId":"r_8","type":"linked","directed":false,"entities":["s1v1|e_7|758,803","s1v1|e_6|805,899"],"confidence":{"state":"pre-added","who":["user:FabianBrese"],"prob":1}},{"classId":"r_8","type":"linked","directed":false,"entities":["s1v1|e_7|1178,1231","s1v1|e_6|1233,1309"],"confidence":{"state":"pre-added","who":["user:FabianBrese"],"prob":1}},{"classId":"r_8","type":"linked","directed":false,"entities":["s1v1|e_7|2694,2763","s1v1|e_6|2766,2905"],"confidence":{"state":"pre-added","who":["user:FabianBrese"],"prob":1}},{"classId":"r_8","type":"linked","directed":false,"entities":["s1v1|e_7|3530,3581","s1v1|e_6|3584,3659"],"confidence":{"state":"pre-added","who":["user:FabianBrese"],"prob":1}},{"classId":"r_8","type":"linked","directed":false,"entities":["s1v1|e_7|5272,5308","s1v1|e_6|5310,5362"],"confidence":{"state":"pre-added","who":["user:FabianBrese"],"prob":1}},{"classId":"r_8","type":"linked","directed":false,"entities":["s1v1|e_7|5608,5697","s1v1|e_6|5700,5734"],"confidence":{"state":"pre-added","who":["user:FabianBrese"],"prob":1}}]}