{"annotatable":{"parts":["s1v1"]},"anncomplete":true,"sources":[],"metas":{},"entities":[{"classId":"e_1","part":"s1v1","offsets":[{"start":17,"text":"Fraglich ist nun, ob H einen Anspruch auf Zahlung des Kaufpreises gem. §433 II BGB für den Luftreiniger gegen R hat"}],"coordinates":[],"confidence":{"state":"pre-added","who":["user:Frederike"],"prob":1},"fields":{},"normalizations":{}},{"classId":"e_1","part":"s1v1","offsets":[{"start":138,"text":"Damit H einen Anspruch auf Zahlung des Kaufpreises für den Luftreiniger ge- gen R hat, müsste ein Kaufvertrag gem. §433 BGB zustande gekommen sein"}],"coordinates":[],"confidence":{"state":"pre-added","who":["user:Frederike"],"prob":1},"fields":{},"normalizations":{}},{"classId":"e_4","part":"s1v1","offsets":[{"start":566,"text":"Ein solcher Kaufvertrag kommt durch Angebot und Annahme seitens der Beteiligten (übereinstimmende Wil- lenserklärung) zustande"}],"coordinates":[],"confidence":{"state":"pre-added","who":["user:Frederike"],"prob":1},"fields":{},"normalizations":{}},{"classId":"e_5","part":"s1v1","offsets":[{"start":698,"text":"R hat mit H persönlich Kontakt per E-Mail im Hinblick auf den Kauf des Leitz Z-1000 gehabt und dem H gegenüber einen Kaufwunsch geäußert, welchen H erfüllt. Diese Erklärung enthält alle Voraussetzungen für ein Kaufvertragsangebot, enthält Kaufgegenstand und Kaufpreis sowie den Rechtbindungswillen, durch Annahme des Angebotes seitens des H einen Kaufvertrag und die darauf beruhende Zahlungspflicht begründen zu wollen."}],"coordinates":[],"confidence":{"state":"pre-added","who":["user:Frederike"],"prob":1},"fields":{},"normalizations":{}},{"classId":"e_7","part":"s1v1","offsets":[{"start":698,"text":"R hat mit H persönlich Kontakt per E-Mail im Hinblick auf den Kauf des Leitz Z-1000 gehabt und dem H gegenüber einen Kaufwunsch geäußert, welchen H erfüllt"}],"coordinates":[],"confidence":{"state":"pre-added","who":["user:Frederike"],"prob":1},"fields":{},"normalizations":{}},{"classId":"e_7","part":"s1v1","offsets":[{"start":855,"text":"Diese Erklärung enthält alle Voraussetzungen für ein Kaufvertragsangebot, enthält Kaufgegenstand und Kaufpreis sowie den Rechtbindungswillen, durch Annahme des Angebotes seitens des H einen Kaufvertrag und die darauf beruhende Zahlungspflicht begründen zu wollen"}],"coordinates":[],"confidence":{"state":"pre-added","who":["user:Frederike"],"prob":1},"fields":{},"normalizations":{}},{"classId":"e_4","part":"s1v1","offsets":[{"start":1123,"text":"Die Annahme ist eine empfangsbedürftige Willenserklärung, durch die der Antragsempfänger dem Antragenden sein Einverständnis mit dem angebo- tenen Vertragsschluss zu verstehen gibt"}],"coordinates":[],"confidence":{"state":"pre-added","who":["user:Frederike"],"prob":1},"fields":{},"normalizations":{}},{"classId":"e_5","part":"s1v1","offsets":[{"start":1305,"text":"Indem H den Luftreiniger Z-1000 besorgt und dem R persönlich vorbeibringt, hat er das Angebot angenom- men."}],"coordinates":[],"confidence":{"state":"pre-added","who":["user:Frederike"],"prob":1},"fields":{},"normalizations":{}},{"classId":"e_7","part":"s1v1","offsets":[{"start":1305,"text":"Indem H den Luftreiniger Z-1000 besorgt und dem R persönlich vorbeibringt"}],"coordinates":[],"confidence":{"state":"pre-added","who":["user:Frederike"],"prob":1},"fields":{},"normalizations":{}},{"classId":"e_6","part":"s1v1","offsets":[{"start":1380,"text":"hat er das Angebot angenom- men"}],"coordinates":[],"confidence":{"state":"pre-added","who":["user:Frederike"],"prob":1},"fields":{},"normalizations":{}},{"classId":"e_2","part":"s1v1","offsets":[{"start":1435,"text":"Damit ist zwischen H und R ein Kaufvertrag zustande gekommen, wodurch H einen Anspruch auf Zahlung des Kaufpreises für den Luftreiniger gegen R hat"}],"coordinates":[],"confidence":{"state":"pre-added","who":["user:Frederike"],"prob":1},"fields":{},"normalizations":{}},{"classId":"e_1","part":"s1v1","offsets":[{"start":1618,"text":"Der Kaufvertrag könne vorliegend infolge einer Anfechtung durch R gemäß §142 I BGB unwirksam sein"}],"coordinates":[],"confidence":{"state":"pre-added","who":["user:Frederike"],"prob":1},"fields":{},"normalizations":{}},{"classId":"e_4","part":"s1v1","offsets":[{"start":1717,"text":"Eine Anfechtung setzt einen Anfechtungsgrund sowie eine Anfechtungserklärung gegenüber dem richtigen Anfechtungsgegner und innerhalb der Anfechtungsfrist voraus"}],"coordinates":[],"confidence":{"state":"pre-added","who":["user:Frederike"],"prob":1},"fields":{},"normalizations":{}},{"classId":"e_1","part":"s1v1","offsets":[{"start":1883,"text":"Es müsste ein Anfechtungsgrund gemäß §§119 ff. BGB bestehen"}],"coordinates":[],"confidence":{"state":"pre-added","who":["user:Frederike"],"prob":1},"fields":{},"normalizations":{}},{"classId":"e_5","part":"s1v1","offsets":[{"start":1944,"text":"R hat eine falsche E-Mail-Adresse verwendet. Mithin kommt als Anfechtungsgrund ein Erklärungsirrtum gem. §119 I in Betracht."}],"coordinates":[],"confidence":{"state":"pre-added","who":["user:Frederike"],"prob":1},"fields":{},"normalizations":{}},{"classId":"e_7","part":"s1v1","offsets":[{"start":1944,"text":"R hat eine falsche E-Mail-Adresse verwendet"}],"coordinates":[],"confidence":{"state":"pre-added","who":["user:Frederike"],"prob":1},"fields":{},"normalizations":{}},{"classId":"e_4","part":"s1v1","offsets":[{"start":2069,"text":"Ein Erklärungsirrtum liegt vor, wenn subjektiv Gewolltes und objektiv Er- klärtes unbewusst auseinanderfallen"}],"coordinates":[],"confidence":{"state":"pre-added","who":["user:Frederike"],"prob":1},"fields":{},"normalizations":{}},{"classId":"e_4","part":"s1v1","offsets":[{"start":2180,"text":"Dies ist der Fall, wenn der Erklärende unwissentlich bei einem anderen Empfänger etwas bestellt, als er wollte"}],"coordinates":[],"confidence":{"state":"pre-added","who":["user:Frederike"],"prob":1},"fields":{},"normalizations":{}},{"classId":"e_5","part":"s1v1","offsets":[{"start":2292,"text":"Hier wollte R bei Schreibwarenhändler A. Huber (A) einen Aktenordner der Bezeichnung Leitz Z-1000 bestellen, R hat aber objektiv bei Elektronik- händler A. Huber (H) einen Luftreiniger der Bezeichnung Leitz Z-1000 be- stellt. R hat unwissentlich bei dem falschen Händler etwas bestellt."}],"coordinates":[],"confidence":{"state":"pre-added","who":["user:Frederike"],"prob":1},"fields":{},"normalizations":{}},{"classId":"e_7","part":"s1v1","offsets":[{"start":2292,"text":"Hier wollte R bei Schreibwarenhändler A. Huber (A) einen Aktenordner der Bezeichnung Leitz Z-1000 bestellen, R hat aber objektiv bei Elektronik- händler A. Huber (H) einen Luftreiniger der Bezeichnung Leitz Z-1000 be- stellt"}],"coordinates":[],"confidence":{"state":"pre-added","who":["user:Frederike"],"prob":1},"fields":{},"normalizations":{}},{"classId":"e_7","part":"s1v1","offsets":[{"start":2518,"text":"R hat unwissentlich bei dem falschen Händler etwas bestellt"}],"coordinates":[],"confidence":{"state":"pre-added","who":["user:Frederike"],"prob":1},"fields":{},"normalizations":{}},{"classId":"e_2","part":"s1v1","offsets":[{"start":2579,"text":"Damit liegt ein Erklärungsirrtum im Sinne des §119 I BGB vor"}],"coordinates":[],"confidence":{"state":"pre-added","who":["user:Frederike"],"prob":1},"fields":{},"normalizations":{}},{"classId":"e_1","part":"s1v1","offsets":[{"start":2641,"text":"Außerdem müsste der Irrtum auch für die Erklärung des R kausal gewesen sein"}],"coordinates":[],"confidence":{"state":"pre-added","who":["user:Frederike"],"prob":1},"fields":{},"normalizations":{}},{"classId":"e_4","part":"s1v1","offsets":[{"start":2718,"text":"Kausalität ist gegeben, wenn anzunehmen ist, dass der Anfechtende die Erklärung bei Kenntnis der Sachlage und bei verständiger Würdigung des Falles nicht abgegeben haben würde, §119 I BGB"}],"coordinates":[],"confidence":{"state":"pre-added","who":["user:Frederike"],"prob":1},"fields":{},"normalizations":{}},{"classId":"e_5","part":"s1v1","offsets":[{"start":2907,"text":"Bei Kenntnis der Sachlage und verständiger Würdigung hätte R eine Bestel- lung bzgl. des Luftreinigers Leitz Z-1000 bei H nicht abgegeben."}],"coordinates":[],"confidence":{"state":"pre-added","who":["user:Frederike"],"prob":1},"fields":{},"normalizations":{}},{"classId":"e_6","part":"s1v1","offsets":[{"start":2907,"text":"Bei Kenntnis der Sachlage und verständiger Würdigung hätte R eine Bestel- lung bzgl. des Luftreinigers Leitz Z-1000 bei H nicht abgegeben"}],"coordinates":[],"confidence":{"state":"pre-added","who":["user:Frederike"],"prob":1},"fields":{},"normalizations":{}},{"classId":"e_2","part":"s1v1","offsets":[{"start":3046,"text":"Der Irrtum war also für die Willenserklärung des R auch kausal"}],"coordinates":[],"confidence":{"state":"pre-added","who":["user:Frederike"],"prob":1},"fields":{},"normalizations":{}},{"classId":"e_1","part":"s1v1","offsets":[{"start":3114,"text":"Außerdem müsste eine rechtzeitige Anfechtungserklärung gegenüber dem richtigen Anfechtungsgegner gem. § 143 I BGB vorliegen"}],"coordinates":[],"confidence":{"state":"pre-added","who":["user:Frederike"],"prob":1},"fields":{},"normalizations":{}},{"classId":"e_1","part":"s1v1","offsets":[{"start":3243,"text":"R müsste eine Anfechtungserklärung gem. § 143 I BGB abgegeben ha- ben"}],"coordinates":[],"confidence":{"state":"pre-added","who":["user:Frederike"],"prob":1},"fields":{},"normalizations":{}},{"classId":"e_4","part":"s1v1","offsets":[{"start":3314,"text":"Die Anfechtungserklärung ist eine empfangsbedürftige Willenser- klärung, mit der der Anfechtende zu erkennen gibt, dass und warum er das Geschäft nicht gelten lassen will"}],"coordinates":[],"confidence":{"state":"pre-added","who":["user:Frederike"],"prob":1},"fields":{},"normalizations":{}},{"classId":"e_5","part":"s1v1","offsets":[{"start":3486,"text":"Als H den Luftreiniger Z-1000 per- sönlich vorbeibringt, erklärt R, er wolle den Z-1000 nicht abnehmen, da R sich in der E-Mail-Adresse geirrt habe. Damit ist der Grund der An- fechtung für H erkennbar."}],"coordinates":[],"confidence":{"state":"pre-added","who":["user:Frederike"],"prob":1},"fields":{},"normalizations":{}},{"classId":"e_7","part":"s1v1","offsets":[{"start":3486,"text":"Als H den Luftreiniger Z-1000 per- sönlich vorbeibringt, erklärt R, er wolle den Z-1000 nicht abnehmen, da R sich in der E-Mail-Adresse geirrt habe"}],"coordinates":[],"confidence":{"state":"pre-added","who":["user:Frederike"],"prob":1},"fields":{},"normalizations":{}},{"classId":"e_6","part":"s1v1","offsets":[{"start":3635,"text":"Damit ist der Grund der An- fechtung für H erkennbar"}],"coordinates":[],"confidence":{"state":"pre-added","who":["user:Frederike"],"prob":1},"fields":{},"normalizations":{}},{"classId":"e_2","part":"s1v1","offsets":[{"start":3689,"text":"Also liegt in dem persönlichen Gespräch (Auf- klärung des Missverständnisses) eine Anfechtungserklärung"}],"coordinates":[],"confidence":{"state":"pre-added","who":["user:Frederike"],"prob":1},"fields":{},"normalizations":{}},{"classId":"e_2","part":"s1v1","offsets":[{"start":3868,"text":"R erklärte die Anfechtung gegenüber dem Elektronikhändler H, also ge- genüber dem richtigen Anfechtungsgegner"}],"coordinates":[],"confidence":{"state":"pre-added","who":["user:Frederike"],"prob":1},"fields":{},"normalizations":{}},{"classId":"e_1","part":"s1v1","offsets":[{"start":3983,"text":"R müsste seine Erklärung innerhalb der Anfechtungsfrist angefochten haben"}],"coordinates":[],"confidence":{"state":"pre-added","who":["user:Frederike"],"prob":1},"fields":{},"normalizations":{}},{"classId":"e_4","part":"s1v1","offsets":[{"start":4058,"text":"Gemäß §121 I 1 BGB ist die Anfechtungserklärung unverzüglich nach Kenntnis, also ohne schuldhaftes Zögern abzugeben"}],"coordinates":[],"confidence":{"state":"pre-added","who":["user:Frederike"],"prob":1},"fields":{},"normalizations":{}},{"classId":"e_5","part":"s1v1","offsets":[{"start":4175,"text":"R hat sofort nach Of- fenbarwerden des Irrtums, als H den Z-1000 übergeben wollte, die Anfech- tung gegenüber H erklärt."}],"coordinates":[],"confidence":{"state":"pre-added","who":["user:Frederike"],"prob":1},"fields":{},"normalizations":{}},{"classId":"e_7","part":"s1v1","offsets":[{"start":4175,"text":"R hat sofort nach Of- fenbarwerden des Irrtums, als H den Z-1000 übergeben wollte, die Anfech- tung gegenüber H erklärt"}],"coordinates":[],"confidence":{"state":"pre-added","who":["user:Frederike"],"prob":1},"fields":{},"normalizations":{}},{"classId":"e_2","part":"s1v1","offsets":[{"start":4296,"text":"Folglich ist die Anfechtungsfrist gewahrt"}],"coordinates":[],"confidence":{"state":"pre-added","who":["user:Frederike"],"prob":1},"fields":{},"normalizations":{}},{"classId":"e_2","part":"s1v1","offsets":[{"start":4343,"text":"R hat den zwischen ihm und H zustande gekommenen Kaufvertrag wirksam angefochten"}],"coordinates":[],"confidence":{"state":"pre-added","who":["user:Frederike"],"prob":1},"fields":{},"normalizations":{}},{"classId":"e_2","part":"s1v1","offsets":[{"start":4425,"text":"Dieser ist daher gem. §142 I BGB von Anfang an nichtig"}],"coordinates":[],"confidence":{"state":"pre-added","who":["user:Frederike"],"prob":1},"fields":{},"normalizations":{}},{"classId":"e_1","part":"s1v1","offsets":[{"start":4526,"text":"H könnte von der Schadensersatzpflicht gem. § 122 gebrauch machen"}],"coordinates":[],"confidence":{"state":"pre-added","who":["user:Frederike"],"prob":1},"fields":{},"normalizations":{}},{"classId":"e_5","part":"s1v1","offsets":[{"start":4824,"text":"Da H den Luftreiniger direkt besorgt und vorbeigebracht und somit auf die Gültigkeit der Erklärung vertraut hat, könnte er die Kosten, die er dafür auf- gewendet hat, wirksam einfordern."}],"coordinates":[],"confidence":{"state":"pre-added","who":["user:Frederike"],"prob":1},"fields":{},"normalizations":{}},{"classId":"e_7","part":"s1v1","offsets":[{"start":4824,"text":"Da H den Luftreiniger direkt besorgt und vorbeigebracht"}],"coordinates":[],"confidence":{"state":"pre-added","who":["user:Frederike"],"prob":1},"fields":{},"normalizations":{}},{"classId":"e_6","part":"s1v1","offsets":[{"start":4880,"text":"und somit auf die Gültigkeit der Erklärung vertraut hat, könnte er die Kosten, die er dafür auf- gewendet hat, wirksam einfordern"}],"coordinates":[],"confidence":{"state":"pre-added","who":["user:Frederike"],"prob":1},"fields":{},"normalizations":{}},{"classId":"e_2","part":"s1v1","offsets":[{"start":5025,"text":"H hat mangels wirksamen Kaufvertrags keinen Anspruch gegen R auf Kauf- preiszahlung in Höhe von 125€ gem. §433 II BGB"}],"coordinates":[],"confidence":{"state":"pre-added","who":["user:Frederike"],"prob":1},"fields":{},"normalizations":{}},{"classId":"e_2","part":"s1v1","offsets":[{"start":5144,"text":"Er könnte jedoch gem. § 122 die Kosten, die er für den Auftrag aufgewendet hat, einfordern"}],"coordinates":[],"confidence":{"state":"pre-added","who":["user:Frederike"],"prob":1},"fields":{},"normalizations":{}}],"relations":[{"classId":"r_3","type":"linked","directed":false,"entities":["s1v1|e_2|1435,1581","s1v1|e_1|138,283"],"confidence":{"state":"pre-added","who":["user:Frederike"],"prob":1}},{"classId":"r_3","type":"linked","directed":false,"entities":["s1v1|e_1|1618,1714","s1v1|e_2|4425,4478"],"confidence":{"state":"pre-added","who":["user:Frederike"],"prob":1}},{"classId":"r_3","type":"linked","directed":false,"entities":["s1v1|e_2|2579,2638","s1v1|e_1|1883,1941"],"confidence":{"state":"pre-added","who":["user:Frederike"],"prob":1}},{"classId":"r_3","type":"linked","directed":false,"entities":["s1v1|e_1|2641,2715","s1v1|e_2|3046,3107"],"confidence":{"state":"pre-added","who":["user:Frederike"],"prob":1}},{"classId":"r_3","type":"linked","directed":false,"entities":["s1v1|e_1|3114,3236","s1v1|e_2|3868,3976"],"confidence":{"state":"pre-added","who":["user:Frederike"],"prob":1}},{"classId":"r_3","type":"linked","directed":false,"entities":["s1v1|e_1|3243,3311","s1v1|e_2|3689,3791"],"confidence":{"state":"pre-added","who":["user:Frederike"],"prob":1}},{"classId":"r_3","type":"linked","directed":false,"entities":["s1v1|e_1|3983,4055","s1v1|e_2|4296,4336"],"confidence":{"state":"pre-added","who":["user:Frederike"],"prob":1}},{"classId":"r_3","type":"linked","directed":false,"entities":["s1v1|e_2|5025,5141","s1v1|e_1|17,131"],"confidence":{"state":"pre-added","who":["user:Frederike"],"prob":1}},{"classId":"r_8","type":"linked","directed":false,"entities":["s1v1|e_7|1305,1377","s1v1|e_6|1380,1410"],"confidence":{"state":"pre-added","who":["user:Frederike"],"prob":1}},{"classId":"r_8","type":"linked","directed":false,"entities":["s1v1|e_7|3486,3632","s1v1|e_6|3635,3686"],"confidence":{"state":"pre-added","who":["user:Frederike"],"prob":1}},{"classId":"r_8","type":"linked","directed":false,"entities":["s1v1|e_7|4824,4878","s1v1|e_6|4880,5008"],"confidence":{"state":"pre-added","who":["user:Frederike"],"prob":1}}]}