{"annotatable":{"parts":["s1v1"]},"anncomplete":true,"sources":[],"metas":{},"entities":[{"classId":"e_5","part":"s1v1","offsets":[{"start":72,"text":"Die Textilherstellerin V macht über ihrer Arbeitnehmerin A ein befristetes Angebot eine Maschine zur industriellen Herstellung medizinischer Schutzmasken an Medizinproduktherstellerin K zu verkaufen. K hält die Frist ein, aber nimmt es A nicht mehr zur Kenntnis. Nun verlangt K die Herausgabe der Maschine von V, die es verweigert."}],"coordinates":[],"confidence":{"state":"pre-added","who":["user:Frederike"],"prob":1},"fields":{},"normalizations":{}},{"classId":"e_7","part":"s1v1","offsets":[{"start":72,"text":"Die Textilherstellerin V macht über ihrer Arbeitnehmerin A ein befristetes Angebot eine Maschine zur industriellen Herstellung medizinischer Schutzmasken an Medizinproduktherstellerin K zu verkaufen"}],"coordinates":[],"confidence":{"state":"pre-added","who":["user:Frederike"],"prob":1},"fields":{},"normalizations":{}},{"classId":"e_7","part":"s1v1","offsets":[{"start":272,"text":"K hält die Frist ein, aber nimmt es A nicht mehr zur Kenntnis"}],"coordinates":[],"confidence":{"state":"pre-added","who":["user:Frederike"],"prob":1},"fields":{},"normalizations":{}},{"classId":"e_7","part":"s1v1","offsets":[{"start":335,"text":"Nun verlangt K die Herausgabe der Maschine von V, die es verweigert"}],"coordinates":[],"confidence":{"state":"pre-added","who":["user:Frederike"],"prob":1},"fields":{},"normalizations":{}},{"classId":"e_5","part":"s1v1","offsets":[{"start":408,"text":"Es ist ein Anspruch entstanden, weil das Angebot innerhalb der gegebenen Frist eingegangen ist und Zugang ohne Kenntnis als abgeschlossener Kaufvertrag zählt."}],"coordinates":[],"confidence":{"state":"pre-added","who":["user:Frederike"],"prob":1},"fields":{},"normalizations":{}},{"classId":"e_6","part":"s1v1","offsets":[{"start":408,"text":"Es ist ein Anspruch entstanden"}],"coordinates":[],"confidence":{"state":"pre-added","who":["user:Frederike"],"prob":1},"fields":{},"normalizations":{}},{"classId":"e_7","part":"s1v1","offsets":[{"start":440,"text":"weil das Angebot innerhalb der gegebenen Frist eingegangen ist und Zugang ohne Kenntnis als abgeschlossener Kaufvertrag zählt"}],"coordinates":[],"confidence":{"state":"pre-added","who":["user:Frederike"],"prob":1},"fields":{},"normalizations":{}},{"classId":"e_5","part":"s1v1","offsets":[{"start":603,"text":"Durch die Bevollmächtigung von A durch V ein Angebot zu machen und den Verkauf eigenständig durchzuführen, zählt das von A gemachte Angebot. Demnach zählt auch die Annahme dieses Angebots durch K und somit ist ein Kaufvertrag entstanden und dadurch auch ein Anspruch von K auf die Maschine."}],"coordinates":[],"confidence":{"state":"pre-added","who":["user:Frederike"],"prob":1},"fields":{},"normalizations":{}},{"classId":"e_7","part":"s1v1","offsets":[{"start":603,"text":"Durch die Bevollmächtigung von A durch V ein Angebot zu machen und den Verkauf eigenständig durchzuführen"}],"coordinates":[],"confidence":{"state":"pre-added","who":["user:Frederike"],"prob":1},"fields":{},"normalizations":{}},{"classId":"e_6","part":"s1v1","offsets":[{"start":710,"text":"zählt das von A gemachte Angebot"}],"coordinates":[],"confidence":{"state":"pre-added","who":["user:Frederike"],"prob":1},"fields":{},"normalizations":{}},{"classId":"e_6","part":"s1v1","offsets":[{"start":744,"text":"Demnach zählt auch die Annahme dieses Angebots durch K und somit ist ein Kaufvertrag entstanden und dadurch auch ein Anspruch von K auf die Maschine"}],"coordinates":[],"confidence":{"state":"pre-added","who":["user:Frederike"],"prob":1},"fields":{},"normalizations":{}},{"classId":"e_2","part":"s1v1","offsets":[{"start":925,"text":"Besitzer und Eigentümer wird durch den abgeschlossenen Kaufvertrag K zu dem Preis von 1.000.000 Euro"}],"coordinates":[],"confidence":{"state":"pre-added","who":["user:Frederike"],"prob":1},"fields":{},"normalizations":{}}],"relations":[{"classId":"r_8","type":"linked","directed":false,"entities":["s1v1|e_6|408,437","s1v1|e_7|440,564"],"confidence":{"state":"pre-added","who":["user:Frederike"],"prob":1}},{"classId":"r_8","type":"linked","directed":false,"entities":["s1v1|e_7|603,707","s1v1|e_6|710,741"],"confidence":{"state":"pre-added","who":["user:Frederike"],"prob":1}}]}