{"annotatable":{"parts":["s1v1"]},"anncomplete":true,"sources":[],"metas":{},"entities":[{"classId":"e_1","part":"s1v1","offsets":[{"start":14,"text":"K könnte gegen V einen Anspruch auf Übergabe und Übereignung der Maschine aus §433 Abs. 1 Satz 1 BGB haben"}],"coordinates":[],"confidence":{"state":"pre-added","who":["user:FabianBrese"],"prob":1},"fields":{},"normalizations":{}},{"classId":"e_4","part":"s1v1","offsets":[{"start":144,"text":"Ein Vertrag kommt nach §§145 ff. BGB durch übereinstimmende und aufeinander abgestimmte Willenserklärungen zustande, dem Angebot und der Annahme"}],"coordinates":[],"confidence":{"state":"pre-added","who":["user:FabianBrese"],"prob":1},"fields":{},"normalizations":{}},{"classId":"e_5","part":"s1v1","offsets":[{"start":303,"text":"Textilherstellerin V hat der Medizinproduktherstellerin K nicht selbst ein Angebot gemacht."}],"coordinates":[],"confidence":{"state":"pre-added","who":["user:FabianBrese"],"prob":1},"fields":{},"normalizations":{}},{"classId":"e_7","part":"s1v1","offsets":[{"start":303,"text":"Textilherstellerin V hat der Medizinproduktherstellerin K nicht selbst ein Angebot gemacht"}],"coordinates":[],"confidence":{"state":"pre-added","who":["user:FabianBrese"],"prob":1},"fields":{},"normalizations":{}},{"classId":"e_4","part":"s1v1","offsets":[{"start":396,"text":"Angebot ist eine empfangsbedürftige Willenserklärung, die auf den Abschluss eine schuldrechtlichen Vertrags gerichtet ist"}],"coordinates":[],"confidence":{"state":"pre-added","who":["user:FabianBrese"],"prob":1},"fields":{},"normalizations":{}},{"classId":"e_1","part":"s1v1","offsets":[{"start":708,"text":"Für die wirksame Vertretung muss die Stellvertretung zulässig sein und A eine eigene Willenserklärung im Namen der Vertretenen V mit Vertretungsmacht abgegeben haben"}],"coordinates":[],"confidence":{"state":"pre-added","who":["user:FabianBrese"],"prob":1},"fields":{},"normalizations":{}},{"classId":"e_2","part":"s1v1","offsets":[{"start":914,"text":"Stellvertretung ist bei der Schließung von Kaufverträgen gemäß §§ 164 BGB zulässig"}],"coordinates":[],"confidence":{"state":"pre-added","who":["user:FabianBrese"],"prob":1},"fields":{},"normalizations":{}},{"classId":"e_2","part":"s1v1","offsets":[{"start":1049,"text":"Arbeitgeberin A hat als Stellvertreterin eine Willenserklärung abzugeben"}],"coordinates":[],"confidence":{"state":"pre-added","who":["user:FabianBrese"],"prob":1},"fields":{},"normalizations":{}},{"classId":"e_5","part":"s1v1","offsets":[{"start":1317,"text":"Laut Sachverhalt verhandelt A den Vertrag eigenverantwortlich und hat somit aus Sicht der K ein eigenständiges Angebot abgegeben."}],"coordinates":[],"confidence":{"state":"pre-added","who":["user:FabianBrese"],"prob":1},"fields":{},"normalizations":{}},{"classId":"e_7","part":"s1v1","offsets":[{"start":1317,"text":"Laut Sachverhalt verhandelt A den Vertrag eigenverantwortlich"}],"coordinates":[],"confidence":{"state":"pre-added","who":["user:FabianBrese"],"prob":1},"fields":{},"normalizations":{}},{"classId":"e_6","part":"s1v1","offsets":[{"start":1379,"text":"und hat somit aus Sicht der K ein eigenständiges Angebot abgegeben"}],"coordinates":[],"confidence":{"state":"pre-added","who":["user:FabianBrese"],"prob":1},"fields":{},"normalizations":{}},{"classId":"e_2","part":"s1v1","offsets":[{"start":1448,"text":"A hat somit eine Willenserklärung abgegeben"}],"coordinates":[],"confidence":{"state":"pre-added","who":["user:FabianBrese"],"prob":1},"fields":{},"normalizations":{}},{"classId":"e_1","part":"s1v1","offsets":[{"start":1515,"text":"A müsste das Angebot im Namen der V abgegeben haben"}],"coordinates":[],"confidence":{"state":"pre-added","who":["user:FabianBrese"],"prob":1},"fields":{},"normalizations":{}},{"classId":"e_4","part":"s1v1","offsets":[{"start":1569,"text":"Stellvertretung beruht auf dem Offenkundigkeitsprinzip"}],"coordinates":[],"confidence":{"state":"pre-added","who":["user:FabianBrese"],"prob":1},"fields":{},"normalizations":{}},{"classId":"e_4","part":"s1v1","offsets":[{"start":1625,"text":"Der Stellvertreter muss offenlegen, dass die Folgen seines Handeln nicht ihn, sondern denjenigen Treffen, den er vertritt"}],"coordinates":[],"confidence":{"state":"pre-added","who":["user:FabianBrese"],"prob":1},"fields":{},"normalizations":{}},{"classId":"e_5","part":"s1v1","offsets":[{"start":1951,"text":"Für K war klar ersichtlich, dass A nicht selbst die Maschine verkauft, sondern für eine andere Vertragspartei."}],"coordinates":[],"confidence":{"state":"pre-added","who":["user:FabianBrese"],"prob":1},"fields":{},"normalizations":{}},{"classId":"e_7","part":"s1v1","offsets":[{"start":1951,"text":"Für K war klar ersichtlich, dass A nicht selbst die Maschine verkauft"}],"coordinates":[],"confidence":{"state":"pre-added","who":["user:FabianBrese"],"prob":1},"fields":{},"normalizations":{}},{"classId":"e_6","part":"s1v1","offsets":[{"start":2022,"text":"sondern für eine andere Vertragspartei"}],"coordinates":[],"confidence":{"state":"pre-added","who":["user:FabianBrese"],"prob":1},"fields":{},"normalizations":{}},{"classId":"e_2","part":"s1v1","offsets":[{"start":2063,"text":"Somit hat A das Angebot folglich im Namen der V abgegeben"}],"coordinates":[],"confidence":{"state":"pre-added","who":["user:FabianBrese"],"prob":1},"fields":{},"normalizations":{}},{"classId":"e_1","part":"s1v1","offsets":[{"start":2145,"text":"A müsste zudem die Vertretungsmacht besitzen und auch in dieser handeln"}],"coordinates":[],"confidence":{"state":"pre-added","who":["user:FabianBrese"],"prob":1},"fields":{},"normalizations":{}},{"classId":"e_5","part":"s1v1","offsets":[{"start":2359,"text":"V wies ihre Arbeitnehmerin A an, den Verkauf eigenverantwortlich zu verhandeln und abzuwickeln."}],"coordinates":[],"confidence":{"state":"pre-added","who":["user:FabianBrese"],"prob":1},"fields":{},"normalizations":{}},{"classId":"e_7","part":"s1v1","offsets":[{"start":2359,"text":"V wies ihre Arbeitnehmerin A an, den Verkauf eigenverantwortlich zu verhandeln und abzuwickeln"}],"coordinates":[],"confidence":{"state":"pre-added","who":["user:FabianBrese"],"prob":1},"fields":{},"normalizations":{}},{"classId":"e_2","part":"s1v1","offsets":[{"start":2456,"text":"A besaß somit die Vertretungsmacht für den Kauf der Maschine"}],"coordinates":[],"confidence":{"state":"pre-added","who":["user:FabianBrese"],"prob":1},"fields":{},"normalizations":{}},{"classId":"e_2","part":"s1v1","offsets":[{"start":2541,"text":"A hat K ein Angebot per E-Mail gemacht über eine Maschine zur industriellen Herstellung medizinischer Schutzmasken im Wert von 1.000.000 € und gemäß §164 Abs. 1 BGB kann das Angebot Wirkung für die wirksamen Vertreter entfalten"}],"coordinates":[],"confidence":{"state":"pre-added","who":["user:FabianBrese"],"prob":1},"fields":{},"normalizations":{}},{"classId":"e_1","part":"s1v1","offsets":[{"start":2783,"text":"K müsste das Angebot der V, durch die E-Mail der A vom 10.03. wirksam angenommen haben"}],"coordinates":[],"confidence":{"state":"pre-added","who":["user:FabianBrese"],"prob":1},"fields":{},"normalizations":{}},{"classId":"e_4","part":"s1v1","offsets":[{"start":2871,"text":"Gemäß §148 BGB kann die Annahme nur innerhalb der Frist erfolgen, vorausgesetzt der Antragende hat für die Annahme des Antrags eine Frist bestimmt"}],"coordinates":[],"confidence":{"state":"pre-added","who":["user:FabianBrese"],"prob":1},"fields":{},"normalizations":{}},{"classId":"e_4","part":"s1v1","offsets":[{"start":3019,"text":"Die Annahme, die einem anderen gegenüber abzugeben ist, wird , wenn sie in dessen Abwesenheit abgegeben wird, in dem Zeitpunkt wirksam, in welchem sie ihm zugeht, gemäß §130 Abs. 1 S. 1 BGB"}],"coordinates":[],"confidence":{"state":"pre-added","who":["user:FabianBrese"],"prob":1},"fields":{},"normalizations":{}},{"classId":"e_4","part":"s1v1","offsets":[{"start":3210,"text":"Eine Willenserklärung gilt als zugegangen, wenn sie derart in den Machtbereich des Empfängers gelangt ist, dass mit der Kenntnisnahme unter regelmäßigen Umständen zu rechnen ist"}],"coordinates":[],"confidence":{"state":"pre-added","who":["user:FabianBrese"],"prob":1},"fields":{},"normalizations":{}},{"classId":"e_4","part":"s1v1","offsets":[{"start":3389,"text":"Im Fall der Stellvertretung kommt es gemäß §164 Abs. 3 BGB auf den Zugang beim Stellvertreter an"}],"coordinates":[],"confidence":{"state":"pre-added","who":["user:FabianBrese"],"prob":1},"fields":{},"normalizations":{}},{"classId":"e_5","part":"s1v1","offsets":[{"start":3487,"text":"Die E-Mail der K ist am 10.03. in den Machtbereich des Empfängers eingetreten, in der sie die Annahme des Angebots der A annimmt. Obwohl die E-Mails im Spam-Ordner gelandet sind, sind sie vom Inhaber des Accounts abrufbar."}],"coordinates":[],"confidence":{"state":"pre-added","who":["user:FabianBrese"],"prob":1},"fields":{},"normalizations":{}},{"classId":"e_1","part":"s1v1","offsets":[{"start":3710,"text":"Fraglich ist, ob und in welchem Zeitraum der Empfänger der E-Mail gewöhnlich in den Spam-Ordner schaut und die E-Mail somit zur Kenntnis nimmt"}],"coordinates":[],"confidence":{"state":"pre-added","who":["user:FabianBrese"],"prob":1},"fields":{},"normalizations":{}},{"classId":"e_5","part":"s1v1","offsets":[{"start":4352,"text":"Die E-Mail der K ist somit am 10.03 nach §164 Abs. 3 BGB mit Wirkung für V zugegangen."}],"coordinates":[],"confidence":{"state":"pre-added","who":["user:FabianBrese"],"prob":1},"fields":{},"normalizations":{}},{"classId":"e_6","part":"s1v1","offsets":[{"start":4352,"text":"Die E-Mail der K ist somit am 10.03 nach §164 Abs. 3 BGB mit Wirkung für V zugegangen"}],"coordinates":[],"confidence":{"state":"pre-added","who":["user:FabianBrese"],"prob":1},"fields":{},"normalizations":{}},{"classId":"e_2","part":"s1v1","offsets":[{"start":4439,"text":"K hat das Angebot somit fristgerecht angenommen"}],"coordinates":[],"confidence":{"state":"pre-added","who":["user:FabianBrese"],"prob":1},"fields":{},"normalizations":{}},{"classId":"e_2","part":"s1v1","offsets":[{"start":4509,"text":"Es ist ein Kaufvertrag zwischen V und K über die Maschine im Wert von 1.000.000€ zustande gekommen"}],"coordinates":[],"confidence":{"state":"pre-added","who":["user:FabianBrese"],"prob":1},"fields":{},"normalizations":{}},{"classId":"e_1","part":"s1v1","offsets":[{"start":4625,"text":"Der zustande gekommene Kaufvertrag, könnte durch die Anfechtung der V gemäß §142 Abs. 1 BGB von Anfang an als nichtig anzusehen sein"}],"coordinates":[],"confidence":{"state":"pre-added","who":["user:FabianBrese"],"prob":1},"fields":{},"normalizations":{}},{"classId":"e_5","part":"s1v1","offsets":[{"start":4813,"text":"Gemäß des Sachverhalts, verweigert V die Herausgabe der Maschine gegenüber K. V zeigt deutlich, dass sie aufgrund eines Irrtums über den Preis der Maschine, nicht an ihrem selbst vorgeschlagenen Kaufvertrag festhalten will."}],"coordinates":[],"confidence":{"state":"pre-added","who":["user:FabianBrese"],"prob":1},"fields":{},"normalizations":{}},{"classId":"e_7","part":"s1v1","offsets":[{"start":4813,"text":"Gemäß des Sachverhalts, verweigert V die Herausgabe der Maschine gegenüber K"}],"coordinates":[],"confidence":{"state":"pre-added","who":["user:FabianBrese"],"prob":1},"fields":{},"normalizations":{}},{"classId":"e_6","part":"s1v1","offsets":[{"start":4891,"text":"V zeigt deutlich, dass sie aufgrund eines Irrtums über den Preis der Maschine, nicht an ihrem selbst vorgeschlagenen Kaufvertrag festhalten will"}],"coordinates":[],"confidence":{"state":"pre-added","who":["user:FabianBrese"],"prob":1},"fields":{},"normalizations":{}},{"classId":"e_2","part":"s1v1","offsets":[{"start":5037,"text":"Aus der Sicht von K, dem objektiven Empfängerhorizont ist die Erklärung der V als Anfechtungserklärung gemäß §142 Abs. 1 BGB auszulegen"}],"coordinates":[],"confidence":{"state":"pre-added","who":["user:FabianBrese"],"prob":1},"fields":{},"normalizations":{}},{"classId":"e_1","part":"s1v1","offsets":[{"start":5196,"text":"A könnte ein Irrtum einer verkehrswesentlichen Eigenschaft der Maschine unterlaufen sein, der die von ihr nach §164 Abs. 1 BGB vertretenen V gemäß §119 Abs. 2 BGB zur Anfechtung berechtigt"}],"coordinates":[],"confidence":{"state":"pre-added","who":["user:FabianBrese"],"prob":1},"fields":{},"normalizations":{}},{"classId":"e_4","part":"s1v1","offsets":[{"start":5494,"text":"Unter verkehrswesentlichen Eigenschaften eines Gegenstandes versteht man seine natürliche Beschaffenheit sowie tatsächliche und rechtliche Verhältnisse, die nach der Verkehrsanschauung von Einfluss auf seine Wertschätzung sind"}],"coordinates":[],"confidence":{"state":"pre-added","who":["user:FabianBrese"],"prob":1},"fields":{},"normalizations":{}},{"classId":"e_4","part":"s1v1","offsets":[{"start":5722,"text":"Bei diesen wertbildenden Faktoren muss es sich indessen um Umstände handeln, die außerhalb des Gegenstandes selbst liegen und lediglich seine Beziehung zur Umwelt betreffen"}],"coordinates":[],"confidence":{"state":"pre-added","who":["user:FabianBrese"],"prob":1},"fields":{},"normalizations":{}},{"classId":"e_5","part":"s1v1","offsets":[{"start":5896,"text":"Der wirtschaftliche Wert als solcher, wie er sich etwa im Marktpreis ausdrückt, ist keine Eigenschaft im Sinne von §119 Abs. 2 BGB. Fehlerhafte Vorstellungen eines Vertragspartners hierüber berechtigen also nicht zur Anfechtung wegen Eigenschaftsirrtums, sondern es liegt in diesem Falle nur ein unbeachtlicher Motivirrtum vor."}],"coordinates":[],"confidence":{"state":"pre-added","who":["user:FabianBrese"],"prob":1},"fields":{},"normalizations":{}},{"classId":"e_5","part":"s1v1","offsets":[{"start":6225,"text":"A hat sich nicht in der Beschaffenheit der Maschine nicht geirrt. Sie hat lediglich die Erhöhung des Marktpreises der Maschine durch die Corona Pandemie nicht mit einkalkuliert. Folglich hat sie sich über die wirtschaftlichen Verwertungsmöglichkeiten der Maschine geirrt und den erzielbaren Marktpreis falsch eingeschätzt. Der Marktpreis ist aber keine Eigenschaft der Maschine im Sinne von §119 Abs. 2 BGB"}],"coordinates":[],"confidence":{"state":"pre-added","who":["user:FabianBrese"],"prob":1},"fields":{},"normalizations":{}},{"classId":"e_6","part":"s1v1","offsets":[{"start":6225,"text":"A hat sich nicht in der Beschaffenheit der Maschine nicht geirrt"}],"coordinates":[],"confidence":{"state":"pre-added","who":["user:FabianBrese"],"prob":1},"fields":{},"normalizations":{}},{"classId":"e_7","part":"s1v1","offsets":[{"start":6291,"text":"Sie hat lediglich die Erhöhung des Marktpreises der Maschine durch die Corona Pandemie nicht mit einkalkuliert"}],"coordinates":[],"confidence":{"state":"pre-added","who":["user:FabianBrese"],"prob":1},"fields":{},"normalizations":{}},{"classId":"e_6","part":"s1v1","offsets":[{"start":6403,"text":"Folglich hat sie sich über die wirtschaftlichen Verwertungsmöglichkeiten der Maschine geirrt und den erzielbaren Marktpreis falsch eingeschätzt"}],"coordinates":[],"confidence":{"state":"pre-added","who":["user:FabianBrese"],"prob":1},"fields":{},"normalizations":{}},{"classId":"e_2","part":"s1v1","offsets":[{"start":6633,"text":"V kann den Kaufvertrag mit K also nicht wegen eines Eigenschaftsirrtums ihrer Stellvertreterin A gemäß §119 Abs. 2 BGB anfechten"}],"coordinates":[],"confidence":{"state":"pre-added","who":["user:FabianBrese"],"prob":1},"fields":{},"normalizations":{}},{"classId":"e_2","part":"s1v1","offsets":[{"start":6808,"text":"V konnte den Kaufvertrag mit K nicht wirksam anfechten"}],"coordinates":[],"confidence":{"state":"pre-added","who":["user:FabianBrese"],"prob":1},"fields":{},"normalizations":{}},{"classId":"e_2","part":"s1v1","offsets":[{"start":6878,"text":"K hat Anspruch auf die Übergabe der Maschine gegenüber K gemäß § 433 Abs. 1 Satz 1 BGB"}],"coordinates":[],"confidence":{"state":"pre-added","who":["user:FabianBrese"],"prob":1},"fields":{},"normalizations":{}}],"relations":[{"classId":"r_3","type":"linked","directed":false,"entities":["s1v1|e_2|2063,2119","s1v1|e_1|1515,1565"],"confidence":{"state":"pre-added","who":["user:FabianBrese"],"prob":1}},{"classId":"r_3","type":"linked","directed":false,"entities":["s1v1|e_2|2456,2515","s1v1|e_1|2145,2215"],"confidence":{"state":"pre-added","who":["user:FabianBrese"],"prob":1}},{"classId":"r_8","type":"linked","directed":false,"entities":["s1v1|e_7|1317,1377","s1v1|e_6|1379,1444"],"confidence":{"state":"pre-added","who":["user:FabianBrese"],"prob":1}},{"classId":"r_8","type":"linked","directed":false,"entities":["s1v1|e_7|1951,2019","s1v1|e_6|2022,2059"],"confidence":{"state":"pre-added","who":["user:FabianBrese"],"prob":1}},{"classId":"r_8","type":"linked","directed":false,"entities":["s1v1|e_7|4813,4888","s1v1|e_6|4891,5034"],"confidence":{"state":"pre-added","who":["user:FabianBrese"],"prob":1}},{"classId":"r_8","type":"linked","directed":false,"entities":["s1v1|e_7|6291,6400","s1v1|e_6|6225,6288"],"confidence":{"state":"pre-added","who":["user:FabianBrese"],"prob":1}}]}