{"annotatable":{"parts":["s1v1"]},"anncomplete":true,"sources":[],"metas":{},"entities":[{"classId":"e_1","part":"s1v1","offsets":[{"start":15,"text":"V könnte gegen K einen Anspruch auf Zahlung von 27.000 € aus § 433 Abs. 2 BGB haben"}],"coordinates":[],"confidence":{"state":"pre-added","who":["user:Frederike"],"prob":1},"fields":{},"normalizations":{}},{"classId":"e_1","part":"s1v1","offsets":[{"start":121,"text":"Es müsste ein wirksamer Kaufvertag zustande gekommen sein"}],"coordinates":[],"confidence":{"state":"pre-added","who":["user:Frederike"],"prob":1},"fields":{},"normalizations":{}},{"classId":"e_4","part":"s1v1","offsets":[{"start":180,"text":"Ein Vertrag kommt nach den §§ 145 ff. BGB durch übereinstimmende und aufeinander bezogene Willenserklärungen zustande, namentlich Angebot und der Annahme"}],"coordinates":[],"confidence":{"state":"pre-added","who":["user:Frederike"],"prob":1},"fields":{},"normalizations":{}},{"classId":"e_5","part":"s1v1","offsets":[{"start":335,"text":"Im Fall wird ausdrücklich der Terminus Angebot und Annahme verwendet und es gibt nach Sachverhalt keine Probleme."}],"coordinates":[],"confidence":{"state":"pre-added","who":["user:Frederike"],"prob":1},"fields":{},"normalizations":{}},{"classId":"e_7","part":"s1v1","offsets":[{"start":335,"text":"Im Fall wird ausdrücklich der Terminus Angebot und Annahme verwendet"}],"coordinates":[],"confidence":{"state":"pre-added","who":["user:Frederike"],"prob":1},"fields":{},"normalizations":{}},{"classId":"e_6","part":"s1v1","offsets":[{"start":404,"text":"und es gibt nach Sachverhalt keine Probleme"}],"coordinates":[],"confidence":{"state":"pre-added","who":["user:Frederike"],"prob":1},"fields":{},"normalizations":{}},{"classId":"e_5","part":"s1v1","offsets":[{"start":496,"text":"V selbst hat kein Angebot gegenüber K abgegeben."}],"coordinates":[],"confidence":{"state":"pre-added","who":["user:Frederike"],"prob":1},"fields":{},"normalizations":{}},{"classId":"e_7","part":"s1v1","offsets":[{"start":496,"text":"V selbst hat kein Angebot gegenüber K abgegeben"}],"coordinates":[],"confidence":{"state":"pre-added","who":["user:Frederike"],"prob":1},"fields":{},"normalizations":{}},{"classId":"e_1","part":"s1v1","offsets":[{"start":545,"text":"Allerdings könnte das telefonische Angebot der A, das Fahrzeug für 27.000 € zu verkaufen, gemäß§ 164 Abs. 1 BGB unmittelbar für und gegen V wirken, wenn diese von A wirksam vertreten wurde"}],"coordinates":[],"confidence":{"state":"pre-added","who":["user:Frederike"],"prob":1},"fields":{},"normalizations":{}},{"classId":"e_1","part":"s1v1","offsets":[{"start":735,"text":"Dafür müsste Stellvertretung zulässig sein und die A eine eigene Willenserklärung im Namen der V mit Vertretungsmacht abgegeben haben"}],"coordinates":[],"confidence":{"state":"pre-added","who":["user:Frederike"],"prob":1},"fields":{},"normalizations":{}},{"classId":"e_1","part":"s1v1","offsets":[{"start":907,"text":"Die Stellvertretung der V durch A müsste zulässig sein"}],"coordinates":[],"confidence":{"state":"pre-added","who":["user:Frederike"],"prob":1},"fields":{},"normalizations":{}},{"classId":"e_2","part":"s1v1","offsets":[{"start":963,"text":"Beim Abschluss eines Kaufvertrages ist Stellvertretung nach §§ 164 ff. BGB zulässig"}],"coordinates":[],"confidence":{"state":"pre-added","who":["user:Frederike"],"prob":1},"fields":{},"normalizations":{}},{"classId":"e_1","part":"s1v1","offsets":[{"start":1076,"text":"A müsste eine eigene Willenserklärung abgegeben haben"}],"coordinates":[],"confidence":{"state":"pre-added","who":["user:Frederike"],"prob":1},"fields":{},"normalizations":{}},{"classId":"e_4","part":"s1v1","offsets":[{"start":1131,"text":"In Abgrenzung zum Boten, der nur eine fremde Willenserklärung übermittelt, muss der Stellvertreter Entscheidungsspielraum haben, innerhalb dessen er eine eigene Willenserklärung abgeben kann"}],"coordinates":[],"confidence":{"state":"pre-added","who":["user:Frederike"],"prob":1},"fields":{},"normalizations":{}},{"classId":"e_5","part":"s1v1","offsets":[{"start":1443,"text":"A verhandelte den Verkauf selbständig und ist damit in der Lage gewesen eine eigene Willenserklärung abzugeben."}],"coordinates":[],"confidence":{"state":"pre-added","who":["user:Frederike"],"prob":1},"fields":{},"normalizations":{}},{"classId":"e_7","part":"s1v1","offsets":[{"start":1443,"text":"A verhandelte den Verkauf selbständig"}],"coordinates":[],"confidence":{"state":"pre-added","who":["user:Frederike"],"prob":1},"fields":{},"normalizations":{}},{"classId":"e_6","part":"s1v1","offsets":[{"start":1481,"text":"und ist damit in der Lage gewesen eine eigene Willenserklärung abzugeben"}],"coordinates":[],"confidence":{"state":"pre-added","who":["user:Frederike"],"prob":1},"fields":{},"normalizations":{}},{"classId":"e_2","part":"s1v1","offsets":[{"start":1555,"text":"A hat eine eigene Willenserklärung abgegeben"}],"coordinates":[],"confidence":{"state":"pre-added","who":["user:Frederike"],"prob":1},"fields":{},"normalizations":{}},{"classId":"e_1","part":"s1v1","offsets":[{"start":1621,"text":"Fraglich ist ob das Prinzip der Offenkundigkeit gewahrt wurde"}],"coordinates":[],"confidence":{"state":"pre-added","who":["user:Frederike"],"prob":1},"fields":{},"normalizations":{}},{"classId":"e_5","part":"s1v1","offsets":[{"start":2010,"text":"K war klar ersichtlich das A im Namen der V handelt."}],"coordinates":[],"confidence":{"state":"pre-added","who":["user:Frederike"],"prob":1},"fields":{},"normalizations":{}},{"classId":"e_7","part":"s1v1","offsets":[{"start":2010,"text":"K war klar ersichtlich das A im Namen der V handelt"}],"coordinates":[],"confidence":{"state":"pre-added","who":["user:Frederike"],"prob":1},"fields":{},"normalizations":{}},{"classId":"e_2","part":"s1v1","offsets":[{"start":2063,"text":"Prinzip der Offenkundigkeit wurde gewahrt"}],"coordinates":[],"confidence":{"state":"pre-added","who":["user:Frederike"],"prob":1},"fields":{},"normalizations":{}},{"classId":"e_1","part":"s1v1","offsets":[{"start":2128,"text":"A müsste mit Vertretungsmacht gehandelt haben"}],"coordinates":[],"confidence":{"state":"pre-added","who":["user:Frederike"],"prob":1},"fields":{},"normalizations":{}},{"classId":"e_5","part":"s1v1","offsets":[{"start":2330,"text":"V trug der A auf das Fahrzeug zu verkaufen. Einzige Auflage war es dies für min. 25.000 Euro zu tun."}],"coordinates":[],"confidence":{"state":"pre-added","who":["user:Frederike"],"prob":1},"fields":{},"normalizations":{}},{"classId":"e_7","part":"s1v1","offsets":[{"start":2330,"text":"V trug der A auf das Fahrzeug zu verkaufen"}],"coordinates":[],"confidence":{"state":"pre-added","who":["user:Frederike"],"prob":1},"fields":{},"normalizations":{}},{"classId":"e_7","part":"s1v1","offsets":[{"start":2374,"text":"Einzige Auflage war es dies für min. 25.000 Euro zu tun"}],"coordinates":[],"confidence":{"state":"pre-added","who":["user:Frederike"],"prob":1},"fields":{},"normalizations":{}},{"classId":"e_2","part":"s1v1","offsets":[{"start":2431,"text":"A hatte somit Vertretungsmacht für den Verkauf des Fahrzeugs an K zum Preis von 27.000 €"}],"coordinates":[],"confidence":{"state":"pre-added","who":["user:Frederike"],"prob":1},"fields":{},"normalizations":{}},{"classId":"e_2","part":"s1v1","offsets":[{"start":2542,"text":"A hat K per Telefon ein Angebot über den Verkauf des Autos zum Preis von 27.000 € unterbreitet, das somit wirksam für und gegen V ist"}],"coordinates":[],"confidence":{"state":"pre-added","who":["user:Frederike"],"prob":1},"fields":{},"normalizations":{}},{"classId":"e_1","part":"s1v1","offsets":[{"start":2705,"text":"K könnte das Angebot verspätet angenommen haben"}],"coordinates":[],"confidence":{"state":"pre-added","who":["user:Frederike"],"prob":1},"fields":{},"normalizations":{}},{"classId":"e_4","part":"s1v1","offsets":[{"start":2984,"text":"Zugang liegt vor, sobald die Erklärung in verkehrsüblicher Weise in die tatsächliche Verfügungsgewalt des Empfängers gelangt ist und für diesen unter gewöhnlichen Verhältnissen die Möglichkeit besteht, von ihr Kenntnis zu nehmen"}],"coordinates":[],"confidence":{"state":"pre-added","who":["user:Frederike"],"prob":1},"fields":{},"normalizations":{}},{"classId":"e_5","part":"s1v1","offsets":[{"start":3313,"text":"Die Email, ist am 24.02 um 23:55 angekommen. Allerdings ist unter gewöhnlichen Umständen nicht davon auszugehen das diese direkt gelesen wird, sondern erst am nächsten Werktag (25.02)."}],"coordinates":[],"confidence":{"state":"pre-added","who":["user:Frederike"],"prob":1},"fields":{},"normalizations":{}},{"classId":"e_7","part":"s1v1","offsets":[{"start":3313,"text":"Die Email, ist am 24.02 um 23:55 angekommen"}],"coordinates":[],"confidence":{"state":"pre-added","who":["user:Frederike"],"prob":1},"fields":{},"normalizations":{}},{"classId":"e_6","part":"s1v1","offsets":[{"start":3358,"text":"Allerdings ist unter gewöhnlichen Umständen nicht davon auszugehen das diese direkt gelesen wird, sondern erst am nächsten Werktag (25.02)"}],"coordinates":[],"confidence":{"state":"pre-added","who":["user:Frederike"],"prob":1},"fields":{},"normalizations":{}},{"classId":"e_2","part":"s1v1","offsets":[{"start":3498,"text":"Die E-Mail der K ist der A somit erst am 25.2. zugegangen und K hat das Angebot nicht fristgerecht angenommen"}],"coordinates":[],"confidence":{"state":"pre-added","who":["user:Frederike"],"prob":1},"fields":{},"normalizations":{}},{"classId":"e_2","part":"s1v1","offsets":[{"start":3630,"text":"Die Annahme der K gilt durch § 150 Abs. 1 BGB als neues Angebot"}],"coordinates":[],"confidence":{"state":"pre-added","who":["user:Frederike"],"prob":1},"fields":{},"normalizations":{}},{"classId":"e_2","part":"s1v1","offsets":[{"start":3711,"text":"A hat das neue Angebot durch die getätigte Aussage im Sachverhalt angenommen"}],"coordinates":[],"confidence":{"state":"pre-added","who":["user:Frederike"],"prob":1},"fields":{},"normalizations":{}},{"classId":"e_2","part":"s1v1","offsets":[{"start":3810,"text":"Zwischen V und K ist ein Kaufvertrag im Sinne von § 433 BGB über das Auto zum Preis von 27.000 € zustande gekommen"}],"coordinates":[],"confidence":{"state":"pre-added","who":["user:Frederike"],"prob":1},"fields":{},"normalizations":{}},{"classId":"e_1","part":"s1v1","offsets":[{"start":3940,"text":"Der Kaufvertrag könnte infolge einer Anfechtung durch K gemäß § 142 Abs. 1 BGB als von Anfang an unwirksam gelten"}],"coordinates":[],"confidence":{"state":"pre-added","who":["user:Frederike"],"prob":1},"fields":{},"normalizations":{}},{"classId":"e_5","part":"s1v1","offsets":[{"start":4219,"text":"K teilte der V mit, dass sie keinen Unfallwagen wollte und das Auto zurückgeben werde. Sie möchte nicht am Kaufvertrag festhalten."}],"coordinates":[],"confidence":{"state":"pre-added","who":["user:Frederike"],"prob":1},"fields":{},"normalizations":{}},{"classId":"e_7","part":"s1v1","offsets":[{"start":4219,"text":"K teilte der V mit, dass sie keinen Unfallwagen wollte und das Auto zurückgeben werde"}],"coordinates":[],"confidence":{"state":"pre-added","who":["user:Frederike"],"prob":1},"fields":{},"normalizations":{}},{"classId":"e_6","part":"s1v1","offsets":[{"start":4306,"text":"Sie möchte nicht am Kaufvertrag festhalten"}],"coordinates":[],"confidence":{"state":"pre-added","who":["user:Frederike"],"prob":1},"fields":{},"normalizations":{}},{"classId":"e_1","part":"s1v1","offsets":[{"start":4372,"text":"K müsste einen Anfechtungsgrund haben"}],"coordinates":[],"confidence":{"state":"pre-added","who":["user:Frederike"],"prob":1},"fields":{},"normalizations":{}},{"classId":"e_1","part":"s1v1","offsets":[{"start":4436,"text":"K könnte von A arglistig getäuscht worden und deshalb gegenüber der nach § 164 Abs. 1 BGB vertretenen V gemäß § 123 Abs. 1 Alt. 1 BGB zur Anfechtung berechtigt sein"}],"coordinates":[],"confidence":{"state":"pre-added","who":["user:Frederike"],"prob":1},"fields":{},"normalizations":{}},{"classId":"e_2","part":"s1v1","offsets":[{"start":4650,"text":"Es liegen alle nötigen Voraussetzungen für o.g. Anfechtungsgrund vor"}],"coordinates":[],"confidence":{"state":"pre-added","who":["user:Frederike"],"prob":1},"fields":{},"normalizations":{}},{"classId":"e_2","part":"s1v1","offsets":[{"start":4741,"text":"K hat den Kaufvertrag mit V sofort angefochten und die Frist somit gemäß § 124 BGB gewahrt"}],"coordinates":[],"confidence":{"state":"pre-added","who":["user:Frederike"],"prob":1},"fields":{},"normalizations":{}},{"classId":"e_2","part":"s1v1","offsets":[{"start":4854,"text":"K hat den Kaufvertrag mit V wirksam angefochten mit der Folge, dass dieser gemäß § 142 Abs. 1 BGB als von Anfang an unwirksam gilt"}],"coordinates":[],"confidence":{"state":"pre-added","who":["user:Frederike"],"prob":1},"fields":{},"normalizations":{}},{"classId":"e_2","part":"s1v1","offsets":[{"start":4999,"text":"V hat gegen K keinen Anspruch auf Zahlung von 27.000 € aus § 433 Abs. 2 BGB"}],"coordinates":[],"confidence":{"state":"pre-added","who":["user:Frederike"],"prob":1},"fields":{},"normalizations":{}}],"relations":[{"classId":"r_3","type":"linked","directed":false,"entities":["s1v1|e_1|907,960","s1v1|e_2|963,1045"],"confidence":{"state":"pre-added","who":["user:Frederike"],"prob":1}},{"classId":"r_3","type":"linked","directed":false,"entities":["s1v1|e_1|1076,1128","s1v1|e_2|1555,1598"],"confidence":{"state":"pre-added","who":["user:Frederike"],"prob":1}},{"classId":"r_3","type":"linked","directed":false,"entities":["s1v1|e_1|1621,1681","s1v1|e_2|2063,2103"],"confidence":{"state":"pre-added","who":["user:Frederike"],"prob":1}},{"classId":"r_3","type":"linked","directed":false,"entities":["s1v1|e_2|2431,2518","s1v1|e_1|2128,2172"],"confidence":{"state":"pre-added","who":["user:Frederike"],"prob":1}},{"classId":"r_3","type":"linked","directed":false,"entities":["s1v1|e_2|2542,2674","s1v1|e_1|545,732"],"confidence":{"state":"pre-added","who":["user:Frederike"],"prob":1}},{"classId":"r_3","type":"linked","directed":false,"entities":["s1v1|e_2|3498,3606","s1v1|e_1|2705,2751"],"confidence":{"state":"pre-added","who":["user:Frederike"],"prob":1}},{"classId":"r_3","type":"linked","directed":false,"entities":["s1v1|e_1|4372,4408","s1v1|e_2|4650,4717"],"confidence":{"state":"pre-added","who":["user:Frederike"],"prob":1}},{"classId":"r_3","type":"linked","directed":false,"entities":["s1v1|e_2|4854,4983","s1v1|e_1|3940,4052"],"confidence":{"state":"pre-added","who":["user:Frederike"],"prob":1}},{"classId":"r_3","type":"linked","directed":false,"entities":["s1v1|e_2|4999,5073","s1v1|e_1|15,97"],"confidence":{"state":"pre-added","who":["user:Frederike"],"prob":1}},{"classId":"r_8","type":"linked","directed":false,"entities":["s1v1|e_6|404,446","s1v1|e_7|335,402"],"confidence":{"state":"pre-added","who":["user:Frederike"],"prob":1}},{"classId":"r_8","type":"linked","directed":false,"entities":["s1v1|e_7|1443,1479","s1v1|e_6|1481,1552"],"confidence":{"state":"pre-added","who":["user:Frederike"],"prob":1}},{"classId":"r_8","type":"linked","directed":false,"entities":["s1v1|e_7|3313,3355","s1v1|e_6|3358,3495"],"confidence":{"state":"pre-added","who":["user:Frederike"],"prob":1}},{"classId":"r_8","type":"linked","directed":false,"entities":["s1v1|e_7|4219,4303","s1v1|e_6|4306,4347"],"confidence":{"state":"pre-added","who":["user:Frederike"],"prob":1}}]}