{"annotatable":{"parts":["s1v1"]},"anncomplete":true,"sources":[],"metas":{},"entities":[{"classId":"e_1","part":"s1v1","offsets":[{"start":39,"text":"H könnte gegen R einen Anspruch auf Zahlung des Kaufpreises i.H.v. 125 € aus § 433 II BGB haben (Anm.: Soweit nicht anders bezeichnet beziehen sich alle nachfolgenden §§ auf das BGB)"}],"coordinates":[],"confidence":{"state":"pre-added","who":["user:Frederike"],"prob":1},"fields":{},"normalizations":{}},{"classId":"e_4","part":"s1v1","offsets":[{"start":311,"text":"Ein Kaufvertrag besteht aus zwei korrespondierenden Willenserklärungen, Antrag und Annahme, §§ 145 ff., mit dem Inhalt, sich zur Eigentumsübertragung an einer Sache und der Entrichtung eines Kaufpreises zu verpflichten"}],"coordinates":[],"confidence":{"state":"pre-added","who":["user:Frederike"],"prob":1},"fields":{},"normalizations":{}},{"classId":"e_4","part":"s1v1","offsets":[{"start":556,"text":"Ein Antrag ist die Bekundung eines verbindlichen Vertragsabschlusswillens unter Nennung der essentialia negotii (= wesentliche zum Vertragsschluss notwendige Informationen, wie Vertragspartner, -gegenstand, u.U. Kaufpreis), § 145"}],"coordinates":[],"confidence":{"state":"pre-added","who":["user:Frederike"],"prob":1},"fields":{},"normalizations":{}},{"classId":"e_5","part":"s1v1","offsets":[{"start":787,"text":"R richtet sich in der an H geschriebenen E-Mail an „Herrn Huber“ und bittet um die Lieferung eines „Leitz Z-1000“ zu den üblichen Konditionen. Ausgelegt nach §§ 133, 157 lässt die Nennung einer „Lieferung“ von „Leitz Z-1000“ auf den Willen der R zum Abschluss eines Kaufvertrags schließen, zumal dadurch der aus dem Kaufvertrag folgenden Pflicht zur Übereignung des Kaufgegenstandes, § 433 I 1, genüge getan würde. Gerichtet an „Herrn Huber“ soll dieser Rs Vertragspartner sein. „Leitz Z-1000“ stellt eine hinreichend konkretisierte Typenbeschreibung des Kaufgegenstandes dar. Mit dem Losschicken der E-Mail gibt R folglich eine rechtsverbindliche Willenserklärung ab, die auf den Abschluss eines Kaufvertrags gerichtet ist. Mithin stellt die E-Mail der R einen Antrag auf Abschluss eines Kaufvertrags dar."}],"coordinates":[],"confidence":{"state":"pre-added","who":["user:Frederike"],"prob":1},"fields":{},"normalizations":{}},{"classId":"e_7","part":"s1v1","offsets":[{"start":787,"text":"R richtet sich in der an H geschriebenen E-Mail an „Herrn Huber“ und bittet um die Lieferung eines „Leitz Z-1000“ zu den üblichen Konditionen"}],"coordinates":[],"confidence":{"state":"pre-added","who":["user:Frederike"],"prob":1},"fields":{},"normalizations":{}},{"classId":"e_7","part":"s1v1","offsets":[{"start":930,"text":"Ausgelegt nach §§ 133, 157 lässt die Nennung einer „Lieferung“ von „Leitz Z-1000“ auf den Willen der R zum Abschluss eines Kaufvertrags schließen, zumal dadurch der aus dem Kaufvertrag folgenden Pflicht zur Übereignung des Kaufgegenstandes, § 433 I 1, genüge getan würde"}],"coordinates":[],"confidence":{"state":"pre-added","who":["user:Frederike"],"prob":1},"fields":{},"normalizations":{}},{"classId":"e_7","part":"s1v1","offsets":[{"start":1202,"text":"Gerichtet an „Herrn Huber“ soll dieser Rs Vertragspartner sein"}],"coordinates":[],"confidence":{"state":"pre-added","who":["user:Frederike"],"prob":1},"fields":{},"normalizations":{}},{"classId":"e_7","part":"s1v1","offsets":[{"start":1266,"text":"„Leitz Z-1000“ stellt eine hinreichend konkretisierte Typenbeschreibung des Kaufgegenstandes dar"}],"coordinates":[],"confidence":{"state":"pre-added","who":["user:Frederike"],"prob":1},"fields":{},"normalizations":{}},{"classId":"e_7","part":"s1v1","offsets":[{"start":1364,"text":"Mit dem Losschicken der E-Mail gibt R folglich eine rechtsverbindliche Willenserklärung ab, die auf den Abschluss eines Kaufvertrags gerichtet ist"}],"coordinates":[],"confidence":{"state":"pre-added","who":["user:Frederike"],"prob":1},"fields":{},"normalizations":{}},{"classId":"e_6","part":"s1v1","offsets":[{"start":1512,"text":"Mithin stellt die E-Mail der R einen Antrag auf Abschluss eines Kaufvertrags dar"}],"coordinates":[],"confidence":{"state":"pre-added","who":["user:Frederike"],"prob":1},"fields":{},"normalizations":{}},{"classId":"e_1","part":"s1v1","offsets":[{"start":1594,"text":"Fraglich ist jedoch, wer Adressat des Antrags und was der Kaufgegenstand ist"}],"coordinates":[],"confidence":{"state":"pre-added","who":["user:Frederike"],"prob":1},"fields":{},"normalizations":{}},{"classId":"e_5","part":"s1v1","offsets":[{"start":1672,"text":"Allein nach dem Willen der R ausgelegt, § 133, wird mit „Herr Huber“ der Schreibwarenhändler A.Huber angeschrieben und der entsprechende Aktenordnertyp der Fa. Leitz angefordert. Demgemäß wäre H nicht Adressat und damit designierter Vertragspartner der R, womit kein Antrag seitens R an H bestünde, mangels solchem kein Kaufvertragsschluss zw. H und R zustande gekommen wäre und somit H keinen Anspruch auf Kaufpreiszahlung gegen R aus § 433 II hätte. Aus Sicht des Empfängers H, den Nachnamen „Huber“ führend, bezieht sich die Anrede „Herr Huber“ auf ihn selbst. Insofern der Antrag als Willenserklärung einen Bestandteil des Kaufvertrags bildet, muss zu deren Auslegung aber auch § 157 herangezogen werden, der nach seinem Wortlaut und seinem systematischen Kontext (d.h. Stellung im BGB) für die Auslegung von Verträgen und damit den sie konstituierenden Willenserklärungen maßgeblich ist. Demnach muss die Erklärung der R auch nach Treu und Glauben und der Verkehrssitte ausgelegt werden, § 157. Insofern ausgehend von §§ 133, 157 für die Auslegung der E-Mail der Empfängerhorizont eines objektiven Dritten im Geschäftsverkehr entscheidend. Die E-Mail ist an Hs E-Mail-Adresse gerichtet, auch wird sein Nachname als Anrede verwendet, womit sich für einen unvoreingenommenen Empfänger ergibt, er sei Adressat des Mail-Inhalts. Etwas anderes ergibt sich auch nicht aus der Nennung von sonstigen „üblichen Konditionen“, insofern R auch in der Vergangenheit mit H einen Kaufvertrag geschlossen hat. Im Bereich des Elektronikhandels bezieht sich die in der E-Mail genutzte Typenbeschreibung „Leitz Z-1000“ auf einen Luftreiniger. Damit kann ein verständiger Elektronikhändler davon ausgehen, der geforderte Kaufgegenstand sei ein Luftreiniger."}],"coordinates":[],"confidence":{"state":"pre-added","who":["user:Frederike"],"prob":1},"fields":{},"normalizations":{}},{"classId":"e_7","part":"s1v1","offsets":[{"start":1672,"text":"Allein nach dem Willen der R ausgelegt, § 133, wird mit „Herr Huber“ der Schreibwarenhändler A.Huber angeschrieben und der entsprechende Aktenordnertyp der Fa. Leitz angefordert"}],"coordinates":[],"confidence":{"state":"pre-added","who":["user:Frederike"],"prob":1},"fields":{},"normalizations":{}},{"classId":"e_7","part":"s1v1","offsets":[{"start":1851,"text":"Demgemäß wäre H nicht Adressat und damit designierter Vertragspartner der R"}],"coordinates":[],"confidence":{"state":"pre-added","who":["user:Frederike"],"prob":1},"fields":{},"normalizations":{}},{"classId":"e_6","part":"s1v1","offsets":[{"start":1928,"text":"womit kein Antrag seitens R an H bestünde, mangels solchem kein Kaufvertragsschluss zw. H und R zustande gekommen wäre und somit H keinen Anspruch auf Kaufpreiszahlung gegen R aus § 433 II hätte"}],"coordinates":[],"confidence":{"state":"pre-added","who":["user:Frederike"],"prob":1},"fields":{},"normalizations":{}},{"classId":"e_7","part":"s1v1","offsets":[{"start":2124,"text":"Aus Sicht des Empfängers H, den Nachnamen „Huber“ führend, bezieht sich die Anrede „Herr Huber“ auf ihn selbst"}],"coordinates":[],"confidence":{"state":"pre-added","who":["user:Frederike"],"prob":1},"fields":{},"normalizations":{}},{"classId":"e_7","part":"s1v1","offsets":[{"start":2817,"text":"Die E-Mail ist an Hs E-Mail-Adresse gerichtet, auch wird sein Nachname als Anrede verwendet"}],"coordinates":[],"confidence":{"state":"pre-added","who":["user:Frederike"],"prob":1},"fields":{},"normalizations":{}},{"classId":"e_6","part":"s1v1","offsets":[{"start":2910,"text":"womit sich für einen unvoreingenommenen Empfänger ergibt, er sei Adressat des Mail-Inhalts"}],"coordinates":[],"confidence":{"state":"pre-added","who":["user:Frederike"],"prob":1},"fields":{},"normalizations":{}},{"classId":"e_6","part":"s1v1","offsets":[{"start":3002,"text":"Etwas anderes ergibt sich auch nicht aus der Nennung von sonstigen „üblichen Konditionen“, insofern R auch in der Vergangenheit mit H einen Kaufvertrag geschlossen hat"}],"coordinates":[],"confidence":{"state":"pre-added","who":["user:Frederike"],"prob":1},"fields":{},"normalizations":{}},{"classId":"e_7","part":"s1v1","offsets":[{"start":3171,"text":"Im Bereich des Elektronikhandels bezieht sich die in der E-Mail genutzte Typenbeschreibung „Leitz Z-1000“ auf einen Luftreiniger"}],"coordinates":[],"confidence":{"state":"pre-added","who":["user:Frederike"],"prob":1},"fields":{},"normalizations":{}},{"classId":"e_6","part":"s1v1","offsets":[{"start":3301,"text":"Damit kann ein verständiger Elektronikhändler davon ausgehen, der geforderte Kaufgegenstand sei ein Luftreiniger"}],"coordinates":[],"confidence":{"state":"pre-added","who":["user:Frederike"],"prob":1},"fields":{},"normalizations":{}},{"classId":"e_2","part":"s1v1","offsets":[{"start":3415,"text":"Folglich ergibt die Auslegung der Willenserklärung der R nach §§ 133, 157, dass H der Empfänger des Antrags und der Luftreiniger der Kaufgegenstand ist"}],"coordinates":[],"confidence":{"state":"pre-added","who":["user:Frederike"],"prob":1},"fields":{},"normalizations":{}},{"classId":"e_2","part":"s1v1","offsets":[{"start":3568,"text":"Mithin besteht ein wirksamer Antrag der R an H"}],"coordinates":[],"confidence":{"state":"pre-added","who":["user:Frederike"],"prob":1},"fields":{},"normalizations":{}},{"classId":"e_2","part":"s1v1","offsets":[{"start":3616,"text":"Dieser ist ihm auch zugegangen, § 130 I 1"}],"coordinates":[],"confidence":{"state":"pre-added","who":["user:Frederike"],"prob":1},"fields":{},"normalizations":{}},{"classId":"e_1","part":"s1v1","offsets":[{"start":3670,"text":"Den Antrag der R müsste H angenommen haben"}],"coordinates":[],"confidence":{"state":"pre-added","who":["user:Frederike"],"prob":1},"fields":{},"normalizations":{}},{"classId":"e_4","part":"s1v1","offsets":[{"start":3714,"text":"Eine Annahme ist eine Erklärung einer vorbehaltlosen Bejahung gegenüber dem Antrag"}],"coordinates":[],"confidence":{"state":"pre-added","who":["user:Frederike"],"prob":1},"fields":{},"normalizations":{}},{"classId":"e_5","part":"s1v1","offsets":[{"start":3798,"text":"H äußert sich zwar nicht ausdrücklich zum Antrag der R. Allerdings liefert er den Kaufgegenstand, wie im Antrag gefordert, womit er konkludent, d.h. aus seinem Handeln ersichtlich, den Antrag zu den im Antrag gestellten Konditionen, ohne diese abzuändern, bejaht."}],"coordinates":[],"confidence":{"state":"pre-added","who":["user:Frederike"],"prob":1},"fields":{},"normalizations":{}},{"classId":"e_7","part":"s1v1","offsets":[{"start":3798,"text":"H äußert sich zwar nicht ausdrücklich zum Antrag der R"}],"coordinates":[],"confidence":{"state":"pre-added","who":["user:Frederike"],"prob":1},"fields":{},"normalizations":{}},{"classId":"e_7","part":"s1v1","offsets":[{"start":3854,"text":"Allerdings liefert er den Kaufgegenstand, wie im Antrag gefordert"}],"coordinates":[],"confidence":{"state":"pre-added","who":["user:Frederike"],"prob":1},"fields":{},"normalizations":{}},{"classId":"e_6","part":"s1v1","offsets":[{"start":3921,"text":"womit er konkludent, d.h. aus seinem Handeln ersichtlich, den Antrag zu den im Antrag gestellten Konditionen, ohne diese abzuändern, bejaht"}],"coordinates":[],"confidence":{"state":"pre-added","who":["user:Frederike"],"prob":1},"fields":{},"normalizations":{}},{"classId":"e_2","part":"s1v1","offsets":[{"start":4062,"text":"Damit liegt eine Annahme des H vor"}],"coordinates":[],"confidence":{"state":"pre-added","who":["user:Frederike"],"prob":1},"fields":{},"normalizations":{}},{"classId":"e_2","part":"s1v1","offsets":[{"start":4528,"text":"Folglich sind sowohl ein Antrag seitens R an H mit dem Inhalt des Abschlusses eines Kaufvertrags sowie eine damit deckungsgleiche Annahme des H an R gegeben"}],"coordinates":[],"confidence":{"state":"pre-added","who":["user:Frederike"],"prob":1},"fields":{},"normalizations":{}},{"classId":"e_2","part":"s1v1","offsets":[{"start":4686,"text":"Ein Kaufvertrag liegt vor"}],"coordinates":[],"confidence":{"state":"pre-added","who":["user:Frederike"],"prob":1},"fields":{},"normalizations":{}},{"classId":"e_2","part":"s1v1","offsets":[{"start":4713,"text":"Mithin ist ein Anspruch des B auf Zahlung des Kaufpreises gegen R aus § 433 II entstanden."}],"coordinates":[],"confidence":{"state":"pre-added","who":["user:Frederike"],"prob":1},"fields":{},"normalizations":{}},{"classId":"e_1","part":"s1v1","offsets":[{"start":4830,"text":"Allerdings könnte der Anspruch auf Kaufpreiszahlung des H durch die ex tunc (=von Anfang an) Nichtigkeit der Willenserklärung der R nach § 142 I untergegangen sein"}],"coordinates":[],"confidence":{"state":"pre-added","who":["user:Frederike"],"prob":1},"fields":{},"normalizations":{}},{"classId":"e_1","part":"s1v1","offsets":[{"start":5009,"text":"Dazu müsste R ihre den Vertragsschluss mitkonstituierende Willenserklärung wirksam angefochten haben"}],"coordinates":[],"confidence":{"state":"pre-added","who":["user:Frederike"],"prob":1},"fields":{},"normalizations":{}},{"classId":"e_4","part":"s1v1","offsets":[{"start":5111,"text":"Eine wirksame Anfechtung besteht aus einer Anfechtungserklärung gegenüber dem richtigen Anfechtungsgegner, einem Anfechtungsgrund und der Einhaltung der entsprechenden Anfechtungsfrist"}],"coordinates":[],"confidence":{"state":"pre-added","who":["user:Frederike"],"prob":1},"fields":{},"normalizations":{}},{"classId":"e_5","part":"s1v1","offsets":[{"start":5333,"text":"Aus Rs Weigerung den Luftreiniger abzunehmen und den Kaufpreis zu zahlen folgt, dass sie nichts mehr mit dem Vertrag zu tun haben möchte, was nach §§ 133, 157 als Anfechtung interpretiert werden kann. Diese Erklärung nach § 143 I gibt R gegenüber H, ihrem Vertragspartner, ab, womit er als solcher auch richtiger Anfechtungsgegner nach § 143 I, II Hs. 1 ist."}],"coordinates":[],"confidence":{"state":"pre-added","who":["user:Frederike"],"prob":1},"fields":{},"normalizations":{}},{"classId":"e_6","part":"s1v1","offsets":[{"start":5333,"text":"Aus Rs Weigerung den Luftreiniger abzunehmen und den Kaufpreis zu zahlen folgt, dass sie nichts mehr mit dem Vertrag zu tun haben möchte, was nach §§ 133, 157 als Anfechtung interpretiert werden kann"}],"coordinates":[],"confidence":{"state":"pre-added","who":["user:Frederike"],"prob":1},"fields":{},"normalizations":{}},{"classId":"e_7","part":"s1v1","offsets":[{"start":5534,"text":"Diese Erklärung nach § 143 I gibt R gegenüber H, ihrem Vertragspartner, ab"}],"coordinates":[],"confidence":{"state":"pre-added","who":["user:Frederike"],"prob":1},"fields":{},"normalizations":{}},{"classId":"e_6","part":"s1v1","offsets":[{"start":5610,"text":"womit er als solcher auch richtiger Anfechtungsgegner nach § 143 I, II Hs. 1 ist"}],"coordinates":[],"confidence":{"state":"pre-added","who":["user:Frederike"],"prob":1},"fields":{},"normalizations":{}},{"classId":"e_1","part":"s1v1","offsets":[{"start":5799,"text":"R müsste in ihrer Erklärung einem Irrtum über die Person des Vertragspartners oder über verkehrswesentliche Eigenschaften der Sache, d.h. dem Kaufgegenstand, unterlegen haben"}],"coordinates":[],"confidence":{"state":"pre-added","who":["user:Frederike"],"prob":1},"fields":{},"normalizations":{}},{"classId":"e_4","part":"s1v1","offsets":[{"start":5975,"text":"Ein Irrtum ist eine abweichende Vorstellung gegenüber den tatsächlichen Gegebenheiten"}],"coordinates":[],"confidence":{"state":"pre-added","who":["user:Frederike"],"prob":1},"fields":{},"normalizations":{}},{"classId":"e_5","part":"s1v1","offsets":[{"start":6062,"text":"R dachte, mit ihrem Antrag würde sie einen Aktenordner des Typs „Leitz Z-1000“ bestellen. Damit weicht ihre Vorstellung von dem tatsächlich mit der Mail angefordertem Luftreiniger ab."}],"coordinates":[],"confidence":{"state":"pre-added","who":["user:Frederike"],"prob":1},"fields":{},"normalizations":{}},{"classId":"e_7","part":"s1v1","offsets":[{"start":6062,"text":"R dachte, mit ihrem Antrag würde sie einen Aktenordner des Typs „Leitz Z-1000“ bestellen"}],"coordinates":[],"confidence":{"state":"pre-added","who":["user:Frederike"],"prob":1},"fields":{},"normalizations":{}},{"classId":"e_6","part":"s1v1","offsets":[{"start":6152,"text":"Damit weicht ihre Vorstellung von dem tatsächlich mit der Mail angefordertem Luftreiniger ab"}],"coordinates":[],"confidence":{"state":"pre-added","who":["user:Frederike"],"prob":1},"fields":{},"normalizations":{}},{"classId":"e_2","part":"s1v1","offsets":[{"start":6246,"text":"Folglich unterliegt R einem Irrtum"}],"coordinates":[],"confidence":{"state":"pre-added","who":["user:Frederike"],"prob":1},"fields":{},"normalizations":{}},{"classId":"e_4","part":"s1v1","offsets":[{"start":6282,"text":"Verkehrswesentliche Eigenschaften sind solche Faktoren, die den Wert der Sache bilden"}],"coordinates":[],"confidence":{"state":"pre-added","who":["user:Frederike"],"prob":1},"fields":{},"normalizations":{}},{"classId":"e_5","part":"s1v1","offsets":[{"start":6369,"text":"Luftreiniger und Aktenordner weisen vollkommen andere Sachbestandteile und Funktionsmöglichkeiten, die ihren jeweiligen Wert bilden, auf. Mithin unterliegt R zum Zeitpunkt der Abgabe ihrer Willenserklärung einem nach § 119 II Alt. 2 relevanten Irrtum über verkehrswesentliche Eigenschaften der Sache. Überdies denkt R, sie würde sich mit der Anrede „Herr Huber“ und der entsprechenden E-Mail- Adresse an den Schreibwarenhändler und nicht den Elektronikhändler A.Huber richten. Damit irrt sich R auch hinsichtlich der Person des Vertragspartners, § 119 II Alt. 1."}],"coordinates":[],"confidence":{"state":"pre-added","who":["user:Frederike"],"prob":1},"fields":{},"normalizations":{}},{"classId":"e_7","part":"s1v1","offsets":[{"start":6369,"text":"Luftreiniger und Aktenordner weisen vollkommen andere Sachbestandteile und Funktionsmöglichkeiten, die ihren jeweiligen Wert bilden, auf"}],"coordinates":[],"confidence":{"state":"pre-added","who":["user:Frederike"],"prob":1},"fields":{},"normalizations":{}},{"classId":"e_6","part":"s1v1","offsets":[{"start":6507,"text":"Mithin unterliegt R zum Zeitpunkt der Abgabe ihrer Willenserklärung einem nach § 119 II Alt. 2 relevanten Irrtum über verkehrswesentliche Eigenschaften der Sache"}],"coordinates":[],"confidence":{"state":"pre-added","who":["user:Frederike"],"prob":1},"fields":{},"normalizations":{}},{"classId":"e_7","part":"s1v1","offsets":[{"start":6670,"text":"Überdies denkt R, sie würde sich mit der Anrede „Herr Huber“ und der entsprechenden E-Mail- Adresse an den Schreibwarenhändler und nicht den Elektronikhändler A.Huber richten"}],"coordinates":[],"confidence":{"state":"pre-added","who":["user:Frederike"],"prob":1},"fields":{},"normalizations":{}},{"classId":"e_6","part":"s1v1","offsets":[{"start":6846,"text":"Damit irrt sich R auch hinsichtlich der Person des Vertragspartners, § 119 II Alt. 1"}],"coordinates":[],"confidence":{"state":"pre-added","who":["user:Frederike"],"prob":1},"fields":{},"normalizations":{}},{"classId":"e_2","part":"s1v1","offsets":[{"start":6932,"text":"Folglich liegt mit dem Eigenschaftsirrtum nach § 119 II in beiden Alternativen ein tauglicher Anfechtungsgrund vor"}],"coordinates":[],"confidence":{"state":"pre-added","who":["user:Frederike"],"prob":1},"fields":{},"normalizations":{}},{"classId":"e_1","part":"s1v1","offsets":[{"start":7068,"text":"R müsste die Anfechtungsfrist eingehalten haben"}],"coordinates":[],"confidence":{"state":"pre-added","who":["user:Frederike"],"prob":1},"fields":{},"normalizations":{}},{"classId":"e_5","part":"s1v1","offsets":[{"start":7227,"text":"R erklärt H die Anfechtung sofort nachdem sie Kenntnis von ihrem Irrtum erlangt, handelt mithin ohne schuldhaftes Zögern, damit unverzüglich und folglich im Rahmen der erforderlichen Anfechtungsfrist."}],"coordinates":[],"confidence":{"state":"pre-added","who":["user:Frederike"],"prob":1},"fields":{},"normalizations":{}},{"classId":"e_7","part":"s1v1","offsets":[{"start":7227,"text":"R erklärt H die Anfechtung sofort nachdem sie Kenntnis von ihrem Irrtum erlangt"}],"coordinates":[],"confidence":{"state":"pre-added","who":["user:Frederike"],"prob":1},"fields":{},"normalizations":{}},{"classId":"e_6","part":"s1v1","offsets":[{"start":7308,"text":"handelt mithin ohne schuldhaftes Zögern, damit unverzüglich und folglich im Rahmen der erforderlichen Anfechtungsfrist"}],"coordinates":[],"confidence":{"state":"pre-added","who":["user:Frederike"],"prob":1},"fields":{},"normalizations":{}},{"classId":"e_2","part":"s1v1","offsets":[{"start":7449,"text":"Eine wirksame Anfechtung ihrer Willenserklärung liegt seitens R vor"}],"coordinates":[],"confidence":{"state":"pre-added","who":["user:Frederike"],"prob":1},"fields":{},"normalizations":{}},{"classId":"e_2","part":"s1v1","offsets":[{"start":7518,"text":"Folglich ist diese gem. § 142 I von Anfang an (ex tunc) nichtig, womit eine den Kaufvertrag konstituierende Willenserklärung als von Anfang an nicht gegeben zu betrachten ist"}],"coordinates":[],"confidence":{"state":"pre-added","who":["user:Frederike"],"prob":1},"fields":{},"normalizations":{}},{"classId":"e_2","part":"s1v1","offsets":[{"start":7694,"text":"Demnach ist der Kaufvertrag als nicht existent anzusehen"}],"coordinates":[],"confidence":{"state":"pre-added","who":["user:Frederike"],"prob":1},"fields":{},"normalizations":{}},{"classId":"e_2","part":"s1v1","offsets":[{"start":7772,"text":"Hs Anspruch auf Zahlung des Kaufpreises gegen R aus § 433 II ist aufgrund einer wirksamen Anfechtung seitens R nach § 142 I untergegangen"}],"coordinates":[],"confidence":{"state":"pre-added","who":["user:Frederike"],"prob":1},"fields":{},"normalizations":{}},{"classId":"e_2","part":"s1v1","offsets":[{"start":7923,"text":"H hat keinen Anspruch gegen R auf Zahlung des Kaufpreises i.H.v. 125 € für den Luftreiniger aus § 433 II"}],"coordinates":[],"confidence":{"state":"pre-added","who":["user:Frederike"],"prob":1},"fields":{},"normalizations":{}}],"relations":[{"classId":"r_3","type":"linked","directed":false,"entities":["s1v1|e_2|3415,3565","s1v1|e_1|1594,1669"],"confidence":{"state":"pre-added","who":["user:Frederike"],"prob":1}},{"classId":"r_3","type":"linked","directed":false,"entities":["s1v1|e_1|3670,3711","s1v1|e_2|4062,4095"],"confidence":{"state":"pre-added","who":["user:Frederike"],"prob":1}},{"classId":"r_3","type":"linked","directed":false,"entities":["s1v1|e_1|4830,4992","s1v1|e_2|7772,7908"],"confidence":{"state":"pre-added","who":["user:Frederike"],"prob":1}},{"classId":"r_3","type":"linked","directed":false,"entities":["s1v1|e_2|7449,7515","s1v1|e_1|5009,5108"],"confidence":{"state":"pre-added","who":["user:Frederike"],"prob":1}},{"classId":"r_3","type":"linked","directed":false,"entities":["s1v1|e_2|7923,8026","s1v1|e_1|39,220"],"confidence":{"state":"pre-added","who":["user:Frederike"],"prob":1}},{"classId":"r_8","type":"linked","directed":false,"entities":["s1v1|e_7|1364,1509","s1v1|e_6|1512,1591"],"confidence":{"state":"pre-added","who":["user:Frederike"],"prob":1}},{"classId":"r_8","type":"linked","directed":false,"entities":["s1v1|e_7|1851,1925","s1v1|e_6|1928,2121"],"confidence":{"state":"pre-added","who":["user:Frederike"],"prob":1}},{"classId":"r_8","type":"linked","directed":false,"entities":["s1v1|e_7|3171,3298","s1v1|e_6|3301,3412"],"confidence":{"state":"pre-added","who":["user:Frederike"],"prob":1}},{"classId":"r_8","type":"linked","directed":false,"entities":["s1v1|e_7|3854,3918","s1v1|e_6|3921,4059"],"confidence":{"state":"pre-added","who":["user:Frederike"],"prob":1}},{"classId":"r_8","type":"linked","directed":false,"entities":["s1v1|e_7|5534,5607","s1v1|e_6|5610,5689"],"confidence":{"state":"pre-added","who":["user:Frederike"],"prob":1}},{"classId":"r_8","type":"linked","directed":false,"entities":["s1v1|e_7|6369,6504","s1v1|e_6|6507,6667"],"confidence":{"state":"pre-added","who":["user:Frederike"],"prob":1}},{"classId":"r_8","type":"linked","directed":false,"entities":["s1v1|e_7|6670,6843","s1v1|e_6|6846,6929"],"confidence":{"state":"pre-added","who":["user:Frederike"],"prob":1}},{"classId":"r_8","type":"linked","directed":false,"entities":["s1v1|e_7|7227,7305","s1v1|e_6|7308,7425"],"confidence":{"state":"pre-added","who":["user:Frederike"],"prob":1}}]}