{"annotatable":{"parts":["s1v1"]},"anncomplete":true,"sources":[],"metas":{},"entities":[{"classId":"e_1","part":"s1v1","offsets":[{"start":13,"text":"H könnte einen Anspruch auf Zahlung des Kaufpreises für den Luftreiniger\n\ngegenüber R gemäß §433 II BGB haben"}],"coordinates":[],"confidence":{"state":"pre-added","who":["user:Frederike"],"prob":1},"fields":{},"normalizations":{}},{"classId":"e_4","part":"s1v1","offsets":[{"start":249,"text":"Ein Kaufvertrag gemäß §433 BGB liegt vor, wenn ein Vertrag über eine Sache zwischen zwei\n\nPersonen geschlossen wird und diese Sache vom Käufer gegen die Zahlung des Kaufpreises\n\nerworben wird"}],"coordinates":[],"confidence":{"state":"pre-added","who":["user:Frederike"],"prob":1},"fields":{},"normalizations":{}},{"classId":"e_4","part":"s1v1","offsets":[{"start":442,"text":"Ein Kaufvertrag verpflichtet den Verkäufer die gekaufte Sache mangelfrei zu übergeben und der Käufer ist verpflichtet die Sache abzunehmen und zu bezahlen"}],"coordinates":[],"confidence":{"state":"pre-added","who":["user:Frederike"],"prob":1},"fields":{},"normalizations":{}},{"classId":"e_4","part":"s1v1","offsets":[{"start":599,"text":"Eine Sache gemäß §90 BGB ist jeder körperliche Gegenstand, der sowohl beweglich, als auch\n\nunbeweglich sein kann"}],"coordinates":[],"confidence":{"state":"pre-added","who":["user:Frederike"],"prob":1},"fields":{},"normalizations":{}},{"classId":"e_5","part":"s1v1","offsets":[{"start":714,"text":"Sowohl ein Luftreiniger, als auch ein Ordner sind Sachen.\n\nLaut Sachverhalt hat R eine Willenserklärung über den Kauf einer Sache\n\ngegenüber H gemäß §130 BGB abgegeben."}],"coordinates":[],"confidence":{"state":"pre-added","who":["user:Frederike"],"prob":1},"fields":{},"normalizations":{}},{"classId":"e_7","part":"s1v1","offsets":[{"start":714,"text":"Sowohl ein Luftreiniger, als auch ein Ordner sind Sachen"}],"coordinates":[],"confidence":{"state":"pre-added","who":["user:Frederike"],"prob":1},"fields":{},"normalizations":{}},{"classId":"e_7","part":"s1v1","offsets":[{"start":773,"text":"Laut Sachverhalt hat R eine Willenserklärung über den Kauf einer Sache\n\ngegenüber H gemäß §130 BGB abgegeben"}],"coordinates":[],"confidence":{"state":"pre-added","who":["user:Frederike"],"prob":1},"fields":{},"normalizations":{}},{"classId":"e_4","part":"s1v1","offsets":[{"start":884,"text":"Eine Willenserklärung ist die Erklärung über den Willen der erklärenden Person"}],"coordinates":[],"confidence":{"state":"pre-added","who":["user:Frederike"],"prob":1},"fields":{},"normalizations":{}},{"classId":"e_5","part":"s1v1","offsets":[{"start":964,"text":"R hat ihren Willen erklärt und somit handelt es sich um eine Willenserklärung."}],"coordinates":[],"confidence":{"state":"pre-added","who":["user:Frederike"],"prob":1},"fields":{},"normalizations":{}},{"classId":"e_7","part":"s1v1","offsets":[{"start":964,"text":"R hat ihren Willen erklärt"}],"coordinates":[],"confidence":{"state":"pre-added","who":["user:Frederike"],"prob":1},"fields":{},"normalizations":{}},{"classId":"e_6","part":"s1v1","offsets":[{"start":991,"text":"und somit handelt es sich um eine Willenserklärung"}],"coordinates":[],"confidence":{"state":"pre-added","who":["user:Frederike"],"prob":1},"fields":{},"normalizations":{}},{"classId":"e_4","part":"s1v1","offsets":[{"start":1043,"text":"Eine Willenserklärung ist gemäß §130 I BGB wirksam, sofern sie nicht widerrufen wird"}],"coordinates":[],"confidence":{"state":"pre-added","who":["user:Frederike"],"prob":1},"fields":{},"normalizations":{}},{"classId":"e_2","part":"s1v1","offsets":[{"start":1130,"text":"Sie wurde nicht widerrufen und ist somit gültig"}],"coordinates":[],"confidence":{"state":"pre-added","who":["user:Frederike"],"prob":1},"fields":{},"normalizations":{}},{"classId":"e_5","part":"s1v1","offsets":[{"start":1180,"text":"Laut Sachverhalt erkennt R den Irrtum bei der Übergabe der Sache. Gemäß §119 I BGB ist eine Willenserklärung anfechtbar, sofern es sich um ein Irrtum handelt. R hat sich bei der Bestellung geirrt und bei einem anderen Händler ein gleichnamiges Produkt\n\nbestellt hat."}],"coordinates":[],"confidence":{"state":"pre-added","who":["user:Frederike"],"prob":1},"fields":{},"normalizations":{}},{"classId":"e_7","part":"s1v1","offsets":[{"start":1180,"text":"Laut Sachverhalt erkennt R den Irrtum bei der Übergabe der Sache"}],"coordinates":[],"confidence":{"state":"pre-added","who":["user:Frederike"],"prob":1},"fields":{},"normalizations":{}},{"classId":"e_7","part":"s1v1","offsets":[{"start":1339,"text":"R hat sich bei der Bestellung geirrt und bei einem anderen Händler ein gleichnamiges Produkt\n\nbestellt hat"}],"coordinates":[],"confidence":{"state":"pre-added","who":["user:Frederike"],"prob":1},"fields":{},"normalizations":{}},{"classId":"e_2","part":"s1v1","offsets":[{"start":1447,"text":"Daher liegt ein Irrtum vor"}],"coordinates":[],"confidence":{"state":"pre-added","who":["user:Frederike"],"prob":1},"fields":{},"normalizations":{}},{"classId":"e_1","part":"s1v1","offsets":[{"start":1476,"text":"H könnte einen Anspruch auf Entschädigung gegenüber R haben"}],"coordinates":[],"confidence":{"state":"pre-added","who":["user:Frederike"],"prob":1},"fields":{},"normalizations":{}},{"classId":"e_5","part":"s1v1","offsets":[{"start":1537,"text":"Die Bestellung der R hat Kosten bei H verursacht. Gemäß §670 BGB muss die Willenserklärende Person entstandene Kosten ersetzen, sofern sie die Sache nicht annimmt."}],"coordinates":[],"confidence":{"state":"pre-added","who":["user:Frederike"],"prob":1},"fields":{},"normalizations":{}},{"classId":"e_7","part":"s1v1","offsets":[{"start":1537,"text":"Die Bestellung der R hat Kosten bei H verursacht"}],"coordinates":[],"confidence":{"state":"pre-added","who":["user:Frederike"],"prob":1},"fields":{},"normalizations":{}},{"classId":"e_2","part":"s1v1","offsets":[{"start":1701,"text":"R ist verpflichtet die Kosten zu ersetzen"}],"coordinates":[],"confidence":{"state":"pre-added","who":["user:Frederike"],"prob":1},"fields":{},"normalizations":{}},{"classId":"e_2","part":"s1v1","offsets":[{"start":1772,"text":"Die Willenserklärung für den Kaufvertrag zwischen R und\n\nH ist wirksam und ein Kaufvertrag gemäß §433 II BGB zustande gekommen"}],"coordinates":[],"confidence":{"state":"pre-added","who":["user:Frederike"],"prob":1},"fields":{},"normalizations":{}},{"classId":"e_5","part":"s1v1","offsets":[{"start":1901,"text":"Diese beruht allerdings gemäß §119 I BGB auf einem Irrtum der R, da sie sich bei der\n\nKontaktadresse geirrt und somit bei einem anderen Händler ein gleichnamiges Produkt\n\nbestellt hat."}],"coordinates":[],"confidence":{"state":"pre-added","who":["user:Frederike"],"prob":1},"fields":{},"normalizations":{}},{"classId":"e_6","part":"s1v1","offsets":[{"start":1901,"text":"Diese beruht allerdings gemäß §119 I BGB auf einem Irrtum der R"}],"coordinates":[],"confidence":{"state":"pre-added","who":["user:Frederike"],"prob":1},"fields":{},"normalizations":{}},{"classId":"e_7","part":"s1v1","offsets":[{"start":1966,"text":"da sie sich bei der\n\nKontaktadresse geirrt und somit bei einem anderen Händler ein gleichnamiges Produkt\n\nbestellt hat"}],"coordinates":[],"confidence":{"state":"pre-added","who":["user:Frederike"],"prob":1},"fields":{},"normalizations":{}},{"classId":"e_2","part":"s1v1","offsets":[{"start":2101,"text":"H hat keinen Anspruch auf Zahlung des Kaufpreises von R, da sie irrtümlich\n\nfalsch bestellte"}],"coordinates":[],"confidence":{"state":"pre-added","who":["user:Frederike"],"prob":1},"fields":{},"normalizations":{}},{"classId":"e_2","part":"s1v1","offsets":[{"start":2195,"text":"Dennoch muss R Ersatz von Aufwendungen gemäß § 670 leisten, da H\n\nKosten durch seine Bestellung bei einem Großhändler, sowie durch Lohn und Transport,\n\nKosten angefallen sind, die R ersetzen muss"}],"coordinates":[],"confidence":{"state":"pre-added","who":["user:Frederike"],"prob":1},"fields":{},"normalizations":{}}],"relations":[{"classId":"r_3","type":"linked","directed":false,"entities":["s1v1|e_1|1476,1534","s1v1|e_2|1701,1741"],"confidence":{"state":"pre-added","who":["user:Frederike"],"prob":1}},{"classId":"r_3","type":"linked","directed":false,"entities":["s1v1|e_2|2101,2192","s1v1|e_1|13,121"],"confidence":{"state":"pre-added","who":["user:Frederike"],"prob":1}},{"classId":"r_8","type":"linked","directed":false,"entities":["s1v1|e_7|964,989","s1v1|e_6|991,1040"],"confidence":{"state":"pre-added","who":["user:Frederike"],"prob":1}},{"classId":"r_8","type":"linked","directed":false,"entities":["s1v1|e_6|1901,1963","s1v1|e_7|1966,2083"],"confidence":{"state":"pre-added","who":["user:Frederike"],"prob":1}}]}