{"annotatable":{"parts":["s1v1"]},"anncomplete":true,"sources":[],"metas":{},"entities":[{"classId":"e_1","part":"s1v1","offsets":[{"start":26,"text":"H könnte gegen R einen Anspruch auf Kaufpreiszahlung i.H.v 125 € für den Luftreiniger Leitz Z-1000 gem. § 433 Abs. 2 BGB haben, wenn ein Kaufvertrag wirksam geschlossen wurde und wirksam geblieben ist"}],"coordinates":[],"confidence":{"state":"pre-added","who":["user:Frederike"],"prob":1},"fields":{},"normalizations":{}},{"classId":"e_4","part":"s1v1","offsets":[{"start":323,"text":"Ein Kaufvertrag kommt durch zwei übereinstimmende Willenserklärungen (Einigung), namentlich Angebot (§ 145 BGB) und Annahme (§§ 147 ff. BGB), zustande"}],"coordinates":[],"confidence":{"state":"pre-added","who":["user:Frederike"],"prob":1},"fields":{},"normalizations":{}},{"classId":"e_1","part":"s1v1","offsets":[{"start":488,"text":"Fraglich ist, ob im vorliegenden Fall ein Angebot durch R oder H unterbreitet wurde"}],"coordinates":[],"confidence":{"state":"pre-added","who":["user:Frederike"],"prob":1},"fields":{},"normalizations":{}},{"classId":"e_4","part":"s1v1","offsets":[{"start":573,"text":"Ein Angebot ist eine empfangsbedürftige Willenserklärung, die den Abschluss eines Vertrages bezweckt und alle vertragswesentlichen Bestandteile enthält, sodass die Annahme nur noch von dem Einverständnis der anderen Partei abhängt"}],"coordinates":[],"confidence":{"state":"pre-added","who":["user:Frederike"],"prob":1},"fields":{},"normalizations":{}},{"classId":"e_1","part":"s1v1","offsets":[{"start":806,"text":"Ein Angebot könnte in der E-Mail der Rechtsanwältin R liegen"}],"coordinates":[],"confidence":{"state":"pre-added","who":["user:Frederike"],"prob":1},"fields":{},"normalizations":{}},{"classId":"e_1","part":"s1v1","offsets":[{"start":868,"text":"Dazu müsste das Schreiben zugegangen sein (§ 130 Abs. 1 BGB) und alle vertragswesentlichen Bestandteile – Vertragsparteien, Vertragsgegenstand, Gegenleistung, also bei Kaufvertrag den Kaufpreis – enthalten und durch eine schlichte Bestätigung angenommen werden können"}],"coordinates":[],"confidence":{"state":"pre-added","who":["user:Frederike"],"prob":1},"fields":{},"normalizations":{}},{"classId":"e_5","part":"s1v1","offsets":[{"start":1138,"text":"Die E-Mail der Rechtsanwältin R enthält die Bezeichnung des Vertragsgegenstandes – Leitz Z- 1000. Auch werden die Vertragsparteien durch die E-Mail deutlich. Diese sind R und H. Jedoch fehlt der Kaufpreis und somit ein wichtiges Bestandteil des Angebots durch R."}],"coordinates":[],"confidence":{"state":"pre-added","who":["user:Frederike"],"prob":1},"fields":{},"normalizations":{}},{"classId":"e_7","part":"s1v1","offsets":[{"start":1138,"text":"Die E-Mail der Rechtsanwältin R enthält die Bezeichnung des Vertragsgegenstandes – Leitz Z- 1000"}],"coordinates":[],"confidence":{"state":"pre-added","who":["user:Frederike"],"prob":1},"fields":{},"normalizations":{}},{"classId":"e_7","part":"s1v1","offsets":[{"start":1236,"text":"Auch werden die Vertragsparteien durch die E-Mail deutlich"}],"coordinates":[],"confidence":{"state":"pre-added","who":["user:Frederike"],"prob":1},"fields":{},"normalizations":{}},{"classId":"e_7","part":"s1v1","offsets":[{"start":1296,"text":"Diese sind R und H"}],"coordinates":[],"confidence":{"state":"pre-added","who":["user:Frederike"],"prob":1},"fields":{},"normalizations":{}},{"classId":"e_7","part":"s1v1","offsets":[{"start":1316,"text":"Jedoch fehlt der Kaufpreis"}],"coordinates":[],"confidence":{"state":"pre-added","who":["user:Frederike"],"prob":1},"fields":{},"normalizations":{}},{"classId":"e_6","part":"s1v1","offsets":[{"start":1343,"text":"und somit ein wichtiges Bestandteil des Angebots durch R"}],"coordinates":[],"confidence":{"state":"pre-added","who":["user:Frederike"],"prob":1},"fields":{},"normalizations":{}},{"classId":"e_2","part":"s1v1","offsets":[{"start":1402,"text":"Mithin liegt kein Angebot der R vor"}],"coordinates":[],"confidence":{"state":"pre-added","who":["user:Frederike"],"prob":1},"fields":{},"normalizations":{}},{"classId":"e_2","part":"s1v1","offsets":[{"start":1439,"text":"Auch ist kein anderes Angebot im Sachverhalt ersichtlich"}],"coordinates":[],"confidence":{"state":"pre-added","who":["user:Frederike"],"prob":1},"fields":{},"normalizations":{}},{"classId":"e_2","part":"s1v1","offsets":[{"start":1497,"text":"Folglich ist keine Einigung zustande gekommen"}],"coordinates":[],"confidence":{"state":"pre-added","who":["user:Frederike"],"prob":1},"fields":{},"normalizations":{}},{"classId":"e_2","part":"s1v1","offsets":[{"start":1544,"text":"Es liegt somit kein Kaufvertrag vor"}],"coordinates":[],"confidence":{"state":"pre-added","who":["user:Frederike"],"prob":1},"fields":{},"normalizations":{}},{"classId":"e_2","part":"s1v1","offsets":[{"start":1592,"text":"H hat keinen Anspruch auf Kaufpreiszahlung i.H.v. 125 € gegen R"}],"coordinates":[],"confidence":{"state":"pre-added","who":["user:Frederike"],"prob":1},"fields":{},"normalizations":{}}],"relations":[{"classId":"r_3","type":"linked","directed":false,"entities":["s1v1|e_2|1402,1436","s1v1|e_1|488,570"],"confidence":{"state":"pre-added","who":["user:Frederike"],"prob":1}},{"classId":"r_3","type":"linked","directed":false,"entities":["s1v1|e_2|1544,1578","s1v1|e_1|26,225"],"confidence":{"state":"pre-added","who":["user:Frederike"],"prob":1}},{"classId":"r_3","type":"linked","directed":false,"entities":["s1v1|e_2|1592,1654","s1v1|e_1|26,225"],"confidence":{"state":"pre-added","who":["user:Frederike"],"prob":1}},{"classId":"r_8","type":"linked","directed":false,"entities":["s1v1|e_7|1316,1341","s1v1|e_6|1343,1398"],"confidence":{"state":"pre-added","who":["user:Frederike"],"prob":1}}]}