{"annotatable":{"parts":["s1v1"]},"anncomplete":true,"sources":[],"metas":{},"entities":[{"classId":"e_1","part":"s1v1","offsets":[{"start":93,"text":"H könnte einen Rechtsanspruch auf die Zahlung des Kaufpreises für den Luftreiniger gegen R haben, wenn ein Kaufvertrag gem. § 433 | 2 BGB zustande gekommen ist"}],"coordinates":[],"confidence":{"state":"pre-added","who":["user:Frederike"],"prob":1},"fields":{},"normalizations":{}},{"classId":"e_1","part":"s1v1","offsets":[{"start":293,"text":"H und R müssten sich mittels inhaltlich entsprechenden und aufeinander bezogenen Willenserklärungen gem. §§ 145 ff. BGB geeinigt haben"}],"coordinates":[],"confidence":{"state":"pre-added","who":["user:Frederike"],"prob":1},"fields":{},"normalizations":{}},{"classId":"e_1","part":"s1v1","offsets":[{"start":456,"text":"Indem R eine E-Mail mit einer genauen Produktbezeichnung geschrieben und die Absicht eines Kaufes über dieses Produkt geäußert hat, könnte sie eine Willenserklärung geäußert haben"}],"coordinates":[],"confidence":{"state":"pre-added","who":["user:Frederike"],"prob":1},"fields":{},"normalizations":{}},{"classId":"e_5","part":"s1v1","offsets":[{"start":637,"text":"Die Willenserklärung ist an den Verkäufer A gerichtet."}],"coordinates":[],"confidence":{"state":"pre-added","who":["user:Frederike"],"prob":1},"fields":{},"normalizations":{}},{"classId":"e_7","part":"s1v1","offsets":[{"start":637,"text":"Die Willenserklärung ist an den Verkäufer A gerichtet"}],"coordinates":[],"confidence":{"state":"pre-added","who":["user:Frederike"],"prob":1},"fields":{},"normalizations":{}},{"classId":"e_5","part":"s1v1","offsets":[{"start":719,"text":"H bietet R wie gewünscht den Artikel Z-1000 an, bestellt ihn bei einem Großhändler und liefert diesen ordnungsgemäß nach § 433 | 1 BGB aus."}],"coordinates":[],"confidence":{"state":"pre-added","who":["user:Frederike"],"prob":1},"fields":{},"normalizations":{}},{"classId":"e_7","part":"s1v1","offsets":[{"start":719,"text":"H bietet R wie gewünscht den Artikel Z-1000 an, bestellt ihn bei einem Großhändler und liefert diesen ordnungsgemäß nach § 433 | 1 BGB aus"}],"coordinates":[],"confidence":{"state":"pre-added","who":["user:Frederike"],"prob":1},"fields":{},"normalizations":{}},{"classId":"e_4","part":"s1v1","offsets":[{"start":871,"text":"Das Zustandekommen des Vertrages setzt voraus, dass die Willenserklärungen identisch sind und keine Irrtümer nach § 119 BGB und § 120 BGB aufweisen"}],"coordinates":[],"confidence":{"state":"pre-added","who":["user:Frederike"],"prob":1},"fields":{},"normalizations":{}},{"classId":"e_5","part":"s1v1","offsets":[{"start":1020,"text":"Da R eine spezifische Typenbezeichnung nennt und ausdrücklich ihre Willenserklärung formuliert, jedoch die E-Mail an den falschen Empfänger schickt, ist der geschlossen, jedoch Kaufvertrag nach § 120 BGB anfechtbar."}],"coordinates":[],"confidence":{"state":"pre-added","who":["user:Frederike"],"prob":1},"fields":{},"normalizations":{}},{"classId":"e_7","part":"s1v1","offsets":[{"start":1020,"text":"Da R eine spezifische Typenbezeichnung nennt und ausdrücklich ihre Willenserklärung formuliert, jedoch die E-Mail an den falschen Empfänger schickt"}],"coordinates":[],"confidence":{"state":"pre-added","who":["user:Frederike"],"prob":1},"fields":{},"normalizations":{}},{"classId":"e_6","part":"s1v1","offsets":[{"start":1169,"text":"ist der geschlossen, jedoch Kaufvertrag nach § 120 BGB anfechtbar"}],"coordinates":[],"confidence":{"state":"pre-added","who":["user:Frederike"],"prob":1},"fields":{},"normalizations":{}},{"classId":"e_2","part":"s1v1","offsets":[{"start":1249,"text":"R hat einen Anspruch auf eine Anfechtung des Vertrages nach § 143 BGB"}],"coordinates":[],"confidence":{"state":"pre-added","who":["user:Frederike"],"prob":1},"fields":{},"normalizations":{}},{"classId":"e_2","part":"s1v1","offsets":[{"start":1320,"text":"In diesem Fall kommt kein Vertrag nach\n\n§ 433 BGB zustande und somit hat H keinen Rechtsanspruch auf die Zahlung des Kaufpreises für den Luftreiniger gegen R"}],"coordinates":[],"confidence":{"state":"pre-added","who":["user:Frederike"],"prob":1},"fields":{},"normalizations":{}}],"relations":[{"classId":"r_3","type":"linked","directed":false,"entities":["s1v1|e_2|1320,1476","s1v1|e_1|93,251"],"confidence":{"state":"pre-added","who":["user:Frederike"],"prob":1}},{"classId":"r_8","type":"linked","directed":false,"entities":["s1v1|e_7|1020,1166","s1v1|e_6|1169,1233"],"confidence":{"state":"pre-added","who":["user:Frederike"],"prob":1}}]}