{"annotatable":{"parts":["s1v1"]},"anncomplete":false,"sources":[],"metas":{},"entities":[{"classId":"e_1","part":"s1v1","offsets":[{"start":27,"text":"Fraglich ist, ob H einen Zahlungsanspruch des Luftreiniger-Kaufpreises i.H.v. 125€ gegenüber R erheben kann"}],"coordinates":[],"confidence":{"state":"pre-added","who":["user:Frederike"],"prob":1},"fields":{},"normalizations":{}},{"classId":"e_1","part":"s1v1","offsets":[{"start":159,"text":"Hierfür müsste zwischen H und R ein Kaufvertrag geschlossen worden sein"}],"coordinates":[],"confidence":{"state":"pre-added","who":["user:Frederike"],"prob":1},"fields":{},"normalizations":{}}],"relations":[]}