{"annotatable":{"parts":["s1v1"]},"anncomplete":true,"sources":[],"metas":{},"entities":[{"classId":"e_1","part":"s1v1","offsets":[{"start":14,"text":"A könnte gegen C Anspruch auf Übergabe und Übereignung von 500 Tonnen hochwertigem Stahl zum Preis von 265.000 € gemäß §433 I BGB haben"}],"coordinates":[],"confidence":{"state":"pre-added","who":["user:FabianBrese"],"prob":1},"fields":{},"normalizations":{}},{"classId":"e_1","part":"s1v1","offsets":[{"start":167,"text":"Es müsste ein wirksamer Kaufvertrag zustande gekommen sein"}],"coordinates":[],"confidence":{"state":"pre-added","who":["user:FabianBrese"],"prob":1},"fields":{},"normalizations":{}},{"classId":"e_4","part":"s1v1","offsets":[{"start":228,"text":"Dieser besteht aus zwei wechselseitigen Willenserklärungen in Form von Angebot und Annahme"}],"coordinates":[],"confidence":{"state":"pre-added","who":["user:FabianBrese"],"prob":1},"fields":{},"normalizations":{}},{"classId":"e_1","part":"s1v1","offsets":[{"start":332,"text":"A könnte C ein Angebot gemäß §145 ff BGB gemacht haben"}],"coordinates":[],"confidence":{"state":"pre-added","who":["user:FabianBrese"],"prob":1},"fields":{},"normalizations":{}},{"classId":"e_4","part":"s1v1","offsets":[{"start":389,"text":"Ein Angebot ist eine empfangsbedürftige Willenserklärung, die den Abschluss eines Vertrags bezweckt und so bestimmt ist, dass die Annahme durch ein schlichtes „ja“ möglich ist"}],"coordinates":[],"confidence":{"state":"pre-added","who":["user:FabianBrese"],"prob":1},"fields":{},"normalizations":{}},{"classId":"e_5","part":"s1v1","offsets":[{"start":567,"text":"A hat C lediglich eine E-Mail mit der Information gesendet, dass sie Interesse an einem Kaufvertrag mit C hat und ihre Mitarbeiterin B sie bei den weiteren Vertragsverhandlungen Vertreten werde. Zudem sind noch nicht alle essentialia negotii vorhanden, da noch kein Preis feststeht."}],"coordinates":[],"confidence":{"state":"pre-added","who":["user:FabianBrese"],"prob":1},"fields":{},"normalizations":{}},{"classId":"e_7","part":"s1v1","offsets":[{"start":567,"text":"A hat C lediglich eine E-Mail mit der Information gesendet, dass sie Interesse an einem Kaufvertrag mit C hat und ihre Mitarbeiterin B sie bei den weiteren Vertragsverhandlungen Vertreten werde"}],"coordinates":[],"confidence":{"state":"pre-added","who":["user:FabianBrese"],"prob":1},"fields":{},"normalizations":{}},{"classId":"e_6","part":"s1v1","offsets":[{"start":762,"text":"Zudem sind noch nicht alle essentialia negotii vorhanden, da noch kein Preis feststeht"}],"coordinates":[],"confidence":{"state":"pre-added","who":["user:FabianBrese"],"prob":1},"fields":{},"normalizations":{}},{"classId":"e_2","part":"s1v1","offsets":[{"start":850,"text":"Es liegt kein Angebot gemäß §145 ff. BGB von A gegenüber C vor"}],"coordinates":[],"confidence":{"state":"pre-added","who":["user:FabianBrese"],"prob":1},"fields":{},"normalizations":{}},{"classId":"e_1","part":"s1v1","offsets":[{"start":915,"text":"Es könnte ein Angebot von C gegenüber B gemäß §145 ff. BGB vorliegen"}],"coordinates":[],"confidence":{"state":"pre-added","who":["user:FabianBrese"],"prob":1},"fields":{},"normalizations":{}},{"classId":"e_5","part":"s1v1","offsets":[{"start":1018,"text":"C hat B zwei Angebote vorgelegt, welche neben dem Vertragspartner jeweils Gegenstand und Preis enthalten."}],"coordinates":[],"confidence":{"state":"pre-added","who":["user:FabianBrese"],"prob":1},"fields":{},"normalizations":{}},{"classId":"e_7","part":"s1v1","offsets":[{"start":1018,"text":"C hat B zwei Angebote vorgelegt, welche neben dem Vertragspartner jeweils Gegenstand und Preis enthalten"}],"coordinates":[],"confidence":{"state":"pre-added","who":["user:FabianBrese"],"prob":1},"fields":{},"normalizations":{}},{"classId":"e_2","part":"s1v1","offsets":[{"start":1124,"text":"Es liegt ein Angebot gemäß §145 ff. BGB von B gegenüber C vor"}],"coordinates":[],"confidence":{"state":"pre-added","who":["user:FabianBrese"],"prob":1},"fields":{},"normalizations":{}},{"classId":"e_1","part":"s1v1","offsets":[{"start":1199,"text":"Das Angebot könnte angenommen worden sein"}],"coordinates":[],"confidence":{"state":"pre-added","who":["user:FabianBrese"],"prob":1},"fields":{},"normalizations":{}},{"classId":"e_4","part":"s1v1","offsets":[{"start":1242,"text":"Eine Annahme ist eine empfangsbedürftige Willenserklärung, mit der der Vertragspartner sein Einverständnis mit dem angetragenen Vertragsabschluss zu verstehen gibt"}],"coordinates":[],"confidence":{"state":"pre-added","who":["user:FabianBrese"],"prob":1},"fields":{},"normalizations":{}},{"classId":"e_5","part":"s1v1","offsets":[{"start":1408,"text":"A hat das Angebot nichts selbst gegenüber C angenommen. Allerdings könnte B das Angebot von C gemäß §147 ff. angenommen haben. Dies\n\nkönnte unmittelbar für und gegen A wirken, wenn diese wirksam von B vertreten wurde."}],"coordinates":[],"confidence":{"state":"pre-added","who":["user:FabianBrese"],"prob":1},"fields":{},"normalizations":{}},{"classId":"e_7","part":"s1v1","offsets":[{"start":1408,"text":"A hat das Angebot nichts selbst gegenüber C angenommen"}],"coordinates":[],"confidence":{"state":"pre-added","who":["user:FabianBrese"],"prob":1},"fields":{},"normalizations":{}},{"classId":"e_6","part":"s1v1","offsets":[{"start":1464,"text":"Allerdings könnte B das Angebot von C gemäß §147 ff. angenommen haben"}],"coordinates":[],"confidence":{"state":"pre-added","who":["user:FabianBrese"],"prob":1},"fields":{},"normalizations":{}},{"classId":"e_1","part":"s1v1","offsets":[{"start":1626,"text":"Dafür müsste Stellvertretung zulässig sein und B eine eigene Willenserklärung im Namen der V mit Vertretungsmacht abgegeben haben"}],"coordinates":[],"confidence":{"state":"pre-added","who":["user:FabianBrese"],"prob":1},"fields":{},"normalizations":{}},{"classId":"e_2","part":"s1v1","offsets":[{"start":1794,"text":"Beim Abschluss eines Kaufvertrags ist die Stellvertretung gemäß §§164 ff. BGB zulässig"}],"coordinates":[],"confidence":{"state":"pre-added","who":["user:FabianBrese"],"prob":1},"fields":{},"normalizations":{}},{"classId":"e_1","part":"s1v1","offsets":[{"start":1930,"text":"B müsste als Stellvertreterin eine eigene Willenserklärung abgegeben haben"}],"coordinates":[],"confidence":{"state":"pre-added","who":["user:FabianBrese"],"prob":1},"fields":{},"normalizations":{}},{"classId":"e_4","part":"s1v1","offsets":[{"start":2006,"text":"In Abgrenzung zum Boten, der nur eine fremde Willenserklärung übermittelt, muss der Stellvertreter Entscheidungsspielraum haben, innerhalb dessen er\n\n2 eine eigene Willenserklärung abgeben kann"}],"coordinates":[],"confidence":{"state":"pre-added","who":["user:FabianBrese"],"prob":1},"fields":{},"normalizations":{}},{"classId":"e_5","part":"s1v1","offsets":[{"start":2268,"text":"C wurde von A darüber informiert, dass B sich um die Einzelheiten des Kaufvertrags kümmern wird. B entscheidet sich aus freien Stücken für das zweite Angebot. Unerheblich für die Wirksamkeit des Kaufvertrages ist dabei, dass sie sich dazu von C hat bestechen lassen. Schließlich wurde sie weder von Gewalt noch Bedrohung beeinflusst (§123), sondern hat lediglich eine Playstation 5 versprochen bekommen. Unerheblich ist auch, dass diese schwer erhältlich ist. Es handelt sich nicht um etwas zum Leben essentiell Notwendiges und wäre durchaus erwartbar gewesen, dass B sich nicht auf die Bestechung einlässt. Schließlich wäre sie ohne die Bestechung nicht schlechter gestellt als davor."}],"coordinates":[],"confidence":{"state":"pre-added","who":["user:FabianBrese"],"prob":1},"fields":{},"normalizations":{}},{"classId":"e_7","part":"s1v1","offsets":[{"start":2268,"text":"C wurde von A darüber informiert, dass B sich um die Einzelheiten des Kaufvertrags kümmern wird"}],"coordinates":[],"confidence":{"state":"pre-added","who":["user:FabianBrese"],"prob":1},"fields":{},"normalizations":{}},{"classId":"e_7","part":"s1v1","offsets":[{"start":2365,"text":"B entscheidet sich aus freien Stücken für das zweite Angebot"}],"coordinates":[],"confidence":{"state":"pre-added","who":["user:FabianBrese"],"prob":1},"fields":{},"normalizations":{}},{"classId":"e_2","part":"s1v1","offsets":[{"start":2954,"text":"B hat somit eine eigene Willenserklärung abgegeben"}],"coordinates":[],"confidence":{"state":"pre-added","who":["user:FabianBrese"],"prob":1},"fields":{},"normalizations":{}},{"classId":"e_1","part":"s1v1","offsets":[{"start":3025,"text":"B müsste das Angebot im Namen der A annehmen"}],"coordinates":[],"confidence":{"state":"pre-added","who":["user:FabianBrese"],"prob":1},"fields":{},"normalizations":{}},{"classId":"e_4","part":"s1v1","offsets":[{"start":3141,"text":"Gemäß §164 I 2 BGB macht es keinen Unterschied, ob die Erklärung ausdrücklich im Namen des Vertretenen erfolgt oder ob die Umstände ergeben, dass sie in dessen Namen erfolgen soll"}],"coordinates":[],"confidence":{"state":"pre-added","who":["user:FabianBrese"],"prob":1},"fields":{},"normalizations":{}},{"classId":"e_5","part":"s1v1","offsets":[{"start":3322,"text":"Für C war klar, dass B nicht selbst Vertragspartei ist, sondern für ihre Arbeitgeberin A verhandelte."}],"coordinates":[],"confidence":{"state":"pre-added","who":["user:FabianBrese"],"prob":1},"fields":{},"normalizations":{}},{"classId":"e_7","part":"s1v1","offsets":[{"start":3322,"text":"Für C war klar, dass B nicht selbst Vertragspartei ist"}],"coordinates":[],"confidence":{"state":"pre-added","who":["user:FabianBrese"],"prob":1},"fields":{},"normalizations":{}},{"classId":"e_6","part":"s1v1","offsets":[{"start":3378,"text":"sondern für ihre Arbeitgeberin A verhandelte"}],"coordinates":[],"confidence":{"state":"pre-added","who":["user:FabianBrese"],"prob":1},"fields":{},"normalizations":{}},{"classId":"e_2","part":"s1v1","offsets":[{"start":3424,"text":"B hat das Angebot im Namen der A angenommen"}],"coordinates":[],"confidence":{"state":"pre-added","who":["user:FabianBrese"],"prob":1},"fields":{},"normalizations":{}},{"classId":"e_1","part":"s1v1","offsets":[{"start":3490,"text":"B müsste zudem mit Vertretungsmacht gehandelt haben"}],"coordinates":[],"confidence":{"state":"pre-added","who":["user:FabianBrese"],"prob":1},"fields":{},"normalizations":{}},{"classId":"e_4","part":"s1v1","offsets":[{"start":3544,"text":"Gemäß §166 II BGB liegt mit einer durch Rechtsgeschäft erteilten Vertretungsmacht eine Vollmacht vor"}],"coordinates":[],"confidence":{"state":"pre-added","who":["user:FabianBrese"],"prob":1},"fields":{},"normalizations":{}},{"classId":"e_4","part":"s1v1","offsets":[{"start":3646,"text":"Gemäß §167 I BGB erfolgt die Vertretung einer Vollmacht durch Erklärung gegenüber dem zu Bevollmächtigenden oder dem Dritten, dem gegenüber dem Vertretung stattfinden soll"}],"coordinates":[],"confidence":{"state":"pre-added","who":["user:FabianBrese"],"prob":1},"fields":{},"normalizations":{}},{"classId":"e_5","part":"s1v1","offsets":[{"start":3819,"text":"Im vorliegenden Sachverhalt hat A sowohl B als auch C über die Bevollmächtigung informiert, sodass sowohl eine Außen- als auch eine Innenvollmacht vorliegt."}],"coordinates":[],"confidence":{"state":"pre-added","who":["user:FabianBrese"],"prob":1},"fields":{},"normalizations":{}},{"classId":"e_7","part":"s1v1","offsets":[{"start":3819,"text":"Im vorliegenden Sachverhalt hat A sowohl B als auch C über die Bevollmächtigung informiert"}],"coordinates":[],"confidence":{"state":"pre-added","who":["user:FabianBrese"],"prob":1},"fields":{},"normalizations":{}},{"classId":"e_6","part":"s1v1","offsets":[{"start":3911,"text":"sodass sowohl eine Außen- als auch eine Innenvollmacht vorliegt"}],"coordinates":[],"confidence":{"state":"pre-added","who":["user:FabianBrese"],"prob":1},"fields":{},"normalizations":{}},{"classId":"e_2","part":"s1v1","offsets":[{"start":3976,"text":"B hatte somit die Vertretungsmacht für den Kauf des Stahls"}],"coordinates":[],"confidence":{"state":"pre-added","who":["user:FabianBrese"],"prob":1},"fields":{},"normalizations":{}},{"classId":"e_2","part":"s1v1","offsets":[{"start":4057,"text":"B hat das Angebot des C im Rahmen ihrer Vertretungsvollmacht für A gemäß §164 I BGB angenommen"}],"coordinates":[],"confidence":{"state":"pre-added","who":["user:FabianBrese"],"prob":1},"fields":{},"normalizations":{}},{"classId":"e_2","part":"s1v1","offsets":[{"start":4174,"text":"Zwischen A und C ist ein wirksamer Kaufvertrag über den Stahl zustande gekommen"}],"coordinates":[],"confidence":{"state":"pre-added","who":["user:FabianBrese"],"prob":1},"fields":{},"normalizations":{}},{"classId":"e_1","part":"s1v1","offsets":[{"start":4270,"text":"Der Kaufvertrag könnte infolge einer Anfechtung durch C gemäß §142 I BGB von Anfang an (ex tunc) unwirksam sein"}],"coordinates":[],"confidence":{"state":"pre-added","who":["user:FabianBrese"],"prob":1},"fields":{},"normalizations":{}},{"classId":"e_5","part":"s1v1","offsets":[{"start":4589,"text":"C weigert sich gegenüber ihrer Vertragspartnerin A den Stahl zu liefern. C äußert, dass sie aus moralischen Gründen nicht am Kaufvertrag festhalten wolle, da sie B bestochen hatte und sich nun aber gebessert habe. Auch wenn C nicht das Wort „Anfechtung“ genutzt hat, ist davon auszugehen, dass sie dies gegenüber A als Anfechtungsgegner meinte (§143 I BGB)"}],"coordinates":[],"confidence":{"state":"pre-added","who":["user:FabianBrese"],"prob":1},"fields":{},"normalizations":{}},{"classId":"e_7","part":"s1v1","offsets":[{"start":4589,"text":"C weigert sich gegenüber ihrer Vertragspartnerin A den Stahl zu liefern"}],"coordinates":[],"confidence":{"state":"pre-added","who":["user:FabianBrese"],"prob":1},"fields":{},"normalizations":{}},{"classId":"e_2","part":"s1v1","offsets":[{"start":4967,"text":"Es liegt weder eine nichtige Willenserklärung gemäß §§116-118 BGB noch ein Irrtum (§119 BGB), falsche Übermittlung (§120 BGB) oder Täuschung oder Drohung (§123 BGB) vor"}],"coordinates":[],"confidence":{"state":"pre-added","who":["user:FabianBrese"],"prob":1},"fields":{},"normalizations":{}},{"classId":"e_2","part":"s1v1","offsets":[{"start":5224,"text":"C hat den Kaufvertrag mit A nicht wirksam angefochten"}],"coordinates":[],"confidence":{"state":"pre-added","who":["user:FabianBrese"],"prob":1},"fields":{},"normalizations":{}},{"classId":"e_2","part":"s1v1","offsets":[{"start":5292,"text":"A hat gegenüber C Anspruch auf Übergabe und Übereignung von 500 Tonnen hochwertigem Stahl zum Preis von 265.000€"}],"coordinates":[],"confidence":{"state":"pre-added","who":["user:FabianBrese"],"prob":1},"fields":{},"normalizations":{}}],"relations":[{"classId":"r_3","type":"linked","directed":false,"entities":["s1v1|e_2|1124,1184","s1v1|e_1|915,982"],"confidence":{"state":"pre-added","who":["user:FabianBrese"],"prob":1}},{"classId":"r_3","type":"linked","directed":false,"entities":["s1v1|e_2|2954,3003","s1v1|e_1|1930,2003"],"confidence":{"state":"pre-added","who":["user:FabianBrese"],"prob":1}},{"classId":"r_3","type":"linked","directed":false,"entities":["s1v1|e_2|3424,3466","s1v1|e_1|3025,3068"],"confidence":{"state":"pre-added","who":["user:FabianBrese"],"prob":1}},{"classId":"r_3","type":"linked","directed":false,"entities":["s1v1|e_2|3976,4033","s1v1|e_1|3490,3540"],"confidence":{"state":"pre-added","who":["user:FabianBrese"],"prob":1}},{"classId":"r_3","type":"linked","directed":false,"entities":["s1v1|e_2|4057,4150","s1v1|e_1|1199,1239"],"confidence":{"state":"pre-added","who":["user:FabianBrese"],"prob":1}},{"classId":"r_3","type":"linked","directed":false,"entities":["s1v1|e_2|4174,4252","s1v1|e_1|167,224"],"confidence":{"state":"pre-added","who":["user:FabianBrese"],"prob":1}},{"classId":"r_3","type":"linked","directed":false,"entities":["s1v1|e_2|5224,5276","s1v1|e_1|4270,4380"],"confidence":{"state":"pre-added","who":["user:FabianBrese"],"prob":1}},{"classId":"r_3","type":"linked","directed":false,"entities":["s1v1|e_2|5292,5403","s1v1|e_1|14,148"],"confidence":{"state":"pre-added","who":["user:FabianBrese"],"prob":1}},{"classId":"r_8","type":"linked","directed":false,"entities":["s1v1|e_7|567,759","s1v1|e_6|762,847"],"confidence":{"state":"pre-added","who":["user:FabianBrese"],"prob":1}},{"classId":"r_8","type":"linked","directed":false,"entities":["s1v1|e_7|1408,1461","s1v1|e_6|1464,1532"],"confidence":{"state":"pre-added","who":["user:FabianBrese"],"prob":1}},{"classId":"r_8","type":"linked","directed":false,"entities":["s1v1|e_7|3322,3375","s1v1|e_6|3378,3421"],"confidence":{"state":"pre-added","who":["user:FabianBrese"],"prob":1}},{"classId":"r_8","type":"linked","directed":false,"entities":["s1v1|e_7|3819,3908","s1v1|e_6|3911,3973"],"confidence":{"state":"pre-added","who":["user:FabianBrese"],"prob":1}}]}