{"annotatable":{"parts":["s1v1"]},"anncomplete":true,"sources":[],"metas":{},"entities":[{"classId":"e_1","part":"s1v1","offsets":[{"start":58,"text":"Zunächst ist zu prüfen, ob es einen rechtswirksamen Kaufvertrag (KV) Zwischen R und H gibt"}],"coordinates":[],"confidence":{"state":"pre-added","who":["user:Frederike"],"prob":1},"fields":{},"normalizations":{}},{"classId":"e_4","part":"s1v1","offsets":[{"start":150,"text":"Damit ein Vertrag kaufwirksam ist, muss es ein Angebot und eine Annahme des Angebotes vorliegen"}],"coordinates":[],"confidence":{"state":"pre-added","who":["user:Frederike"],"prob":1},"fields":{},"normalizations":{}},{"classId":"e_5","part":"s1v1","offsets":[{"start":247,"text":"Laut 145 BGB liegt erstmal ein gültiges Angebot von R für einen Leitz Z-1000 vor. H darf diese Angebot als Luftfilter wahrnehmen, da maßgeblich nur objektive Empfängerhorizont ist und „zu den üblichen Konditionen“ wie „zum normalen Preis“ verstanden werden kann."}],"coordinates":[],"confidence":{"state":"pre-added","who":["user:Frederike"],"prob":1},"fields":{},"normalizations":{}},{"classId":"e_7","part":"s1v1","offsets":[{"start":247,"text":"Laut 145 BGB liegt erstmal ein gültiges Angebot von R für einen Leitz Z-1000 vor"}],"coordinates":[],"confidence":{"state":"pre-added","who":["user:Frederike"],"prob":1},"fields":{},"normalizations":{}},{"classId":"e_7","part":"s1v1","offsets":[{"start":329,"text":"H darf diese Angebot als Luftfilter wahrnehmen, da maßgeblich nur objektive Empfängerhorizont ist und „zu den üblichen Konditionen“ wie „zum normalen Preis“ verstanden werden kann"}],"coordinates":[],"confidence":{"state":"pre-added","who":["user:Frederike"],"prob":1},"fields":{},"normalizations":{}},{"classId":"e_5","part":"s1v1","offsets":[{"start":655,"text":"147 I BGB ist hier nicht erfüllt und 147 II BGB tritt in Kraft, da der Antrag in Abwesenheit von H (E-Mail) gestellt wurde. 147 II BGB besagt, das eine Annahme nur so lange möglich ist, wie es unter regelmäßigen Umständen zu erwarten sei. Nun gibt es zwei Varianten: Variante 1: Wenn H die Annahme, durch das sofortigeVorbeibringen des Luftfilters innerhalb der Frist von 147 II BGB, tätigt besteht grundsätzlich ein wirksamer KV mit Zahlungsanspruch. R kann nun laut 119 I BGB ihre Willenserklärung anfechten, da offensichtlich ein Irrtum über den Geschäftspartner vorliegt. Damit diese Anfechtung wirksam ist, muss sie innerhalb der in 121 I (1) BGB innerhalb der Anfechtunsfrist getätigt werden. Dies ist hier der Fall, da sie sobald H mit dem Luftfilter bei ihr ist deutlich macht, dass sie etwas anderes bestellen wollte. Dadurch entfällt. Die Willenserklärung von R und der Kaufvertrag ist unwirksam."}],"coordinates":[],"confidence":{"state":"pre-added","who":["user:Frederike"],"prob":1},"fields":{},"normalizations":{}},{"classId":"e_6","part":"s1v1","offsets":[{"start":655,"text":"147 I BGB ist hier nicht erfüllt und 147 II BGB tritt in Kraft"}],"coordinates":[],"confidence":{"state":"pre-added","who":["user:Frederike"],"prob":1},"fields":{},"normalizations":{}},{"classId":"e_7","part":"s1v1","offsets":[{"start":719,"text":"da der Antrag in Abwesenheit von H (E-Mail) gestellt wurde"}],"coordinates":[],"confidence":{"state":"pre-added","who":["user:Frederike"],"prob":1},"fields":{},"normalizations":{}},{"classId":"e_7","part":"s1v1","offsets":[{"start":934,"text":"Wenn H die Annahme, durch das sofortigeVorbeibringen des Luftfilters innerhalb der Frist von 147 II BGB, tätigt besteht grundsätzlich ein wirksamer KV mit Zahlungsanspruch"}],"coordinates":[],"confidence":{"state":"pre-added","who":["user:Frederike"],"prob":1},"fields":{},"normalizations":{}},{"classId":"e_6","part":"s1v1","offsets":[{"start":1107,"text":"R kann nun laut 119 I BGB ihre Willenserklärung anfechten"}],"coordinates":[],"confidence":{"state":"pre-added","who":["user:Frederike"],"prob":1},"fields":{},"normalizations":{}},{"classId":"e_7","part":"s1v1","offsets":[{"start":1166,"text":"da offensichtlich ein Irrtum über den Geschäftspartner vorliegt"}],"coordinates":[],"confidence":{"state":"pre-added","who":["user:Frederike"],"prob":1},"fields":{},"normalizations":{}},{"classId":"e_7","part":"s1v1","offsets":[{"start":1354,"text":"Dies ist hier der Fall, da sie sobald H mit dem Luftfilter bei ihr ist deutlich macht, dass sie etwas anderes bestellen wollte"}],"coordinates":[],"confidence":{"state":"pre-added","who":["user:Frederike"],"prob":1},"fields":{},"normalizations":{}},{"classId":"e_6","part":"s1v1","offsets":[{"start":1482,"text":"Dadurch entfällt. Die Willenserklärung von R und der Kaufvertrag ist unwirksam"}],"coordinates":[],"confidence":{"state":"pre-added","who":["user:Frederike"],"prob":1},"fields":{},"normalizations":{}},{"classId":"e_2","part":"s1v1","offsets":[{"start":1562,"text":"Deshalb hat H keinen Anspruch auf eine Zahlung des Kaufpreises"}],"coordinates":[],"confidence":{"state":"pre-added","who":["user:Frederike"],"prob":1},"fields":{},"normalizations":{}},{"classId":"e_5","part":"s1v1","offsets":[{"start":1751,"text":"H hätte den Auftrag gegenüber R annehmen müssen, bei der Bestellung beim Großhändler. Da Sies jedoch nicht geschehen ist, handelt es sich um eine verspätete Annahme des Angebotes. Daraus Folgt gemäß 150 I BGB eine neuer Antrag von H an R wegen dem Luftfilter. R lehnt diesen Auftrag ab und laut 146 BGB entsteht so kein Kaufvertrag und R ist somit nicht Zahlungspflichtig"}],"coordinates":[],"confidence":{"state":"pre-added","who":["user:Frederike"],"prob":1},"fields":{},"normalizations":{}},{"classId":"e_7","part":"s1v1","offsets":[{"start":1751,"text":"H hätte den Auftrag gegenüber R annehmen müssen, bei der Bestellung beim Großhändler"}],"coordinates":[],"confidence":{"state":"pre-added","who":["user:Frederike"],"prob":1},"fields":{},"normalizations":{}},{"classId":"e_7","part":"s1v1","offsets":[{"start":1837,"text":"Da Sies jedoch nicht geschehen ist"}],"coordinates":[],"confidence":{"state":"pre-added","who":["user:Frederike"],"prob":1},"fields":{},"normalizations":{}},{"classId":"e_6","part":"s1v1","offsets":[{"start":1873,"text":"handelt es sich um eine verspätete Annahme des Angebotes"}],"coordinates":[],"confidence":{"state":"pre-added","who":["user:Frederike"],"prob":1},"fields":{},"normalizations":{}},{"classId":"e_6","part":"s1v1","offsets":[{"start":1931,"text":"Daraus Folgt gemäß 150 I BGB eine neuer Antrag von H an R wegen dem Luftfilter"}],"coordinates":[],"confidence":{"state":"pre-added","who":["user:Frederike"],"prob":1},"fields":{},"normalizations":{}},{"classId":"e_7","part":"s1v1","offsets":[{"start":2011,"text":"R lehnt diesen Auftrag ab und laut 146 BGB entsteht so kein Kaufvertrag"}],"coordinates":[],"confidence":{"state":"pre-added","who":["user:Frederike"],"prob":1},"fields":{},"normalizations":{}},{"classId":"e_6","part":"s1v1","offsets":[{"start":2083,"text":"und R ist somit nicht Zahlungspflichtig"}],"coordinates":[],"confidence":{"state":"pre-added","who":["user:Frederike"],"prob":1},"fields":{},"normalizations":{}},{"classId":"e_2","part":"s1v1","offsets":[{"start":2133,"text":"H hat in beiden Varianten keinen Anspruch auf eine Zahlung des Kaufpreises gegenüber R"}],"coordinates":[],"confidence":{"state":"pre-added","who":["user:Frederike"],"prob":1},"fields":{},"normalizations":{}}],"relations":[{"classId":"r_8","type":"linked","directed":false,"entities":["s1v1|e_6|655,716","s1v1|e_7|719,776"],"confidence":{"state":"pre-added","who":["user:Frederike"],"prob":1}},{"classId":"r_8","type":"linked","directed":false,"entities":["s1v1|e_6|1107,1163","s1v1|e_7|1166,1228"],"confidence":{"state":"pre-added","who":["user:Frederike"],"prob":1}},{"classId":"r_8","type":"linked","directed":false,"entities":["s1v1|e_7|1354,1479","s1v1|e_6|1482,1559"],"confidence":{"state":"pre-added","who":["user:Frederike"],"prob":1}},{"classId":"r_8","type":"linked","directed":false,"entities":["s1v1|e_7|1837,1870","s1v1|e_6|1873,1928"],"confidence":{"state":"pre-added","who":["user:Frederike"],"prob":1}},{"classId":"r_8","type":"linked","directed":false,"entities":["s1v1|e_7|2011,2081","s1v1|e_6|2083,2121"],"confidence":{"state":"pre-added","who":["user:Frederike"],"prob":1}}]}