{"annotatable":{"parts":["s1v1"]},"anncomplete":false,"sources":[],"metas":{},"entities":[{"classId":"e_1","part":"s1v1","offsets":[{"start":14,"text":"H könnte einen Anspruch auf Zahlung des Kaupreises für den Luftreiniger gegen R aus§433II BGB haben"}],"coordinates":[],"confidence":{"state":"pre-added","who":["user:FabianBrese"],"prob":1},"fields":{},"normalizations":{}},{"classId":"e_4","part":"s1v1","offsets":[{"start":117,"text":"Ein Kaufvertrag gem. § 433BGB ist ein Vertrag über den Erwerb einer Sache gegen Zahlung eines Kaufpreises"}],"coordinates":[],"confidence":{"state":"pre-added","who":["user:FabianBrese"],"prob":1},"fields":{},"normalizations":{}},{"classId":"e_5","part":"s1v1","offsets":[{"start":602,"text":"R muss eindeutig erklären, dass er widerrufen will. Es reicht nicht aus, die Ware kommentarlos innerhalb von 14 Tagen zurückzuschicken. Einen Grund für die Retoure muss er aber nicht angeben. Wurde bei der Bestellung nicht oder nicht richtig über das Recht zum Widerruf informiert, hat man zwölf Monate und 14 Tage nach Erhalt der Ware Zeit, um den Kauf rückgängig zu machen (§ 356 Abs. 3 BGB). Die Waren müssen innerhalb von zwei Wochen nach Erklärung des Widerrufs zurücksenden werden. Als nächster muss Käufer die Rücksendekosten übernehmen. Der Unternehmer muss auch etwaige Zahlungen des Verbrauchers für die Lieferung zurückgewähren. Dies gilt nicht, soweit dem Verbraucher zusätzliche Kosten entstanden sind, weil er sich für eine andere Art der Lieferung als die vom Unternehmer angebotene günstigste Standardlieferung entschieden hat. (§357 Abs. 2 BGB) Der Verbraucher trägt die unmittelbaren Kosten der Rücksendung der Waren, wenn der Unternehmer den Verbraucher nach Artikel 246a § 1 Absatz 2 Satz 1 Nummer 2 des Einführungsgesetzes zum Bürgerlichen Gesetzbuche von dieser Pflicht unterrichtet hat. 2Satz 1 gilt nicht, wenn der Unternehmer sich bereit erklärt hat, diese Kosten zu tragen. Bei außerhalb von Geschäftsräumen geschlossenen Verträgen, bei denen die Waren zum Zeitpunkt des Vertragsschlusses zur Wohnung des Verbrauchers geliefert worden sind, ist der Unternehmer verpflichtet, die Waren auf eigene Kosten abzuholen, wenn die Waren so beschaffen sind, dass sie nicht per Post zurückgesandt werden können."}],"coordinates":[],"confidence":{"state":"pre-added","who":["user:FabianBrese"],"prob":1},"fields":{},"normalizations":{}},{"classId":"e_2","part":"s1v1","offsets":[{"start":2143,"text":"H kann keinen Anspruch auf Zahlung des Kaupreises für den Luftreiniger gegen R"}],"coordinates":[],"confidence":{"state":"pre-added","who":["user:FabianBrese"],"prob":1},"fields":{},"normalizations":{}}],"relations":[{"classId":"r_3","type":"linked","directed":false,"entities":["s1v1|e_2|2143,2220","s1v1|e_1|14,112"],"confidence":{"state":"pre-added","who":["user:FabianBrese"],"prob":1}}]}