{"annotatable":{"parts":["s1v1"]},"anncomplete":true,"sources":[],"metas":{},"entities":[{"classId":"e_1","part":"s1v1","offsets":[{"start":24,"text":"H k.nnte einen Anspruch gegenüber R auf Zahlung des Kaufpreises, für den Luftreiniger I.H.v 125 Euro gem. Åò 433 Abs. 2 BGB haben"}],"coordinates":[],"confidence":{"state":"pre-added","who":["user:Frederike"],"prob":1},"fields":{},"normalizations":{}},{"classId":"e_1","part":"s1v1","offsets":[{"start":176,"text":"Hierfür müsste zwischen den Vertragsparteien H und R ein Kaufvertrag zustande gekommen sein"}],"coordinates":[],"confidence":{"state":"pre-added","who":["user:Frederike"],"prob":1},"fields":{},"normalizations":{}},{"classId":"e_4","part":"s1v1","offsets":[{"start":283,"text":"Ein Kaufvertrag kommt durch zwei übereinstimmenden Willenserkl.rungen (Angebot und Annahme"}],"coordinates":[],"confidence":{"state":"pre-added","who":["user:Frederike"],"prob":1},"fields":{},"normalizations":{}},{"classId":"e_5","part":"s1v1","offsets":[{"start":413,"text":"R hat an H ein Angebot für das Produkt Z 1000 unter den üblichen Konditionen abgegeben. H best.tigt das Angebot, indem er beim Gro.h.ndler das Produkt Luftreiniger Z 1000 besorgt."}],"coordinates":[],"confidence":{"state":"pre-added","who":["user:Frederike"],"prob":1},"fields":{},"normalizations":{}},{"classId":"e_7","part":"s1v1","offsets":[{"start":413,"text":"R hat an H ein Angebot für das Produkt Z 1000 unter den üblichen Konditionen abgegeben"}],"coordinates":[],"confidence":{"state":"pre-added","who":["user:Frederike"],"prob":1},"fields":{},"normalizations":{}},{"classId":"e_6","part":"s1v1","offsets":[{"start":501,"text":"H best.tigt das Angebot"}],"coordinates":[],"confidence":{"state":"pre-added","who":["user:Frederike"],"prob":1},"fields":{},"normalizations":{}},{"classId":"e_7","part":"s1v1","offsets":[{"start":526,"text":"indem er beim Gro.h.ndler das Produkt Luftreiniger Z 1000 besorgt"}],"coordinates":[],"confidence":{"state":"pre-added","who":["user:Frederike"],"prob":1},"fields":{},"normalizations":{}},{"classId":"e_2","part":"s1v1","offsets":[{"start":593,"text":"Angebot und Annahme liegen mithin vor"}],"coordinates":[],"confidence":{"state":"pre-added","who":["user:Frederike"],"prob":1},"fields":{},"normalizations":{}},{"classId":"e_2","part":"s1v1","offsets":[{"start":642,"text":"Zwischen R und H kam ein Kaufvertrag zustande"}],"coordinates":[],"confidence":{"state":"pre-added","who":["user:Frederike"],"prob":1},"fields":{},"normalizations":{}},{"classId":"e_2","part":"s1v1","offsets":[{"start":689,"text":"H hat so mit gegen R einen Anspruch auf Kaufpreiszahlung gem. Åò433 Abs.2 BGB"}],"coordinates":[],"confidence":{"state":"pre-added","who":["user:Frederike"],"prob":1},"fields":{},"normalizations":{}},{"classId":"e_1","part":"s1v1","offsets":[{"start":796,"text":"Voraussetzung für einen bindenden Kaufvertrag gem. Åò 145 ff. BGB ist eine wirkliche Willenserkl.rung gem. Åò 133 BGB"}],"coordinates":[],"confidence":{"state":"pre-added","who":["user:Frederike"],"prob":1},"fields":{},"normalizations":{}},{"classId":"e_4","part":"s1v1","offsets":[{"start":927,"text":"Unter einer wirklichen Willenserkl.rung ist der wirkliche Wille zu erforschen"}],"coordinates":[],"confidence":{"state":"pre-added","who":["user:Frederike"],"prob":1},"fields":{},"normalizations":{}},{"classId":"e_5","part":"s1v1","offsets":[{"start":1018,"text":"R hat unwissend ein falsches Angebot an einen anderen Anbieter abgegeben . Somit liegt keine wirkliche Willenserkl.rung vor."}],"coordinates":[],"confidence":{"state":"pre-added","who":["user:Frederike"],"prob":1},"fields":{},"normalizations":{}},{"classId":"e_7","part":"s1v1","offsets":[{"start":1018,"text":"R hat unwissend ein falsches Angebot an einen anderen Anbieter abgegeben"}],"coordinates":[],"confidence":{"state":"pre-added","who":["user:Frederike"],"prob":1},"fields":{},"normalizations":{}},{"classId":"e_6","part":"s1v1","offsets":[{"start":1093,"text":"Somit liegt keine wirkliche Willenserkl.rung vor"}],"coordinates":[],"confidence":{"state":"pre-added","who":["user:Frederike"],"prob":1},"fields":{},"normalizations":{}},{"classId":"e_2","part":"s1v1","offsets":[{"start":1153,"text":"Folglich handelt es sich nicht um eine wirkliche Willenserkl.rung gem.Åò 133 BGB auf Seiten von R"}],"coordinates":[],"confidence":{"state":"pre-added","who":["user:Frederike"],"prob":1},"fields":{},"normalizations":{}},{"classId":"e_1","part":"s1v1","offsets":[{"start":1280,"text":"Somit müsste R den Kaufvertrag anfechten k.nnen"}],"coordinates":[],"confidence":{"state":"pre-added","who":["user:Frederike"],"prob":1},"fields":{},"normalizations":{}},{"classId":"e_4","part":"s1v1","offsets":[{"start":1341,"text":"„Anfechtung“ gem. Åò 119 Abs. 1 BGB ist ein Gestaltungsrecht, durch dessen Ausübung (Erkl.rung) die Nichtigkeit eines mit gewissen M.ngeln behafteten Gesch.fts herbeigeführt werden kann"}],"coordinates":[],"confidence":{"state":"pre-added","who":["user:Frederike"],"prob":1},"fields":{},"normalizations":{}},{"classId":"e_5","part":"s1v1","offsets":[{"start":1540,"text":"Wie dem Sachverhalt zu entnehmen ist, handelt es sich hierbei um einen ungewollte Angebotsabgabe auf Seiten von R. Diesbezüglich handelt es sich um einen Irrtum."}],"coordinates":[],"confidence":{"state":"pre-added","who":["user:Frederike"],"prob":1},"fields":{},"normalizations":{}},{"classId":"e_7","part":"s1v1","offsets":[{"start":1540,"text":"Wie dem Sachverhalt zu entnehmen ist, handelt es sich hierbei um einen ungewollte Angebotsabgabe auf Seiten von R"}],"coordinates":[],"confidence":{"state":"pre-added","who":["user:Frederike"],"prob":1},"fields":{},"normalizations":{}},{"classId":"e_6","part":"s1v1","offsets":[{"start":1655,"text":"Diesbezüglich handelt es sich um einen Irrtum"}],"coordinates":[],"confidence":{"state":"pre-added","who":["user:Frederike"],"prob":1},"fields":{},"normalizations":{}},{"classId":"e_2","part":"s1v1","offsets":[{"start":1712,"text":"Aufgrund eines Irrtums kann der Kaufvertrag zwischen R und H gem. Åò 119 Abs. 1 angefochten werden"}],"coordinates":[],"confidence":{"state":"pre-added","who":["user:Frederike"],"prob":1},"fields":{},"normalizations":{}},{"classId":"e_2","part":"s1v1","offsets":[{"start":1825,"text":"H hat gegen R einen Anspruch auf Kaufpreiszahlung gem. Åò 433 Abs. 2 BGB"}],"coordinates":[],"confidence":{"state":"pre-added","who":["user:Frederike"],"prob":1},"fields":{},"normalizations":{}},{"classId":"e_2","part":"s1v1","offsets":[{"start":1899,"text":"Jedoch kann R den Kaufvertrag durch eine fehlende „wirkliche Willenserkl.rung“ gem. Åò 133 BGB anfechten gem. Åò 119 Abs. 1"}],"coordinates":[],"confidence":{"state":"pre-added","who":["user:Frederike"],"prob":1},"fields":{},"normalizations":{}}],"relations":[{"classId":"r_3","type":"linked","directed":false,"entities":["s1v1|e_2|642,686","s1v1|e_1|176,266"],"confidence":{"state":"pre-added","who":["user:Frederike"],"prob":1}},{"classId":"r_3","type":"linked","directed":false,"entities":["s1v1|e_1|796,912","s1v1|e_2|1153,1249"],"confidence":{"state":"pre-added","who":["user:Frederike"],"prob":1}},{"classId":"r_3","type":"linked","directed":false,"entities":["s1v1|e_2|1712,1809","s1v1|e_1|1280,1326"],"confidence":{"state":"pre-added","who":["user:Frederike"],"prob":1}},{"classId":"r_3","type":"linked","directed":false,"entities":["s1v1|e_2|1825,1896","s1v1|e_1|24,152"],"confidence":{"state":"pre-added","who":["user:Frederike"],"prob":1}},{"classId":"r_8","type":"linked","directed":false,"entities":["s1v1|e_6|501,523","s1v1|e_7|526,590"],"confidence":{"state":"pre-added","who":["user:Frederike"],"prob":1}},{"classId":"r_8","type":"linked","directed":false,"entities":["s1v1|e_7|1018,1089","s1v1|e_6|1093,1140"],"confidence":{"state":"pre-added","who":["user:Frederike"],"prob":1}},{"classId":"r_8","type":"linked","directed":false,"entities":["s1v1|e_7|1540,1652","s1v1|e_6|1655,1699"],"confidence":{"state":"pre-added","who":["user:Frederike"],"prob":1}}]}