{"annotatable":{"parts":["s1v1"]},"anncomplete":true,"sources":[],"metas":{},"entities":[{"classId":"e_1","part":"s1v1","offsets":[{"start":38,"text":"K könnte gemäß § 433 Abs. 2 BGB gegen V einen Anspruch auf Zahlung des Kaufpreises in Höhe von 27.000 € haben"}],"coordinates":[],"confidence":{"state":"pre-added","who":["user:Frederike"],"prob":1},"fields":{},"normalizations":{}},{"classId":"e_1","part":"s1v1","offsets":[{"start":172,"text":"Es müsste zwischen V und K ein wirksamer Kaufvertrag gemäß § 433 BGB zustande gekommen sein"}],"coordinates":[],"confidence":{"state":"pre-added","who":["user:Frederike"],"prob":1},"fields":{},"normalizations":{}},{"classId":"e_4","part":"s1v1","offsets":[{"start":265,"text":"Ein Kaufvertrag kommt gemäß § 145 ff. BGB durch zwei inhaltlich übereinstimmende, mit Bezug aufeinander abgegebene Willenserklärungen – Angebot und Annahme, vgl. §§ 145 ff. BGB – zustande"}],"coordinates":[],"confidence":{"state":"pre-added","who":["user:Frederike"],"prob":1},"fields":{},"normalizations":{}},{"classId":"e_1","part":"s1v1","offsets":[{"start":472,"text":"V müsste ein Angebot gemacht haben"}],"coordinates":[],"confidence":{"state":"pre-added","who":["user:Frederike"],"prob":1},"fields":{},"normalizations":{}},{"classId":"e_4","part":"s1v1","offsets":[{"start":508,"text":"Ein Angebot ist jede empfangsbedürftige Willenserklärung, die auf den Abschluss eines Vertrags gerichtet und inhaltlich so bestimmt ist, dass der Erklärungsempfänger nur noch vorbehaltlos zustimmen muss"}],"coordinates":[],"confidence":{"state":"pre-added","who":["user:Frederike"],"prob":1},"fields":{},"normalizations":{}},{"classId":"e_5","part":"s1v1","offsets":[{"start":712,"text":"A hat K das Fahrzeug für 27.000 € per Telefon angeboten. V war hingegen gar nicht vor Ort."}],"coordinates":[],"confidence":{"state":"pre-added","who":["user:Frederike"],"prob":1},"fields":{},"normalizations":{}},{"classId":"e_7","part":"s1v1","offsets":[{"start":712,"text":"A hat K das Fahrzeug für 27.000 € per Telefon angeboten"}],"coordinates":[],"confidence":{"state":"pre-added","who":["user:Frederike"],"prob":1},"fields":{},"normalizations":{}},{"classId":"e_7","part":"s1v1","offsets":[{"start":769,"text":"V war hingegen gar nicht vor Ort"}],"coordinates":[],"confidence":{"state":"pre-added","who":["user:Frederike"],"prob":1},"fields":{},"normalizations":{}},{"classId":"e_1","part":"s1v1","offsets":[{"start":803,"text":"Fraglich ist daher, ob die Erklärung des A der V nach § 164 Abs. 1 BGB zugerechnet werden kann"}],"coordinates":[],"confidence":{"state":"pre-added","who":["user:Frederike"],"prob":1},"fields":{},"normalizations":{}},{"classId":"e_1","part":"s1v1","offsets":[{"start":899,"text":"Dafür müssten die Voraussetzungen einer wirksamen Stellvertretung erfüllt sein"}],"coordinates":[],"confidence":{"state":"pre-added","who":["user:Frederike"],"prob":1},"fields":{},"normalizations":{}},{"classId":"e_5","part":"s1v1","offsets":[{"start":1015,"text":"Bei dem Abschluss eines Kaufvertrages handelt es sich um kein höchstpersönliches Geschäft, das V nur selbst vornehmen dürfte."}],"coordinates":[],"confidence":{"state":"pre-added","who":["user:Frederike"],"prob":1},"fields":{},"normalizations":{}},{"classId":"e_7","part":"s1v1","offsets":[{"start":1015,"text":"Bei dem Abschluss eines Kaufvertrages handelt es sich um kein höchstpersönliches Geschäft, das V nur selbst vornehmen dürfte"}],"coordinates":[],"confidence":{"state":"pre-added","who":["user:Frederike"],"prob":1},"fields":{},"normalizations":{}},{"classId":"e_2","part":"s1v1","offsets":[{"start":1141,"text":"Die Stellvertretung ist daher zulässig"}],"coordinates":[],"confidence":{"state":"pre-added","who":["user:Frederike"],"prob":1},"fields":{},"normalizations":{}},{"classId":"e_1","part":"s1v1","offsets":[{"start":1209,"text":"A müsste eine eigene Willenserklärung abgegeben haben"}],"coordinates":[],"confidence":{"state":"pre-added","who":["user:Frederike"],"prob":1},"fields":{},"normalizations":{}},{"classId":"e_5","part":"s1v1","offsets":[{"start":1344,"text":"Vorliegend wurde A beauftragt, das Auto für einen Preis von mindestens 25.000 € anzubieten."}],"coordinates":[],"confidence":{"state":"pre-added","who":["user:Frederike"],"prob":1},"fields":{},"normalizations":{}},{"classId":"e_7","part":"s1v1","offsets":[{"start":1344,"text":"Vorliegend wurde A beauftragt, das Auto für einen Preis von mindestens 25.000 € anzubieten"}],"coordinates":[],"confidence":{"state":"pre-added","who":["user:Frederike"],"prob":1},"fields":{},"normalizations":{}},{"classId":"e_2","part":"s1v1","offsets":[{"start":1437,"text":"AL hatte also freie Hand und hat daher eine eigene Willenserklärung abgegeben"}],"coordinates":[],"confidence":{"state":"pre-added","who":["user:Frederike"],"prob":1},"fields":{},"normalizations":{}},{"classId":"e_1","part":"s1v1","offsets":[{"start":1516,"text":"Möglicherweise ist es problematisch, dass A minderjährig ist"}],"coordinates":[],"confidence":{"state":"pre-added","who":["user:Frederike"],"prob":1},"fields":{},"normalizations":{}},{"classId":"e_5","part":"s1v1","offsets":[{"start":1578,"text":"L ist 16 Jahre alt und daher gem. §§ 2, 106 BGB beschränkt geschäftsfähig. Beschränkt Geschäftsfähige können i.d.R. nur unter bestimmten Bedingungen wirksam eigene Willenserklärungen abgeben. Gem. § 165 BGB ist die beschränkte Geschäftsfähigkeit im Rahmen einer Stellvertretung aber unbeachtlich, solange der beschränkt Geschäftsfähige der Bevollmächtigte ist und als solcher die Willenserklärungen abgibt. A ist hier der Bevollmächtigte."}],"coordinates":[],"confidence":{"state":"pre-added","who":["user:Frederike"],"prob":1},"fields":{},"normalizations":{}},{"classId":"e_7","part":"s1v1","offsets":[{"start":1578,"text":"L ist 16 Jahre alt"}],"coordinates":[],"confidence":{"state":"pre-added","who":["user:Frederike"],"prob":1},"fields":{},"normalizations":{}},{"classId":"e_6","part":"s1v1","offsets":[{"start":1597,"text":"und daher gem. §§ 2, 106 BGB beschränkt geschäftsfähig"}],"coordinates":[],"confidence":{"state":"pre-added","who":["user:Frederike"],"prob":1},"fields":{},"normalizations":{}},{"classId":"e_7","part":"s1v1","offsets":[{"start":1985,"text":"A ist hier der Bevollmächtigte"}],"coordinates":[],"confidence":{"state":"pre-added","who":["user:Frederike"],"prob":1},"fields":{},"normalizations":{}},{"classId":"e_2","part":"s1v1","offsets":[{"start":2017,"text":"Die beschränkte Geschäftsfähigkeit ist daher unproblematisch"}],"coordinates":[],"confidence":{"state":"pre-added","who":["user:Frederike"],"prob":1},"fields":{},"normalizations":{}},{"classId":"e_5","part":"s1v1","offsets":[{"start":2100,"text":"A ruft im Namen von der Gebrauchtwagenhändlerin V bei K an. Somit ist davon auszugehen, dass er sich mit seinem Namen und den Firmeninformationen meldet. Die Mailadresse von A scheint auch schon bekannt zu sein, daher handelt er im fremden Namen."}],"coordinates":[],"confidence":{"state":"pre-added","who":["user:Frederike"],"prob":1},"fields":{},"normalizations":{}},{"classId":"e_7","part":"s1v1","offsets":[{"start":2100,"text":"A ruft im Namen von der Gebrauchtwagenhändlerin V bei K an"}],"coordinates":[],"confidence":{"state":"pre-added","who":["user:Frederike"],"prob":1},"fields":{},"normalizations":{}},{"classId":"e_6","part":"s1v1","offsets":[{"start":2160,"text":"Somit ist davon auszugehen, dass er sich mit seinem Namen und den Firmeninformationen meldet"}],"coordinates":[],"confidence":{"state":"pre-added","who":["user:Frederike"],"prob":1},"fields":{},"normalizations":{}},{"classId":"e_7","part":"s1v1","offsets":[{"start":2254,"text":"Die Mailadresse von A scheint auch schon bekannt zu sein"}],"coordinates":[],"confidence":{"state":"pre-added","who":["user:Frederike"],"prob":1},"fields":{},"normalizations":{}},{"classId":"e_6","part":"s1v1","offsets":[{"start":2312,"text":"daher handelt er im fremden Namen"}],"coordinates":[],"confidence":{"state":"pre-added","who":["user:Frederike"],"prob":1},"fields":{},"normalizations":{}},{"classId":"e_1","part":"s1v1","offsets":[{"start":2368,"text":"A müsste Inhaber einer durch V erteilten Vertretungsmacht sein"}],"coordinates":[],"confidence":{"state":"pre-added","who":["user:Frederike"],"prob":1},"fields":{},"normalizations":{}},{"classId":"e_1","part":"s1v1","offsets":[{"start":2468,"text":"A müsste durch die V wirksam Vertretungsmacht eingeräumt worden sein und im Rahmen dieser gehandelt haben"}],"coordinates":[],"confidence":{"state":"pre-added","who":["user:Frederike"],"prob":1},"fields":{},"normalizations":{}},{"classId":"e_4","part":"s1v1","offsets":[{"start":2840,"text":"Die Vollmachtserteilung ist eine einseitige empfangsbedürftige Willenserklärung, die gem. § 167 Abs. 1 BGB gegenüber dem Bevollmächtigten abgegeben werden muss"}],"coordinates":[],"confidence":{"state":"pre-added","who":["user:Frederike"],"prob":1},"fields":{},"normalizations":{}},{"classId":"e_5","part":"s1v1","offsets":[{"start":3001,"text":"V beschäftigt A als Auszubildende und gibt ihr den Auftrag das Auto für über 25.000 € anzubieten."}],"coordinates":[],"confidence":{"state":"pre-added","who":["user:Frederike"],"prob":1},"fields":{},"normalizations":{}},{"classId":"e_7","part":"s1v1","offsets":[{"start":3001,"text":"V beschäftigt A als Auszubildende und gibt ihr den Auftrag das Auto für über 25.000 € anzubieten"}],"coordinates":[],"confidence":{"state":"pre-added","who":["user:Frederike"],"prob":1},"fields":{},"normalizations":{}},{"classId":"e_1","part":"s1v1","offsets":[{"start":3099,"text":"Da A erst 16 und somit beschränkt geschäftsfähig ist, ist jedoch fraglich, ob diese auch wirksam geworden ist"}],"coordinates":[],"confidence":{"state":"pre-added","who":["user:Frederike"],"prob":1},"fields":{},"normalizations":{}},{"classId":"e_5","part":"s1v1","offsets":[{"start":3210,"text":"Gem. § 165 BGB wird eine gegenüber einem Vertreter abgegebene Willenserklärung nicht dadurch beeinträchtigt, dass der Vertreter in der Geschäftsfähigkeit begrenzt ist."}],"coordinates":[],"confidence":{"state":"pre-added","who":["user:Frederike"],"prob":1},"fields":{},"normalizations":{}},{"classId":"e_2","part":"s1v1","offsets":[{"start":3378,"text":"Die Willenserklärung ist daher wirksam zugegangen"}],"coordinates":[],"confidence":{"state":"pre-added","who":["user:Frederike"],"prob":1},"fields":{},"normalizations":{}},{"classId":"e_2","part":"s1v1","offsets":[{"start":3429,"text":"Damit hat V die Vollmacht gegenüber der zu Bevollmächtigenden A wirksam erklärt"}],"coordinates":[],"confidence":{"state":"pre-added","who":["user:Frederike"],"prob":1},"fields":{},"normalizations":{}},{"classId":"e_2","part":"s1v1","offsets":[{"start":3551,"text":"Es gibt keine Hinweise darauf, dass die Vertretungsmacht erloschen sein könnte"}],"coordinates":[],"confidence":{"state":"pre-added","who":["user:Frederike"],"prob":1},"fields":{},"normalizations":{}},{"classId":"e_1","part":"s1v1","offsets":[{"start":3665,"text":"Fraglich ist, ob der Umfang der Vertretungsmacht eingehalten wurde"}],"coordinates":[],"confidence":{"state":"pre-added","who":["user:Frederike"],"prob":1},"fields":{},"normalizations":{}},{"classId":"e_5","part":"s1v1","offsets":[{"start":3733,"text":"Dadurch, dass V mitgeteilt hatte, dass A das Fahrzeug für mindestens 25.000 € anbieten sollte, galt die Vollmacht auch für das Angebot von 27.000 € bis zu 100 €."}],"coordinates":[],"confidence":{"state":"pre-added","who":["user:Frederike"],"prob":1},"fields":{},"normalizations":{}},{"classId":"e_7","part":"s1v1","offsets":[{"start":3733,"text":"Dadurch, dass V mitgeteilt hatte, dass A das Fahrzeug für mindestens 25.000 € anbieten sollte, galt die Vollmacht auch für das Angebot von 27.000 € bis zu 100 €"}],"coordinates":[],"confidence":{"state":"pre-added","who":["user:Frederike"],"prob":1},"fields":{},"normalizations":{}},{"classId":"e_2","part":"s1v1","offsets":[{"start":3895,"text":"Sie handelte daher ohne Vertretungsmacht"}],"coordinates":[],"confidence":{"state":"pre-added","who":["user:Frederike"],"prob":1},"fields":{},"normalizations":{}},{"classId":"e_2","part":"s1v1","offsets":[{"start":3959,"text":"Eine Vollmacht für das Angebot von 27.000 liegt vor"}],"coordinates":[],"confidence":{"state":"pre-added","who":["user:Frederike"],"prob":1},"fields":{},"normalizations":{}},{"classId":"e_2","part":"s1v1","offsets":[{"start":4012,"text":"A hat daher eine Willenserklärung für V abgegeben, die wirksam ist"}],"coordinates":[],"confidence":{"state":"pre-added","who":["user:Frederike"],"prob":1},"fields":{},"normalizations":{}},{"classId":"e_2","part":"s1v1","offsets":[{"start":4098,"text":"V hat das Angebot für das Fahrzeug i.S.v. § 177 Abs. 1 BGB genehmigt"}],"coordinates":[],"confidence":{"state":"pre-added","who":["user:Frederike"],"prob":1},"fields":{},"normalizations":{}},{"classId":"e_2","part":"s1v1","offsets":[{"start":4186,"text":"Eine Stellvertretung des V durch die A gegenüber der K liegt mithin vor"}],"coordinates":[],"confidence":{"state":"pre-added","who":["user:Frederike"],"prob":1},"fields":{},"normalizations":{}},{"classId":"e_2","part":"s1v1","offsets":[{"start":4272,"text":"Ein Angebot der V vertreten durch A liegt vor"}],"coordinates":[],"confidence":{"state":"pre-added","who":["user:Frederike"],"prob":1},"fields":{},"normalizations":{}},{"classId":"e_1","part":"s1v1","offsets":[{"start":4337,"text":"K müsste das Angebot von A angenommen haben, damit eine Annahme vorliegt"}],"coordinates":[],"confidence":{"state":"pre-added","who":["user:Frederike"],"prob":1},"fields":{},"normalizations":{}},{"classId":"e_5","part":"s1v1","offsets":[{"start":4411,"text":"K hat vorliegend gegenüber A per E-Mail ihr Einverständnis erklärt. Allerdings ging die Mail außerhalb der Geschäftszeiten ein und somit nicht als rechtzeitig zugestellt."}],"coordinates":[],"confidence":{"state":"pre-added","who":["user:Frederike"],"prob":1},"fields":{},"normalizations":{}},{"classId":"e_7","part":"s1v1","offsets":[{"start":4411,"text":"K hat vorliegend gegenüber A per E-Mail ihr Einverständnis erklärt"}],"coordinates":[],"confidence":{"state":"pre-added","who":["user:Frederike"],"prob":1},"fields":{},"normalizations":{}},{"classId":"e_7","part":"s1v1","offsets":[{"start":4479,"text":"Allerdings ging die Mail außerhalb der Geschäftszeiten ein"}],"coordinates":[],"confidence":{"state":"pre-added","who":["user:Frederike"],"prob":1},"fields":{},"normalizations":{}},{"classId":"e_6","part":"s1v1","offsets":[{"start":4538,"text":"und somit nicht als rechtzeitig zugestellt"}],"coordinates":[],"confidence":{"state":"pre-added","who":["user:Frederike"],"prob":1},"fields":{},"normalizations":{}},{"classId":"e_2","part":"s1v1","offsets":[{"start":4583,"text":"Daher liegt keine Annahme vor"}],"coordinates":[],"confidence":{"state":"pre-added","who":["user:Frederike"],"prob":1},"fields":{},"normalizations":{}},{"classId":"e_2","part":"s1v1","offsets":[{"start":4638,"text":"Die verspätete Annahmeerklärung der K gilt gemäß § 150 Abs. 1 BGB als neues Angebot"}],"coordinates":[],"confidence":{"state":"pre-added","who":["user:Frederike"],"prob":1},"fields":{},"normalizations":{}},{"classId":"e_5","part":"s1v1","offsets":[{"start":4741,"text":"Aufgrund der Antwort von A, dass K das Auto am gleichen Tag abholen kann, ist davon auszugehen, dass A das Angebot von K angenommen hat."}],"coordinates":[],"confidence":{"state":"pre-added","who":["user:Frederike"],"prob":1},"fields":{},"normalizations":{}},{"classId":"e_7","part":"s1v1","offsets":[{"start":4741,"text":"Aufgrund der Antwort von A, dass K das Auto am gleichen Tag abholen kann"}],"coordinates":[],"confidence":{"state":"pre-added","who":["user:Frederike"],"prob":1},"fields":{},"normalizations":{}},{"classId":"e_6","part":"s1v1","offsets":[{"start":4815,"text":"ist davon auszugehen, dass A das Angebot von K angenommen hat"}],"coordinates":[],"confidence":{"state":"pre-added","who":["user:Frederike"],"prob":1},"fields":{},"normalizations":{}},{"classId":"e_2","part":"s1v1","offsets":[{"start":4900,"text":"Es besteht ein wirksamer Kaufvertrag zwischen V und K"}],"coordinates":[],"confidence":{"state":"pre-added","who":["user:Frederike"],"prob":1},"fields":{},"normalizations":{}},{"classId":"e_1","part":"s1v1","offsets":[{"start":4986,"text":"Der Kaufvertrag könnte aber gemäß § 142 Abs. 1 BGB ex tunc (= wirkt zurück auf den Zeitpunkt des Vertragsschlusses) nichtig sein, wenn K ihre Willenserklärung wirksam angefochten hat"}],"coordinates":[],"confidence":{"state":"pre-added","who":["user:Frederike"],"prob":1},"fields":{},"normalizations":{}},{"classId":"e_1","part":"s1v1","offsets":[{"start":5362,"text":"Zunächst müsste ein Anfechtungsgrund vorliegen"}],"coordinates":[],"confidence":{"state":"pre-added","who":["user:Frederike"],"prob":1},"fields":{},"normalizations":{}},{"classId":"e_4","part":"s1v1","offsets":[{"start":5510,"text":"Arglistige Täuschung ist bewusstes und gewolltes Erregen oder Aufrechterhalten eines Irrtums durch Vorspiegeln falscher oder Unterdrücken wahrer Tatsachen"}],"coordinates":[],"confidence":{"state":"pre-added","who":["user:Frederike"],"prob":1},"fields":{},"normalizations":{}},{"classId":"e_5","part":"s1v1","offsets":[{"start":5666,"text":"A hat bewusst gegenüber K behauptet, das Auto sei unfallfrei. A war bewusst, dass es von Nachteil für V sei, falls es nicht so wäre. Da es ein Unfallfahrzeug ist, liegt somit eine bewusste Fehlinformation vor und ein bedingter Vorsatz."}],"coordinates":[],"confidence":{"state":"pre-added","who":["user:Frederike"],"prob":1},"fields":{},"normalizations":{}},{"classId":"e_7","part":"s1v1","offsets":[{"start":5666,"text":"A hat bewusst gegenüber K behauptet, das Auto sei unfallfrei"}],"coordinates":[],"confidence":{"state":"pre-added","who":["user:Frederike"],"prob":1},"fields":{},"normalizations":{}},{"classId":"e_7","part":"s1v1","offsets":[{"start":5728,"text":"A war bewusst, dass es von Nachteil für V sei, falls es nicht so wäre"}],"coordinates":[],"confidence":{"state":"pre-added","who":["user:Frederike"],"prob":1},"fields":{},"normalizations":{}},{"classId":"e_7","part":"s1v1","offsets":[{"start":5799,"text":"Da es ein Unfallfahrzeug ist"}],"coordinates":[],"confidence":{"state":"pre-added","who":["user:Frederike"],"prob":1},"fields":{},"normalizations":{}},{"classId":"e_6","part":"s1v1","offsets":[{"start":5829,"text":"liegt somit eine bewusste Fehlinformation vor und ein bedingter Vorsatz"}],"coordinates":[],"confidence":{"state":"pre-added","who":["user:Frederike"],"prob":1},"fields":{},"normalizations":{}},{"classId":"e_2","part":"s1v1","offsets":[{"start":5902,"text":"Es besteht ein Anfechtungsgrund nach § 123 Abs. 1 Alt. 1 BGB"}],"coordinates":[],"confidence":{"state":"pre-added","who":["user:Frederike"],"prob":1},"fields":{},"normalizations":{}},{"classId":"e_1","part":"s1v1","offsets":[{"start":5999,"text":"K müsste gegenüber A die Anfechtung erklärt haben, § 143 Abs. 1 BGB"}],"coordinates":[],"confidence":{"state":"pre-added","who":["user:Frederike"],"prob":1},"fields":{},"normalizations":{}},{"classId":"e_5","part":"s1v1","offsets":[{"start":6068,"text":"K hat nicht das Wort „Anfechtung“ verwandt, sondern lediglich mitgeteilt, dass sie „keinen Unfallwagen wolle“. Es ist unerheblich, ob der konkrete Begriff „Anfechtung“ verwendet wird oder nicht. Es kommt allein darauf an, dass der Anfechtende klar zum Ausdruck bringt, dass er an dem Vertrag aufgrund eines Irrtums nicht mehr festhalten will. K hat deutlich gemacht, dass sie das Fahrzeug nicht mehr wolle und hat der V erklärt, dass sie ein unfallfreies Fahrzeug haben wolle. Dadurch macht K deutlich, dass sie anfechten möchte."}],"coordinates":[],"confidence":{"state":"pre-added","who":["user:Frederike"],"prob":1},"fields":{},"normalizations":{}},{"classId":"e_7","part":"s1v1","offsets":[{"start":6068,"text":"K hat nicht das Wort „Anfechtung“ verwandt, sondern lediglich mitgeteilt, dass sie „keinen Unfallwagen wolle“"}],"coordinates":[],"confidence":{"state":"pre-added","who":["user:Frederike"],"prob":1},"fields":{},"normalizations":{}},{"classId":"e_7","part":"s1v1","offsets":[{"start":6411,"text":"K hat deutlich gemacht, dass sie das Fahrzeug nicht mehr wolle und hat der V erklärt, dass sie ein unfallfreies Fahrzeug haben wolle"}],"coordinates":[],"confidence":{"state":"pre-added","who":["user:Frederike"],"prob":1},"fields":{},"normalizations":{}},{"classId":"e_6","part":"s1v1","offsets":[{"start":6545,"text":"Dadurch macht K deutlich, dass sie anfechten möchte"}],"coordinates":[],"confidence":{"state":"pre-added","who":["user:Frederike"],"prob":1},"fields":{},"normalizations":{}},{"classId":"e_2","part":"s1v1","offsets":[{"start":6598,"text":"Bei der Erklärung der K handelt es sich um eine Anfechtungserklärung"}],"coordinates":[],"confidence":{"state":"pre-added","who":["user:Frederike"],"prob":1},"fields":{},"normalizations":{}},{"classId":"e_1","part":"s1v1","offsets":[{"start":6700,"text":"K müsste die Anfechtung gegenüber dem richtigen Anfechtungsgegner erklärt haben"}],"coordinates":[],"confidence":{"state":"pre-added","who":["user:Frederike"],"prob":1},"fields":{},"normalizations":{}},{"classId":"e_5","part":"s1v1","offsets":[{"start":6781,"text":"Nach § 142 Abs. 1, 2 BGB muss bei einem Vertrag die Erklärung gegenüber dem Vertragspartner erfolgen. Hier war V der Vertragspartner. K hat V getroffen und ihr gegenüber die Anfechtung erklärt."}],"coordinates":[],"confidence":{"state":"pre-added","who":["user:Frederike"],"prob":1},"fields":{},"normalizations":{}},{"classId":"e_7","part":"s1v1","offsets":[{"start":6883,"text":"Hier war V der Vertragspartner"}],"coordinates":[],"confidence":{"state":"pre-added","who":["user:Frederike"],"prob":1},"fields":{},"normalizations":{}},{"classId":"e_7","part":"s1v1","offsets":[{"start":6915,"text":"K hat V getroffen und ihr gegenüber die Anfechtung erklärt"}],"coordinates":[],"confidence":{"state":"pre-added","who":["user:Frederike"],"prob":1},"fields":{},"normalizations":{}},{"classId":"e_2","part":"s1v1","offsets":[{"start":6975,"text":"K hat somit gegenüber dem richtigen Anfechtungsgegner die Anfechtung erklärt"}],"coordinates":[],"confidence":{"state":"pre-added","who":["user:Frederike"],"prob":1},"fields":{},"normalizations":{}},{"classId":"e_1","part":"s1v1","offsets":[{"start":7084,"text":"Die Anfechtung müsste innerhalb der Anfechtungsfrist erfolgt sein"}],"coordinates":[],"confidence":{"state":"pre-added","who":["user:Frederike"],"prob":1},"fields":{},"normalizations":{}},{"classId":"e_5","part":"s1v1","offsets":[{"start":7151,"text":"Die Anfechtung muss bei einer Anfechtung wegen arglistiger Täuschung nach § 123 BGB ein Jahr nach entdecken der Täuschung erfolgen (§ 121 Abs. 1 S. 1 BGB). V hat hier direkt nach der Information über den Unfallwagen\n\nV mitgeteilt den Vertrag anzufechten."}],"coordinates":[],"confidence":{"state":"pre-added","who":["user:Frederike"],"prob":1},"fields":{},"normalizations":{}},{"classId":"e_7","part":"s1v1","offsets":[{"start":7307,"text":"V hat hier direkt nach der Information über den Unfallwagen\n\nV mitgeteilt den Vertrag anzufechten"}],"coordinates":[],"confidence":{"state":"pre-added","who":["user:Frederike"],"prob":1},"fields":{},"normalizations":{}},{"classId":"e_2","part":"s1v1","offsets":[{"start":7406,"text":"Die Anfechtungsfrist wurde eingehalten"}],"coordinates":[],"confidence":{"state":"pre-added","who":["user:Frederike"],"prob":1},"fields":{},"normalizations":{}},{"classId":"e_2","part":"s1v1","offsets":[{"start":7460,"text":"Es liegt eine wirksame Anfechtung und damit eine rechtshindernde Einwendung vor"}],"coordinates":[],"confidence":{"state":"pre-added","who":["user:Frederike"],"prob":1},"fields":{},"normalizations":{}},{"classId":"e_2","part":"s1v1","offsets":[{"start":7541,"text":"Rechtsfolge gem. § 142 Abs. 1 BGB ist ex tunc die Nichtigkeit der Willenserklärung der K"}],"coordinates":[],"confidence":{"state":"pre-added","who":["user:Frederike"],"prob":1},"fields":{},"normalizations":{}},{"classId":"e_2","part":"s1v1","offsets":[{"start":7631,"text":"Damit gilt die Willenserklärung der K als von Anfang an nichtig"}],"coordinates":[],"confidence":{"state":"pre-added","who":["user:Frederike"],"prob":1},"fields":{},"normalizations":{}},{"classId":"e_2","part":"s1v1","offsets":[{"start":7710,"text":"V hat gegen K keinen Anspruch auf Zahlung des Kaufpreises in Höhe von 27.000 € gemäß § 433 Abs. 2 BGB"}],"coordinates":[],"confidence":{"state":"pre-added","who":["user:Frederike"],"prob":1},"fields":{},"normalizations":{}}],"relations":[{"classId":"r_3","type":"linked","directed":false,"entities":["s1v1|e_1|1209,1261","s1v1|e_2|1437,1513"],"confidence":{"state":"pre-added","who":["user:Frederike"],"prob":1}},{"classId":"r_3","type":"linked","directed":false,"entities":["s1v1|e_2|2017,2076","s1v1|e_1|1516,1575"],"confidence":{"state":"pre-added","who":["user:Frederike"],"prob":1}},{"classId":"r_3","type":"linked","directed":false,"entities":["s1v1|e_1|2368,2429","s1v1|e_2|3429,3507"],"confidence":{"state":"pre-added","who":["user:Frederike"],"prob":1}},{"classId":"r_3","type":"linked","directed":false,"entities":["s1v1|e_2|3378,3426","s1v1|e_1|3099,3207"],"confidence":{"state":"pre-added","who":["user:Frederike"],"prob":1}},{"classId":"r_3","type":"linked","directed":false,"entities":["s1v1|e_2|4272,4316","s1v1|e_1|472,505"],"confidence":{"state":"pre-added","who":["user:Frederike"],"prob":1}},{"classId":"r_3","type":"linked","directed":false,"entities":["s1v1|e_1|4337,4408","s1v1|e_2|4583,4611"],"confidence":{"state":"pre-added","who":["user:Frederike"],"prob":1}},{"classId":"r_3","type":"linked","directed":false,"entities":["s1v1|e_2|4900,4952","s1v1|e_1|172,262"],"confidence":{"state":"pre-added","who":["user:Frederike"],"prob":1}},{"classId":"r_3","type":"linked","directed":false,"entities":["s1v1|e_2|5902,5961","s1v1|e_1|5362,5407"],"confidence":{"state":"pre-added","who":["user:Frederike"],"prob":1}},{"classId":"r_3","type":"linked","directed":false,"entities":["s1v1|e_2|6598,6665","s1v1|e_1|5999,6065"],"confidence":{"state":"pre-added","who":["user:Frederike"],"prob":1}},{"classId":"r_3","type":"linked","directed":false,"entities":["s1v1|e_2|6975,7050","s1v1|e_1|6700,6778"],"confidence":{"state":"pre-added","who":["user:Frederike"],"prob":1}},{"classId":"r_3","type":"linked","directed":false,"entities":["s1v1|e_2|7406,7443","s1v1|e_1|7084,7148"],"confidence":{"state":"pre-added","who":["user:Frederike"],"prob":1}},{"classId":"r_3","type":"linked","directed":false,"entities":["s1v1|e_2|7541,7628","s1v1|e_1|4986,5167"],"confidence":{"state":"pre-added","who":["user:Frederike"],"prob":1}},{"classId":"r_3","type":"linked","directed":false,"entities":["s1v1|e_2|7710,7810","s1v1|e_1|38,146"],"confidence":{"state":"pre-added","who":["user:Frederike"],"prob":1}},{"classId":"r_8","type":"linked","directed":false,"entities":["s1v1|e_7|1578,1595","s1v1|e_6|1597,1650"],"confidence":{"state":"pre-added","who":["user:Frederike"],"prob":1}},{"classId":"r_8","type":"linked","directed":false,"entities":["s1v1|e_6|2160,2251","s1v1|e_7|2100,2157"],"confidence":{"state":"pre-added","who":["user:Frederike"],"prob":1}},{"classId":"r_8","type":"linked","directed":false,"entities":["s1v1|e_7|2254,2309","s1v1|e_6|2312,2344"],"confidence":{"state":"pre-added","who":["user:Frederike"],"prob":1}},{"classId":"r_8","type":"linked","directed":false,"entities":["s1v1|e_7|4479,4536","s1v1|e_6|4538,4579"],"confidence":{"state":"pre-added","who":["user:Frederike"],"prob":1}},{"classId":"r_8","type":"linked","directed":false,"entities":["s1v1|e_7|5799,5826","s1v1|e_6|5829,5899"],"confidence":{"state":"pre-added","who":["user:Frederike"],"prob":1}},{"classId":"r_8","type":"linked","directed":false,"entities":["s1v1|e_7|6411,6542","s1v1|e_6|6545,6595"],"confidence":{"state":"pre-added","who":["user:Frederike"],"prob":1}}]}