{"annotatable":{"parts":["s1v1"]},"anncomplete":false,"sources":[],"metas":{},"entities":[{"classId":"e_1","part":"s1v1","offsets":[{"start":26,"text":"K könnte gegenüber V einen Anspruch auf Übergabe und Übereignung der Maschine nach §433 Abs. 1 Satz 1 BGB haben"}],"coordinates":[],"confidence":{"state":"pre-added","who":["user:Frederike"],"prob":1},"fields":{},"normalizations":{}},{"classId":"e_1","part":"s1v1","offsets":[{"start":173,"text":"Es müsste ein wirksamer Kaufvertrag zwischen K und V gemäß §433 zustande gekommen sein"}],"coordinates":[],"confidence":{"state":"pre-added","who":["user:Frederike"],"prob":1},"fields":{},"normalizations":{}},{"classId":"e_4","part":"s1v1","offsets":[{"start":261,"text":"Dieser besteht aus zwei übereinstimmenden Willenserklärungen (WE), Angebot und Annahme, vgl. §§145 ff. BGB"}],"coordinates":[],"confidence":{"state":"pre-added","who":["user:Frederike"],"prob":1},"fields":{},"normalizations":{}},{"classId":"e_4","part":"s1v1","offsets":[{"start":380,"text":"Ein Angebot ist eine empfangsbedürftige WE, die alle essentialia negotii enthält – also Kaufgegenstand, Kaufpreis und Vertragspartner – und mit einem bloßen „Ja“ beantwortet werden kann"}],"coordinates":[],"confidence":{"state":"pre-added","who":["user:Frederike"],"prob":1},"fields":{},"normalizations":{}},{"classId":"e_5","part":"s1v1","offsets":[{"start":569,"text":"V hat gegenüber K selbst kein Angebot abgegeben. Allerdings hat A ein Angebot für den Verkauf der Maschine im Wert von 1.000.000€ gegenüber K per E-Mail geäußert."}],"coordinates":[],"confidence":{"state":"pre-added","who":["user:Frederike"],"prob":1},"fields":{},"normalizations":{}},{"classId":"e_7","part":"s1v1","offsets":[{"start":569,"text":"V hat gegenüber K selbst kein Angebot abgegeben"}],"coordinates":[],"confidence":{"state":"pre-added","who":["user:Frederike"],"prob":1},"fields":{},"normalizations":{}},{"classId":"e_7","part":"s1v1","offsets":[{"start":618,"text":"Allerdings hat A ein Angebot für den Verkauf der Maschine im Wert von 1.000.000€ gegenüber K per E-Mail geäußert"}],"coordinates":[],"confidence":{"state":"pre-added","who":["user:Frederike"],"prob":1},"fields":{},"normalizations":{}},{"classId":"e_1","part":"s1v1","offsets":[{"start":732,"text":"Dieses Angebot könnte gemäß §164 Abs. 1 BGB unmittelbar für und gegen V wirken, wenn diese von A wirksam vertreten wurde"}],"coordinates":[],"confidence":{"state":"pre-added","who":["user:Frederike"],"prob":1},"fields":{},"normalizations":{}},{"classId":"e_1","part":"s1v1","offsets":[{"start":854,"text":"Dafür müsste die Stellvertretung zulässig sein"}],"coordinates":[],"confidence":{"state":"pre-added","who":["user:Frederike"],"prob":1},"fields":{},"normalizations":{}},{"classId":"e_1","part":"s1v1","offsets":[{"start":902,"text":"A müsste hierfür eine eigene WE, allerdings im Namen der V, mit Vertretungsmacht abgegeben haben"}],"coordinates":[],"confidence":{"state":"pre-added","who":["user:Frederike"],"prob":1},"fields":{},"normalizations":{}},{"classId":"e_1","part":"s1v1","offsets":[{"start":1175,"text":"A müsste als Stellvertreterin der V eine eigene WE abgegeben haben"}],"coordinates":[],"confidence":{"state":"pre-added","who":["user:Frederike"],"prob":1},"fields":{},"normalizations":{}},{"classId":"e_5","part":"s1v1","offsets":[{"start":1439,"text":"Es muss für K ersichtlich sein, dass A eine eigene WE abgegeben hat. Da A den Verkauf der Maschine selbstständig verhandelte, gab sie damit aus objektiver Sicht der K ein eigenes Angebot ab."}],"coordinates":[],"confidence":{"state":"pre-added","who":["user:Frederike"],"prob":1},"fields":{},"normalizations":{}},{"classId":"e_7","part":"s1v1","offsets":[{"start":1508,"text":"Da A den Verkauf der Maschine selbstständig verhandelte"}],"coordinates":[],"confidence":{"state":"pre-added","who":["user:Frederike"],"prob":1},"fields":{},"normalizations":{}},{"classId":"e_6","part":"s1v1","offsets":[{"start":1565,"text":"gab sie damit aus objektiver Sicht der K ein eigenes Angebot ab"}],"coordinates":[],"confidence":{"state":"pre-added","who":["user:Frederike"],"prob":1},"fields":{},"normalizations":{}},{"classId":"e_2","part":"s1v1","offsets":[{"start":1630,"text":"A hat somit eine eigene WE abgegeben"}],"coordinates":[],"confidence":{"state":"pre-added","who":["user:Frederike"],"prob":1},"fields":{},"normalizations":{}},{"classId":"e_1","part":"s1v1","offsets":[{"start":1688,"text":"A müsste das Angebot im Namen der V abgegeben haben"}],"coordinates":[],"confidence":{"state":"pre-added","who":["user:Frederike"],"prob":1},"fields":{},"normalizations":{}},{"classId":"e_5","part":"s1v1","offsets":[{"start":1839,"text":"Aus Sicht der K war klar ersichtlich, dass A die Maschine nicht selbst als Vertragspartei verkaufen wollte, sondern für ihre Arbeitgeberin V verhandelte."}],"coordinates":[],"confidence":{"state":"pre-added","who":["user:Frederike"],"prob":1},"fields":{},"normalizations":{}},{"classId":"e_7","part":"s1v1","offsets":[{"start":1839,"text":"Aus Sicht der K war klar ersichtlich, dass A die Maschine nicht selbst als Vertragspartei verkaufen wollte"}],"coordinates":[],"confidence":{"state":"pre-added","who":["user:Frederike"],"prob":1},"fields":{},"normalizations":{}},{"classId":"e_6","part":"s1v1","offsets":[{"start":1947,"text":"sondern für ihre Arbeitgeberin V verhandelte"}],"coordinates":[],"confidence":{"state":"pre-added","who":["user:Frederike"],"prob":1},"fields":{},"normalizations":{}},{"classId":"e_2","part":"s1v1","offsets":[{"start":1994,"text":"A hat das Angebot im Namen der V abgegeben"}],"coordinates":[],"confidence":{"state":"pre-added","who":["user:Frederike"],"prob":1},"fields":{},"normalizations":{}},{"classId":"e_1","part":"s1v1","offsets":[{"start":2060,"text":"A müsste zudem mit Vertretungsmacht gehandelt haben, gemäß §166 Abs. 2 BGB oder gemäß §167 Abs. 1 BGB"}],"coordinates":[],"confidence":{"state":"pre-added","who":["user:Frederike"],"prob":1},"fields":{},"normalizations":{}},{"classId":"e_5","part":"s1v1","offsets":[{"start":2163,"text":"V hatte A gebeten, den Verkauf der Maschine eigenverantwortlich zu verhandeln und abzuwickeln."}],"coordinates":[],"confidence":{"state":"pre-added","who":["user:Frederike"],"prob":1},"fields":{},"normalizations":{}},{"classId":"e_7","part":"s1v1","offsets":[{"start":2163,"text":"V hatte A gebeten, den Verkauf der Maschine eigenverantwortlich zu verhandeln und abzuwickeln"}],"coordinates":[],"confidence":{"state":"pre-added","who":["user:Frederike"],"prob":1},"fields":{},"normalizations":{}},{"classId":"e_2","part":"s1v1","offsets":[{"start":2258,"text":"Somit hatte A die Vertretungsmacht für den Verkauf der Maschine von V"}],"coordinates":[],"confidence":{"state":"pre-added","who":["user:Frederike"],"prob":1},"fields":{},"normalizations":{}},{"classId":"e_2","part":"s1v1","offsets":[{"start":2350,"text":"A hat K per E-Mail ein Angebot über den Verkauf der Maschine zu einem Preis von 1.000.000€ gemacht, welches gemäß §164 Abs. 1 BGB als wirksame Vertretung von V anzusehen ist"}],"coordinates":[],"confidence":{"state":"pre-added","who":["user:Frederike"],"prob":1},"fields":{},"normalizations":{}},{"classId":"e_4","part":"s1v1","offsets":[{"start":2534,"text":"Die Annahme ist eine empfangsbedürftige WE, durch die der Erklärende sein Einverständnis mit dem Angebot ausdrückt"}],"coordinates":[],"confidence":{"state":"pre-added","who":["user:Frederike"],"prob":1},"fields":{},"normalizations":{}},{"classId":"e_1","part":"s1v1","offsets":[{"start":2650,"text":"K müsste das Angebot der A für V durch ihre E-Mail vom 10.03 wirksam angenommen haben"}],"coordinates":[],"confidence":{"state":"pre-added","who":["user:Frederike"],"prob":1},"fields":{},"normalizations":{}},{"classId":"e_4","part":"s1v1","offsets":[{"start":2848,"text":"Die Annahmeerklärung wird nach §130 Abs. 1 S. 1 BGB mit Zugang wirksam"}],"coordinates":[],"confidence":{"state":"pre-added","who":["user:Frederike"],"prob":1},"fields":{},"normalizations":{}},{"classId":"e_4","part":"s1v1","offsets":[{"start":2920,"text":"Ein Zugang liegt vor, sobald die Annahme in verkehrsüblicher Weise in die tatsächliche Verfügungsgewalt des Empfängers gelandet ist"}],"coordinates":[],"confidence":{"state":"pre-added","who":["user:Frederike"],"prob":1},"fields":{},"normalizations":{}},{"classId":"e_4","part":"s1v1","offsets":[{"start":3053,"text":"Es ist außerdem wichtig, dass dem Empfänger unter gewöhnlichen Umständen die Möglichkeit besteht, von der Erklärung Kenntnis zu erlangen"}],"coordinates":[],"confidence":{"state":"pre-added","who":["user:Frederike"],"prob":1},"fields":{},"normalizations":{}},{"classId":"e_5","part":"s1v1","offsets":[{"start":3304,"text":"Die E-Mail der K ist am Morgen des 10.03 in den Bereich der A gelangt. Auch die im Spam-Ordner gelangten E-Mails sind für den Account abrufbar."}],"coordinates":[],"confidence":{"state":"pre-added","who":["user:Frederike"],"prob":1},"fields":{},"normalizations":{}},{"classId":"e_7","part":"s1v1","offsets":[{"start":3304,"text":"Die E-Mail der K ist am Morgen des 10.03 in den Bereich der A gelangt"}],"coordinates":[],"confidence":{"state":"pre-added","who":["user:Frederike"],"prob":1},"fields":{},"normalizations":{}},{"classId":"e_7","part":"s1v1","offsets":[{"start":3375,"text":"Auch die im Spam-Ordner gelangten E-Mails sind für den Account abrufbar"}],"coordinates":[],"confidence":{"state":"pre-added","who":["user:Frederike"],"prob":1},"fields":{},"normalizations":{}},{"classId":"e_1","part":"s1v1","offsets":[{"start":3448,"text":"Fraglich ist, ob unter gewöhnlichen Umständen damit zu rechnen ist, dass A den Spam Ordner an besagten Tag kontrolliert hätte"}],"coordinates":[],"confidence":{"state":"pre-added","who":["user:Frederike"],"prob":1},"fields":{},"normalizations":{}},{"classId":"e_5","part":"s1v1","offsets":[{"start":3576,"text":"Da der E-Mail-Account geschäftlich genutzt wird, ist davon auszugehen, dass A diesen Ordner täglich kontrolliert. Wichtig hier ist auch, dass an dem 10.03 die Annahmefrist von K abgelaufen ist – es ist also davon auszugehen, dass A gerade an einem solchen Tag ihre E-Mails gründlich durchgeht. Die E-Mail der K ist A somit am 10.03 nach §164 Abs. 3 BGB wirksam zugegangen."}],"coordinates":[],"confidence":{"state":"pre-added","who":["user:Frederike"],"prob":1},"fields":{},"normalizations":{}},{"classId":"e_7","part":"s1v1","offsets":[{"start":3576,"text":"Da der E-Mail-Account geschäftlich genutzt wird"}],"coordinates":[],"confidence":{"state":"pre-added","who":["user:Frederike"],"prob":1},"fields":{},"normalizations":{}},{"classId":"e_6","part":"s1v1","offsets":[{"start":3625,"text":"ist davon auszugehen, dass A diesen Ordner täglich kontrolliert"}],"coordinates":[],"confidence":{"state":"pre-added","who":["user:Frederike"],"prob":1},"fields":{},"normalizations":{}},{"classId":"e_7","part":"s1v1","offsets":[{"start":3690,"text":"Wichtig hier ist auch, dass an dem 10.03 die Annahmefrist von K abgelaufen ist"}],"coordinates":[],"confidence":{"state":"pre-added","who":["user:Frederike"],"prob":1},"fields":{},"normalizations":{}},{"classId":"e_6","part":"s1v1","offsets":[{"start":3771,"text":"es ist also davon auszugehen, dass A gerade an einem solchen Tag ihre E-Mails gründlich durchgeht"}],"coordinates":[],"confidence":{"state":"pre-added","who":["user:Frederike"],"prob":1},"fields":{},"normalizations":{}},{"classId":"e_6","part":"s1v1","offsets":[{"start":3870,"text":"Die E-Mail der K ist A somit am 10.03 nach §164 Abs. 3 BGB wirksam zugegangen"}],"coordinates":[],"confidence":{"state":"pre-added","who":["user:Frederike"],"prob":1},"fields":{},"normalizations":{}},{"classId":"e_2","part":"s1v1","offsets":[{"start":3949,"text":"K hat das Angebot damit rechtzeitig angenommen"}],"coordinates":[],"confidence":{"state":"pre-added","who":["user:Frederike"],"prob":1},"fields":{},"normalizations":{}},{"classId":"e_2","part":"s1v1","offsets":[{"start":4019,"text":"Zwischen V und K ist ein wirksamer Kaufvertrag über die Maschine zustande gekommen"}],"coordinates":[],"confidence":{"state":"pre-added","who":["user:Frederike"],"prob":1},"fields":{},"normalizations":{}},{"classId":"e_1","part":"s1v1","offsets":[{"start":4147,"text":"Der Kaufvertrag könnte gemäß §142 Abs. 2 BGB ex tunc nichtig sein, wenn V wirksam angefochten hat"}],"coordinates":[],"confidence":{"state":"pre-added","who":["user:Frederike"],"prob":1},"fields":{},"normalizations":{}},{"classId":"e_4","part":"s1v1","offsets":[{"start":4246,"text":"Eine Anfechtung liegt vor, wenn ein Anfechtungsgrund besteht und die Anfechtung gegenüber dem richtigen Anfechtungsgegner innerhalb der Anfechtungsfrist erklärt wurde"}],"coordinates":[],"confidence":{"state":"pre-added","who":["user:Frederike"],"prob":1},"fields":{},"normalizations":{}},{"classId":"e_1","part":"s1v1","offsets":[{"start":4543,"text":"Vorliegend könnte A ein Irrtum über die verkehrswesentlichen Eigenschaft der Maschine unterlaufen sein, sodass ein Eigenschaftsirrtum gemäß §119 Abs. 2 BGB in Betracht kommt"}],"coordinates":[],"confidence":{"state":"pre-added","who":["user:Frederike"],"prob":1},"fields":{},"normalizations":{}},{"classId":"e_4","part":"s1v1","offsets":[{"start":4718,"text":"Unter verkehrswesentlichen Eigenschaften versteht man die natürliche Beschaffenheit eines Gegenstandes, sowie die rechtlichen und tatsächlichen Verhältnisse, die Einfluss auf die Wertschätzung des Gegenstandes haben"}],"coordinates":[],"confidence":{"state":"pre-added","who":["user:Frederike"],"prob":1},"fields":{},"normalizations":{}},{"classId":"e_4","part":"s1v1","offsets":[{"start":4935,"text":"Der wirtschaftliche Wert selbst ist keine solche Eigenschaft im Sinne von §119 Abs. 2 BGB"}],"coordinates":[],"confidence":{"state":"pre-added","who":["user:Frederike"],"prob":1},"fields":{},"normalizations":{}},{"classId":"e_5","part":"s1v1","offsets":[{"start":5027,"text":"Über die Beschaffenheit der Maschine selbst hat A sich nicht geirrt. Lediglich der Anstieg der Nachfrage an Masken, die durch die Pandemie gestiegen ist, konnte sie nicht mit einfließen lassen, da die Pandemie erst nach Erstellung des Angebots und der Annahme von K ausgerufen wurde. Da der wirtschaftliche Wert aber bei dem Eigenschaftsirrtum keine Rolle spielt, kann V den Kaufvertrag gegenüber K nicht wegen Eigenschaftsirrtums ihrer Stellvertreterin A gemäß §119 Abs. 2 BGB anfechten."}],"coordinates":[],"confidence":{"state":"pre-added","who":["user:Frederike"],"prob":1},"fields":{},"normalizations":{}},{"classId":"e_7","part":"s1v1","offsets":[{"start":5027,"text":"Über die Beschaffenheit der Maschine selbst hat A sich nicht geirrt"}],"coordinates":[],"confidence":{"state":"pre-added","who":["user:Frederike"],"prob":1},"fields":{},"normalizations":{}},{"classId":"e_6","part":"s1v1","offsets":[{"start":5096,"text":"Lediglich der Anstieg der Nachfrage an Masken, die durch die Pandemie gestiegen ist, konnte sie nicht mit einfließen lassen"}],"coordinates":[],"confidence":{"state":"pre-added","who":["user:Frederike"],"prob":1},"fields":{},"normalizations":{}},{"classId":"e_7","part":"s1v1","offsets":[{"start":5221,"text":"da die Pandemie erst nach Erstellung des Angebots und der Annahme von K ausgerufen wurde"}],"coordinates":[],"confidence":{"state":"pre-added","who":["user:Frederike"],"prob":1},"fields":{},"normalizations":{}},{"classId":"e_7","part":"s1v1","offsets":[{"start":5311,"text":"Da der wirtschaftliche Wert aber bei dem Eigenschaftsirrtum keine Rolle spielt"}],"coordinates":[],"confidence":{"state":"pre-added","who":["user:Frederike"],"prob":1},"fields":{},"normalizations":{}},{"classId":"e_6","part":"s1v1","offsets":[{"start":5391,"text":"kann V den Kaufvertrag gegenüber K nicht wegen Eigenschaftsirrtums ihrer Stellvertreterin A gemäß §119 Abs. 2 BGB anfechten"}],"coordinates":[],"confidence":{"state":"pre-added","who":["user:Frederike"],"prob":1},"fields":{},"normalizations":{}},{"classId":"e_2","part":"s1v1","offsets":[{"start":5535,"text":"V hat den Kaufvertrag mit K nicht wirksam angefochten"}],"coordinates":[],"confidence":{"state":"pre-added","who":["user:Frederike"],"prob":1},"fields":{},"normalizations":{}},{"classId":"e_2","part":"s1v1","offsets":[{"start":5604,"text":"K hat einen Anspruch auf Übergabe und Übereignung der Maschine gegenüber V nach §433 Abs. 1 Satz 1 BGB"}],"coordinates":[],"confidence":{"state":"pre-added","who":["user:Frederike"],"prob":1},"fields":{},"normalizations":{}}],"relations":[{"classId":"r_3","type":"linked","directed":false,"entities":["s1v1|e_1|732,851","s1v1|e_2|2350,2522"],"confidence":{"state":"pre-added","who":["user:Frederike"],"prob":1}},{"classId":"r_3","type":"linked","directed":false,"entities":["s1v1|e_2|1630,1665","s1v1|e_1|1175,1240"],"confidence":{"state":"pre-added","who":["user:Frederike"],"prob":1}},{"classId":"r_3","type":"linked","directed":false,"entities":["s1v1|e_1|1688,1738","s1v1|e_2|1994,2035"],"confidence":{"state":"pre-added","who":["user:Frederike"],"prob":1}},{"classId":"r_3","type":"linked","directed":false,"entities":["s1v1|e_1|2060,2160","s1v1|e_2|2258,2326"],"confidence":{"state":"pre-added","who":["user:Frederike"],"prob":1}},{"classId":"r_3","type":"linked","directed":false,"entities":["s1v1|e_1|2650,2734","s1v1|e_2|3949,3994"],"confidence":{"state":"pre-added","who":["user:Frederike"],"prob":1}},{"classId":"r_3","type":"linked","directed":false,"entities":["s1v1|e_2|4019,4100","s1v1|e_1|173,258"],"confidence":{"state":"pre-added","who":["user:Frederike"],"prob":1}},{"classId":"r_3","type":"linked","directed":false,"entities":["s1v1|e_2|5535,5587","s1v1|e_1|4147,4243"],"confidence":{"state":"pre-added","who":["user:Frederike"],"prob":1}},{"classId":"r_3","type":"linked","directed":false,"entities":["s1v1|e_2|5604,5705","s1v1|e_1|26,136"],"confidence":{"state":"pre-added","who":["user:Frederike"],"prob":1}},{"classId":"r_8","type":"linked","directed":false,"entities":["s1v1|e_7|1508,1562","s1v1|e_6|1565,1627"],"confidence":{"state":"pre-added","who":["user:Frederike"],"prob":1}},{"classId":"r_8","type":"linked","directed":false,"entities":["s1v1|e_7|1839,1944","s1v1|e_6|1947,1990"],"confidence":{"state":"pre-added","who":["user:Frederike"],"prob":1}},{"classId":"r_8","type":"linked","directed":false,"entities":["s1v1|e_7|3576,3622","s1v1|e_6|3625,3687"],"confidence":{"state":"pre-added","who":["user:Frederike"],"prob":1}},{"classId":"r_8","type":"linked","directed":false,"entities":["s1v1|e_7|3690,3767","s1v1|e_6|3771,3867"],"confidence":{"state":"pre-added","who":["user:Frederike"],"prob":1}},{"classId":"r_8","type":"linked","directed":false,"entities":["s1v1|e_6|5096,5218","s1v1|e_7|5221,5308"],"confidence":{"state":"pre-added","who":["user:Frederike"],"prob":1}},{"classId":"r_8","type":"linked","directed":false,"entities":["s1v1|e_7|5311,5388","s1v1|e_6|5391,5513"],"confidence":{"state":"pre-added","who":["user:Frederike"],"prob":1}}]}