{"annotatable":{"parts":["s1v1"]},"anncomplete":true,"sources":[],"metas":{},"entities":[{"classId":"e_1","part":"s1v1","offsets":[{"start":0,"text":"V könnte einen Anspruch auf Zahlung des Kaufpreises gegenüber K gemäß § 433 Abs. 2 BGB haben"}],"coordinates":[],"confidence":{"state":"pre-added","who":["user:FabianBrese"],"prob":1},"fields":{},"normalizations":{}},{"classId":"e_1","part":"s1v1","offsets":[{"start":110,"text":"Dafür müsste ein wirksamer Kaufvertrag zwischen V und K geschlossen worden sein"}],"coordinates":[],"confidence":{"state":"pre-added","who":["user:FabianBrese"],"prob":1},"fields":{},"normalizations":{}},{"classId":"e_4","part":"s1v1","offsets":[{"start":191,"text":"Ein Kaufvertrag kommt zustande durch zwei in Bezug aufeinander abgegebene, inhaltlich übereinstimmende Willenserklärungen, nämlich Angebot und Annahme nach §§145 ff. BGB"}],"coordinates":[],"confidence":{"state":"pre-added","who":["user:FabianBrese"],"prob":1},"fields":{},"normalizations":{}},{"classId":"e_1","part":"s1v1","offsets":[{"start":375,"text":"Fraglich ist, ob hier ein Angebot durch V vorliegt"}],"coordinates":[],"confidence":{"state":"pre-added","who":["user:FabianBrese"],"prob":1},"fields":{},"normalizations":{}},{"classId":"e_4","part":"s1v1","offsets":[{"start":427,"text":"Ein Angebot ist eine empfangsbedürftige Willenserklärung durch die einem anderen der Vertragsschluss unter Festlegung der wesentlichen Vertragsbestandteile (Kaufsache, Kaufpreis, Vertragsparteien) so zugetragen wird, dass das Zustandekommen nur noch von dessen Zustimmung abhängt"}],"coordinates":[],"confidence":{"state":"pre-added","who":["user:FabianBrese"],"prob":1},"fields":{},"normalizations":{}},{"classId":"e_5","part":"s1v1","offsets":[{"start":708,"text":"In diesem Fall agiert V jedoch gar nicht mit K, sondern beauftragt die Auszubildende A mit dem Verkauf des Autos an K."}],"coordinates":[],"confidence":{"state":"pre-added","who":["user:FabianBrese"],"prob":1},"fields":{},"normalizations":{}},{"classId":"e_7","part":"s1v1","offsets":[{"start":708,"text":"In diesem Fall agiert V jedoch gar nicht mit K"}],"coordinates":[],"confidence":{"state":"pre-added","who":["user:FabianBrese"],"prob":1},"fields":{},"normalizations":{}},{"classId":"e_6","part":"s1v1","offsets":[{"start":756,"text":"sondern beauftragt die Auszubildende A mit dem Verkauf des Autos an K"}],"coordinates":[],"confidence":{"state":"pre-added","who":["user:FabianBrese"],"prob":1},"fields":{},"normalizations":{}},{"classId":"e_1","part":"s1v1","offsets":[{"start":827,"text":"A könnte stellvertretend für V ein Angebot abgeben"}],"coordinates":[],"confidence":{"state":"pre-added","who":["user:FabianBrese"],"prob":1},"fields":{},"normalizations":{}},{"classId":"e_2","part":"s1v1","offsets":[{"start":1201,"text":"Eine Stellvertretung ist bei Rechtsgeschäften grundsätzlich zulässig"}],"coordinates":[],"confidence":{"state":"pre-added","who":["user:FabianBrese"],"prob":1},"fields":{},"normalizations":{}},{"classId":"e_1","part":"s1v1","offsets":[{"start":1271,"text":"In diesem Fall könnte A jedoch aufgrund ihrer Minderjährigkeit V unzulässig vertreten"}],"coordinates":[],"confidence":{"state":"pre-added","who":["user:FabianBrese"],"prob":1},"fields":{},"normalizations":{}},{"classId":"e_5","part":"s1v1","offsets":[{"start":1486,"text":"Da A 16 Jahre alt und somit nach § 106 BGB beschränkt geschäftsfähig ist, ist die Stellvertretung zulässig."}],"coordinates":[],"confidence":{"state":"pre-added","who":["user:FabianBrese"],"prob":1},"fields":{},"normalizations":{}},{"classId":"e_7","part":"s1v1","offsets":[{"start":1486,"text":"Da A 16 Jahre alt und somit nach § 106 BGB beschränkt geschäftsfähig ist"}],"coordinates":[],"confidence":{"state":"pre-added","who":["user:FabianBrese"],"prob":1},"fields":{},"normalizations":{}},{"classId":"e_6","part":"s1v1","offsets":[{"start":1560,"text":"ist die Stellvertretung zulässig"}],"coordinates":[],"confidence":{"state":"pre-added","who":["user:FabianBrese"],"prob":1},"fields":{},"normalizations":{}},{"classId":"e_5","part":"s1v1","offsets":[{"start":1801,"text":"A hat freie Hand außer einem Mindestpreis, gesetzt von V, das Auto an K zu verkaufen und eine eigene Willenserklärung abzugeben, was sie letztendlich auch tut."}],"coordinates":[],"confidence":{"state":"pre-added","who":["user:FabianBrese"],"prob":1},"fields":{},"normalizations":{}},{"classId":"e_7","part":"s1v1","offsets":[{"start":1801,"text":"A hat freie Hand außer einem Mindestpreis, gesetzt von V, das Auto an K zu verkaufen und eine eigene Willenserklärung abzugeben"}],"coordinates":[],"confidence":{"state":"pre-added","who":["user:FabianBrese"],"prob":1},"fields":{},"normalizations":{}},{"classId":"e_6","part":"s1v1","offsets":[{"start":1930,"text":"was sie letztendlich auch tut"}],"coordinates":[],"confidence":{"state":"pre-added","who":["user:FabianBrese"],"prob":1},"fields":{},"normalizations":{}},{"classId":"e_2","part":"s1v1","offsets":[{"start":1961,"text":"Also ist das Kriterium der eigenen Willenserklärung erfüllt"}],"coordinates":[],"confidence":{"state":"pre-added","who":["user:FabianBrese"],"prob":1},"fields":{},"normalizations":{}},{"classId":"e_5","part":"s1v1","offsets":[{"start":2257,"text":"Da A im Namen des Gebrauchtwagengeschäfts anruft, ist hier anzunehmen, dass für K ersichtlich ist, dass A im Namen von V handelt."}],"coordinates":[],"confidence":{"state":"pre-added","who":["user:FabianBrese"],"prob":1},"fields":{},"normalizations":{}},{"classId":"e_7","part":"s1v1","offsets":[{"start":2257,"text":"Da A im Namen des Gebrauchtwagengeschäfts anruft"}],"coordinates":[],"confidence":{"state":"pre-added","who":["user:FabianBrese"],"prob":1},"fields":{},"normalizations":{}},{"classId":"e_6","part":"s1v1","offsets":[{"start":2307,"text":"ist hier anzunehmen, dass für K ersichtlich ist, dass A im Namen von V handelt"}],"coordinates":[],"confidence":{"state":"pre-added","who":["user:FabianBrese"],"prob":1},"fields":{},"normalizations":{}},{"classId":"e_5","part":"s1v1","offsets":[{"start":2508,"text":"V erteilte A die Macht darüber, einen Kaufvertrag über ein Auto mit dem Mindestpreis von 25.000 € abzuschließen. In diesem Rahmen handelte A auch."}],"coordinates":[],"confidence":{"state":"pre-added","who":["user:FabianBrese"],"prob":1},"fields":{},"normalizations":{}},{"classId":"e_7","part":"s1v1","offsets":[{"start":2508,"text":"V erteilte A die Macht darüber, einen Kaufvertrag über ein Auto mit dem Mindestpreis von 25.000 € abzuschließen"}],"coordinates":[],"confidence":{"state":"pre-added","who":["user:FabianBrese"],"prob":1},"fields":{},"normalizations":{}},{"classId":"e_6","part":"s1v1","offsets":[{"start":2621,"text":"In diesem Rahmen handelte A auch"}],"coordinates":[],"confidence":{"state":"pre-added","who":["user:FabianBrese"],"prob":1},"fields":{},"normalizations":{}},{"classId":"e_2","part":"s1v1","offsets":[{"start":2655,"text":"Also hatte A die Vertretungsmacht"}],"coordinates":[],"confidence":{"state":"pre-added","who":["user:FabianBrese"],"prob":1},"fields":{},"normalizations":{}},{"classId":"e_2","part":"s1v1","offsets":[{"start":2709,"text":"A hat V wirksam vertreten"}],"coordinates":[],"confidence":{"state":"pre-added","who":["user:FabianBrese"],"prob":1},"fields":{},"normalizations":{}},{"classId":"e_5","part":"s1v1","offsets":[{"start":2838,"text":"A telefoniert mit K und bietet einen Autokauf zum Preis von 27.000 €. Aus Unwissenheit fügt sie fälschlich hinzu, dass es sich um ein unfallfreies Auto handelt. Das Angebot gelte bis zum 24.2."}],"coordinates":[],"confidence":{"state":"pre-added","who":["user:FabianBrese"],"prob":1},"fields":{},"normalizations":{}},{"classId":"e_7","part":"s1v1","offsets":[{"start":2838,"text":"A telefoniert mit K und bietet einen Autokauf zum Preis von 27.000 €"}],"coordinates":[],"confidence":{"state":"pre-added","who":["user:FabianBrese"],"prob":1},"fields":{},"normalizations":{}},{"classId":"e_2","part":"s1v1","offsets":[{"start":3032,"text":"Also wurde von A ein befristetes Angebot an K abgegeben"}],"coordinates":[],"confidence":{"state":"pre-added","who":["user:FabianBrese"],"prob":1},"fields":{},"normalizations":{}},{"classId":"e_1","part":"s1v1","offsets":[{"start":3102,"text":"Es ist fraglich, ob K dieses Angebot angenommen hat"}],"coordinates":[],"confidence":{"state":"pre-added","who":["user:FabianBrese"],"prob":1},"fields":{},"normalizations":{}},{"classId":"e_4","part":"s1v1","offsets":[{"start":3155,"text":"Eine Annahme ist eine empfangsbedürftige, in Bezug auf ein Angebot abgegebene Willenserklärung durch die ein Kaufvertrag zustande kommt"}],"coordinates":[],"confidence":{"state":"pre-added","who":["user:FabianBrese"],"prob":1},"fields":{},"normalizations":{}},{"classId":"e_5","part":"s1v1","offsets":[{"start":3292,"text":"Im Fall erklärt K per E-Mail eindeutig die Annahme des Angebots. Allerdings könnte dieses nicht rechtzeitig zugegangen sein."}],"coordinates":[],"confidence":{"state":"pre-added","who":["user:FabianBrese"],"prob":1},"fields":{},"normalizations":{}},{"classId":"e_4","part":"s1v1","offsets":[{"start":3453,"text":"Eine empfangsbedürftige Willenserklärung gilt als zugegangen, wenn sie so in den Herrschaftsbereich des Empfängers gelangt, dass dieser unter normalen Umständen von ihr Kenntnis erlangen kann und dies nach Gepflogenheiten des Verkehrs von ihm erwartet werden kann"}],"coordinates":[],"confidence":{"state":"pre-added","who":["user:FabianBrese"],"prob":1},"fields":{},"normalizations":{}},{"classId":"e_5","part":"s1v1","offsets":[{"start":3718,"text":"K sendet am 24.2. um 23:55 Uhr eine Email an die A. Somit ist die Annahme in den Herrschaftsbereich von A gelangt, aber um 23:55 Uhr kann nicht unter normalen Umständen erwartet werden, dass A noch Kenntnis davon erlangt, da Autohändler nicht um 23:55 Uhr noch das Geschäft geöffnet haben."}],"coordinates":[],"confidence":{"state":"pre-added","who":["user:FabianBrese"],"prob":1},"fields":{},"normalizations":{}},{"classId":"e_7","part":"s1v1","offsets":[{"start":3718,"text":"K sendet am 24.2. um 23:55 Uhr eine Email an die A"}],"coordinates":[],"confidence":{"state":"pre-added","who":["user:FabianBrese"],"prob":1},"fields":{},"normalizations":{}},{"classId":"e_6","part":"s1v1","offsets":[{"start":3770,"text":"Somit ist die Annahme in den Herrschaftsbereich von A gelangt, aber um 23:55 Uhr kann nicht unter normalen Umständen erwartet werden, dass A noch Kenntnis davon erlangt, da Autohändler nicht um 23:55 Uhr noch das Geschäft geöffnet haben"}],"coordinates":[],"confidence":{"state":"pre-added","who":["user:FabianBrese"],"prob":1},"fields":{},"normalizations":{}},{"classId":"e_2","part":"s1v1","offsets":[{"start":4008,"text":"Somit ist die Annahme der K nicht rechtzeitig zugegangen"}],"coordinates":[],"confidence":{"state":"pre-added","who":["user:FabianBrese"],"prob":1},"fields":{},"normalizations":{}},{"classId":"e_2","part":"s1v1","offsets":[{"start":4085,"text":"Es liegt keine Annahme vor"}],"coordinates":[],"confidence":{"state":"pre-added","who":["user:FabianBrese"],"prob":1},"fields":{},"normalizations":{}},{"classId":"e_1","part":"s1v1","offsets":[{"start":4132,"text":"Es könnte ein neues Angebot durch die K vorliegen"}],"coordinates":[],"confidence":{"state":"pre-added","who":["user:FabianBrese"],"prob":1},"fields":{},"normalizations":{}},{"classId":"e_5","part":"s1v1","offsets":[{"start":4332,"text":"Dies ist hier der Fall, da A zustimmend erklärt, K könne das Auto am selben Tag abholen und innerhalb von zwei Wochen den Kaufpreis bezahlen."}],"coordinates":[],"confidence":{"state":"pre-added","who":["user:FabianBrese"],"prob":1},"fields":{},"normalizations":{}},{"classId":"e_7","part":"s1v1","offsets":[{"start":4332,"text":"Dies ist hier der Fall, da A zustimmend erklärt, K könne das Auto am selben Tag abholen und innerhalb von zwei Wochen den Kaufpreis bezahlen"}],"coordinates":[],"confidence":{"state":"pre-added","who":["user:FabianBrese"],"prob":1},"fields":{},"normalizations":{}},{"classId":"e_2","part":"s1v1","offsets":[{"start":4493,"text":"Es ist ein wirksamer Kaufvertrag zustande gekommen"}],"coordinates":[],"confidence":{"state":"pre-added","who":["user:FabianBrese"],"prob":1},"fields":{},"normalizations":{}},{"classId":"e_1","part":"s1v1","offsets":[{"start":4560,"text":"K könnte den Kaufvertrag gemäß § 142 Abs. 1 BGB anfechten"}],"coordinates":[],"confidence":{"state":"pre-added","who":["user:FabianBrese"],"prob":1},"fields":{},"normalizations":{}},{"classId":"e_1","part":"s1v1","offsets":[{"start":4619,"text":"Dafür müsste sie eine Anfechtungserklärung gegenüber dem Anfechtungsgegner stellen, die Anfechtungsfrist einhalten und es müsste ein Anfechtungsgrund gemäß §§ 119,120 oder 123 vorliegen"}],"coordinates":[],"confidence":{"state":"pre-added","who":["user:FabianBrese"],"prob":1},"fields":{},"normalizations":{}},{"classId":"e_1","part":"s1v1","offsets":[{"start":4831,"text":"Eine Anfechtungserklärung müsste nach § 143 Abs. 1 BGB gegenüber dem Anfechtungsgegner gestellt werden"}],"coordinates":[],"confidence":{"state":"pre-added","who":["user:FabianBrese"],"prob":1},"fields":{},"normalizations":{}},{"classId":"e_5","part":"s1v1","offsets":[{"start":4935,"text":"Hier teilt K der V mit, dass sie das Auto zurückgeben möchte und somit den Kaufvertrag anfechten möchte."}],"coordinates":[],"confidence":{"state":"pre-added","who":["user:FabianBrese"],"prob":1},"fields":{},"normalizations":{}},{"classId":"e_7","part":"s1v1","offsets":[{"start":4935,"text":"Hier teilt K der V mit, dass sie das Auto zurückgeben möchte"}],"coordinates":[],"confidence":{"state":"pre-added","who":["user:FabianBrese"],"prob":1},"fields":{},"normalizations":{}},{"classId":"e_6","part":"s1v1","offsets":[{"start":4996,"text":"und somit den Kaufvertrag anfechten möchte"}],"coordinates":[],"confidence":{"state":"pre-added","who":["user:FabianBrese"],"prob":1},"fields":{},"normalizations":{}},{"classId":"e_2","part":"s1v1","offsets":[{"start":5040,"text":"Somit hat sie eine Anfechtungserklärung gegenüber der richtigen Person abgegeben"}],"coordinates":[],"confidence":{"state":"pre-added","who":["user:FabianBrese"],"prob":1},"fields":{},"normalizations":{}},{"classId":"e_1","part":"s1v1","offsets":[{"start":5165,"text":"Es könnte nach § 123 Abs. 1 BGB eine arglistige Täuschung vorliegen"}],"coordinates":[],"confidence":{"state":"pre-added","who":["user:FabianBrese"],"prob":1},"fields":{},"normalizations":{}},{"classId":"e_4","part":"s1v1","offsets":[{"start":5234,"text":"Eine widerrechtliche Täuschung ist das bewusste, gewollte Erregen oder Aufrechterhalten eines Irrtums durch Vorspiegeln falscher oder Unterdrückung wahrer Tatsachen"}],"coordinates":[],"confidence":{"state":"pre-added","who":["user:FabianBrese"],"prob":1},"fields":{},"normalizations":{}},{"classId":"e_5","part":"s1v1","offsets":[{"start":5400,"text":"A hatte zwar keine Kenntnis über Unfallschäden des Wagens, allerdings hat sie eine mögliche Täuschung billigend in Kauf genommen als sie „ins Blaue“ bestätigte, der Wagen sei unfallfrei."}],"coordinates":[],"confidence":{"state":"pre-added","who":["user:FabianBrese"],"prob":1},"fields":{},"normalizations":{}},{"classId":"e_7","part":"s1v1","offsets":[{"start":5400,"text":"A hatte zwar keine Kenntnis über Unfallschäden des Wagens"}],"coordinates":[],"confidence":{"state":"pre-added","who":["user:FabianBrese"],"prob":1},"fields":{},"normalizations":{}},{"classId":"e_6","part":"s1v1","offsets":[{"start":5459,"text":"allerdings hat sie eine mögliche Täuschung billigend in Kauf genommen als sie „ins Blaue“ bestätigte, der Wagen sei unfallfrei"}],"coordinates":[],"confidence":{"state":"pre-added","who":["user:FabianBrese"],"prob":1},"fields":{},"normalizations":{}},{"classId":"e_2","part":"s1v1","offsets":[{"start":5587,"text":"Es liegt also ein Vorsatz für eine arglistige Täuschung vor"}],"coordinates":[],"confidence":{"state":"pre-added","who":["user:FabianBrese"],"prob":1},"fields":{},"normalizations":{}},{"classId":"e_2","part":"s1v1","offsets":[{"start":5863,"text":"Da K sofort bei Kenntnisnahme über die falschen Informationen den Kauf bei V anficht, hat sie die Anfechtungsfrist eingehalten"}],"coordinates":[],"confidence":{"state":"pre-added","who":["user:FabianBrese"],"prob":1},"fields":{},"normalizations":{}},{"classId":"e_2","part":"s1v1","offsets":[{"start":6010,"text":"K hat den Vertrag gemäß § 142 Abs. 1 BGB wirksam angefochten"}],"coordinates":[],"confidence":{"state":"pre-added","who":["user:FabianBrese"],"prob":1},"fields":{},"normalizations":{}},{"classId":"e_2","part":"s1v1","offsets":[{"start":6083,"text":"Es ist ein wirksamer Kaufvertrag zustande gekommen, der jedoch wirksam angefochten wurde und somit nichtig ist"}],"coordinates":[],"confidence":{"state":"pre-added","who":["user:FabianBrese"],"prob":1},"fields":{},"normalizations":{}},{"classId":"e_2","part":"s1v1","offsets":[{"start":6195,"text":"V hat keinen Anspruch auf die Zahlung des Kaufpreises gemäß §433 Abs. 2 BGB"}],"coordinates":[],"confidence":{"state":"pre-added","who":["user:FabianBrese"],"prob":1},"fields":{},"normalizations":{}}],"relations":[{"classId":"r_3","type":"linked","directed":false,"entities":["s1v1|e_2|4085,4110","s1v1|e_1|3102,3152"],"confidence":{"state":"pre-added","who":["user:FabianBrese"],"prob":1}},{"classId":"r_3","type":"linked","directed":false,"entities":["s1v1|e_2|4493,4542","s1v1|e_1|110,188"],"confidence":{"state":"pre-added","who":["user:FabianBrese"],"prob":1}},{"classId":"r_3","type":"linked","directed":false,"entities":["s1v1|e_2|5040,5119","s1v1|e_1|4831,4932"],"confidence":{"state":"pre-added","who":["user:FabianBrese"],"prob":1}},{"classId":"r_3","type":"linked","directed":false,"entities":["s1v1|e_2|5587,5645","s1v1|e_1|5165,5231"],"confidence":{"state":"pre-added","who":["user:FabianBrese"],"prob":1}},{"classId":"r_3","type":"linked","directed":false,"entities":["s1v1|e_2|6010,6069","s1v1|e_1|4619,4803"],"confidence":{"state":"pre-added","who":["user:FabianBrese"],"prob":1}},{"classId":"r_3","type":"linked","directed":false,"entities":["s1v1|e_2|6083,6192","s1v1|e_1|110,188"],"confidence":{"state":"pre-added","who":["user:FabianBrese"],"prob":1}},{"classId":"r_3","type":"linked","directed":false,"entities":["s1v1|e_2|6195,6269","s1v1|e_1|0,91"],"confidence":{"state":"pre-added","who":["user:FabianBrese"],"prob":1}},{"classId":"r_8","type":"linked","directed":false,"entities":["s1v1|e_7|708,753","s1v1|e_6|756,824"],"confidence":{"state":"pre-added","who":["user:FabianBrese"],"prob":1}},{"classId":"r_8","type":"linked","directed":false,"entities":["s1v1|e_7|1486,1557","s1v1|e_6|1560,1591"],"confidence":{"state":"pre-added","who":["user:FabianBrese"],"prob":1}},{"classId":"r_8","type":"linked","directed":false,"entities":["s1v1|e_7|1801,1927","s1v1|e_6|1930,1958"],"confidence":{"state":"pre-added","who":["user:FabianBrese"],"prob":1}},{"classId":"r_8","type":"linked","directed":false,"entities":["s1v1|e_7|2257,2304","s1v1|e_6|2307,2384"],"confidence":{"state":"pre-added","who":["user:FabianBrese"],"prob":1}},{"classId":"r_8","type":"linked","directed":false,"entities":["s1v1|e_7|2508,2618","s1v1|e_6|2621,2652"],"confidence":{"state":"pre-added","who":["user:FabianBrese"],"prob":1}},{"classId":"r_8","type":"linked","directed":false,"entities":["s1v1|e_7|3718,3767","s1v1|e_6|3770,4005"],"confidence":{"state":"pre-added","who":["user:FabianBrese"],"prob":1}},{"classId":"r_8","type":"linked","directed":false,"entities":["s1v1|e_7|4935,4994","s1v1|e_6|4996,5037"],"confidence":{"state":"pre-added","who":["user:FabianBrese"],"prob":1}},{"classId":"r_8","type":"linked","directed":false,"entities":["s1v1|e_7|5400,5456","s1v1|e_6|5459,5584"],"confidence":{"state":"pre-added","who":["user:FabianBrese"],"prob":1}}]}