{"annotatable":{"parts":["s1v1"]},"anncomplete":true,"sources":[],"metas":{},"entities":[{"classId":"e_1","part":"s1v1","offsets":[{"start":54,"text":"V könnte einen Anspruch auf Zahlung von 27.000€ gegen der K haben gemäß dem § 433 II BGB"}],"coordinates":[],"confidence":{"state":"pre-added","who":["user:FabianBrese"],"prob":1},"fields":{},"normalizations":{}},{"classId":"e_4","part":"s1v1","offsets":[{"start":521,"text":"Eine Einigung kommt nach den §§ 145 ff. BGB durch übereinstimmende und aufeinander bezogene Willenserklärungen zustande, dem Angebot (§145 BGB) und der Annahme (§147 BGB)"}],"coordinates":[],"confidence":{"state":"pre-added","who":["user:FabianBrese"],"prob":1},"fields":{},"normalizations":{}},{"classId":"e_1","part":"s1v1","offsets":[{"start":705,"text":"Folglich müsste zunächst ein Angebot zum Abschluss eines Kaufvertrages vorliegen"}],"coordinates":[],"confidence":{"state":"pre-added","who":["user:FabianBrese"],"prob":1},"fields":{},"normalizations":{}},{"classId":"e_5","part":"s1v1","offsets":[{"start":787,"text":"V selbst gibt kein Angebot gegenüber der K ab. V bevollmächtigte ihre 16 jährige Auszubildende der K den Gebrauchtwagen nicht unter 25.000€ zu verkaufen, folglich der K ein Angebot zu unterbreiten. A rief die K an und unterbreitete ihr telefonisch ein Angebot in Höhe von 27.000€ zu einem von der K bereits begutachteten Gebrauchtwagen."}],"coordinates":[],"confidence":{"state":"pre-added","who":["user:FabianBrese"],"prob":1},"fields":{},"normalizations":{}},{"classId":"e_7","part":"s1v1","offsets":[{"start":787,"text":"V selbst gibt kein Angebot gegenüber der K ab"}],"coordinates":[],"confidence":{"state":"pre-added","who":["user:FabianBrese"],"prob":1},"fields":{},"normalizations":{}},{"classId":"e_7","part":"s1v1","offsets":[{"start":834,"text":"V bevollmächtigte ihre 16 jährige Auszubildende der K den Gebrauchtwagen nicht unter 25.000€ zu verkaufen"}],"coordinates":[],"confidence":{"state":"pre-added","who":["user:FabianBrese"],"prob":1},"fields":{},"normalizations":{}},{"classId":"e_6","part":"s1v1","offsets":[{"start":941,"text":"folglich der K ein Angebot zu unterbreiten"}],"coordinates":[],"confidence":{"state":"pre-added","who":["user:FabianBrese"],"prob":1},"fields":{},"normalizations":{}},{"classId":"e_7","part":"s1v1","offsets":[{"start":985,"text":"A rief die K an und unterbreitete ihr telefonisch ein Angebot in Höhe von 27.000€ zu einem von der K bereits begutachteten Gebrauchtwagen"}],"coordinates":[],"confidence":{"state":"pre-added","who":["user:FabianBrese"],"prob":1},"fields":{},"normalizations":{}},{"classId":"e_1","part":"s1v1","offsets":[{"start":1264,"text":"Dazu müsste die Stellvertretung zulässig \n(aa) sein und die A eine eigene Willenserklärung \n(bb) im Namen der V \n(cc) mit Vertretungsmacht \n(dd) abgegeben haben"}],"coordinates":[],"confidence":{"state":"pre-added","who":["user:FabianBrese"],"prob":1},"fields":{},"normalizations":{}},{"classId":"e_1","part":"s1v1","offsets":[{"start":1476,"text":"A als Stellvertretung müsste eine eigene Willenserklärung abgegeben haben"}],"coordinates":[],"confidence":{"state":"pre-added","who":["user:FabianBrese"],"prob":1},"fields":{},"normalizations":{}},{"classId":"e_4","part":"s1v1","offsets":[{"start":1551,"text":"In Abgrenzung zum Boten, der nur eine fremde Willenserklärung übermittelt, muss der Stellvertreter eine eigene Willenserklärung abgeben"}],"coordinates":[],"confidence":{"state":"pre-added","who":["user:FabianBrese"],"prob":1},"fields":{},"normalizations":{}},{"classId":"e_5","part":"s1v1","offsets":[{"start":2122,"text":"Die A als Stellvertretung führte die Vorverhandlungen eigenverantwortlich und gab nach dem objektiven Empfängerhorizont somit eine eigene Willenserklärung in Form eines Angebotes ab. Im Alter von 16 Jahren ist man bereits beschränkt geschäftsfähig und daher konnte A als Stellvertretung wirksam Willenserklärung somit abgeben."}],"coordinates":[],"confidence":{"state":"pre-added","who":["user:FabianBrese"],"prob":1},"fields":{},"normalizations":{}},{"classId":"e_7","part":"s1v1","offsets":[{"start":2305,"text":"Im Alter von 16 Jahren ist man bereits beschränkt geschäftsfähig"}],"coordinates":[],"confidence":{"state":"pre-added","who":["user:FabianBrese"],"prob":1},"fields":{},"normalizations":{}},{"classId":"e_6","part":"s1v1","offsets":[{"start":2370,"text":"und daher konnte A als Stellvertretung wirksam Willenserklärung somit abgeben"}],"coordinates":[],"confidence":{"state":"pre-added","who":["user:FabianBrese"],"prob":1},"fields":{},"normalizations":{}},{"classId":"e_2","part":"s1v1","offsets":[{"start":2449,"text":"Die Stellvertretung A hat folglich eine eigene Willenserklärung abgegeben"}],"coordinates":[],"confidence":{"state":"pre-added","who":["user:FabianBrese"],"prob":1},"fields":{},"normalizations":{}},{"classId":"e_1","part":"s1v1","offsets":[{"start":2570,"text":"A stellvertretend müsste das Angebot im Namen der V abgegeben haben"}],"coordinates":[],"confidence":{"state":"pre-added","who":["user:FabianBrese"],"prob":1},"fields":{},"normalizations":{}},{"classId":"e_5","part":"s1v1","offsets":[{"start":2820,"text":"Der Vertragspartei folglich der K müsste es ersichtlich gewesen sein, vor allem dadurch, dass die K als Interessent sich den Wagen bereits in dem Autohaus der V angesehen hat, dass A stellvertretend den Gebrauchtwagen für V, somit für ihre Ausbilderin verkaufen wollte und nicht die A selbst."}],"coordinates":[],"confidence":{"state":"pre-added","who":["user:FabianBrese"],"prob":1},"fields":{},"normalizations":{}},{"classId":"e_2","part":"s1v1","offsets":[{"start":3114,"text":"A hat das Angebot also im Namen der V abgegeben"}],"coordinates":[],"confidence":{"state":"pre-added","who":["user:FabianBrese"],"prob":1},"fields":{},"normalizations":{}},{"classId":"e_1","part":"s1v1","offsets":[{"start":3186,"text":"A müsste mit Vertretungsmacht gehandelt haben"}],"coordinates":[],"confidence":{"state":"pre-added","who":["user:FabianBrese"],"prob":1},"fields":{},"normalizations":{}},{"classId":"e_5","part":"s1v1","offsets":[{"start":3468,"text":"V hatte ihre Auszubildende A als Stellvertretung gebeten, den Verkauf des Gebrauchtwagens zu einem Mindestpreis von 25.000€ eigenständig durchzuführen."}],"coordinates":[],"confidence":{"state":"pre-added","who":["user:FabianBrese"],"prob":1},"fields":{},"normalizations":{}},{"classId":"e_7","part":"s1v1","offsets":[{"start":3468,"text":"V hatte ihre Auszubildende A als Stellvertretung gebeten, den Verkauf des Gebrauchtwagens zu einem Mindestpreis von 25.000€ eigenständig durchzuführen"}],"coordinates":[],"confidence":{"state":"pre-added","who":["user:FabianBrese"],"prob":1},"fields":{},"normalizations":{}},{"classId":"e_2","part":"s1v1","offsets":[{"start":3620,"text":"Hiermit hatte A die Vertretungsmacht für den Verkauf des Gebrauchtwagens an K"}],"coordinates":[],"confidence":{"state":"pre-added","who":["user:FabianBrese"],"prob":1},"fields":{},"normalizations":{}},{"classId":"e_2","part":"s1v1","offsets":[{"start":3721,"text":"A hat stellvertretend der K telefonisch ein Angebot über den Verkauf des Gebrauchtwagens zum Preis von 27.000 € gemacht, das gemäß § 164 I BGB Wirkung für die vertretene V wirksam entfaltet"}],"coordinates":[],"confidence":{"state":"pre-added","who":["user:FabianBrese"],"prob":1},"fields":{},"normalizations":{}},{"classId":"e_1","part":"s1v1","offsets":[{"start":3925,"text":"K müsste das Angebot der A für V rechtzeitig bis spätestens dem 24.02 angenommen haben"}],"coordinates":[],"confidence":{"state":"pre-added","who":["user:FabianBrese"],"prob":1},"fields":{},"normalizations":{}},{"classId":"e_4","part":"s1v1","offsets":[{"start":4304,"text":"Der Zugang der Erklärung liegt vor, wenn die Erklärung mit Willen des Absenders, also zielgerichtet und nicht nur zufällig, in den Machtbereich des Empfängers gelangt, dass die Möglichkeit zur Kenntnisnahme besteht und diese unter normalen Umständen auch erwartet werden kann"}],"coordinates":[],"confidence":{"state":"pre-added","who":["user:FabianBrese"],"prob":1},"fields":{},"normalizations":{}},{"classId":"e_5","part":"s1v1","offsets":[{"start":4668,"text":"Die Annahme des Angebotes der K gegenüber der A ist per Email am 24.02 um 23:55 Uhr in den Machtbereich der A gelangt. Ausgehend von der Uhrzeit zu der die K die E-Mail mit der Annahmeerklärung digital verschickt hatte und den gewöhnliche Geschäftszeiten zu den nach herrschender Meinung mit der Kenntnisnahme der Email gerechnet werden kann, konnte die Kenntnisse der Annahmeerklärung via Email durch A, laut dem Sachverhalt unter keinen Umständen mehr erwartet werden. Die Annahmeerklärung der K via E-Mail gegenüber der A ist schlussendlich erst am 25.02 als zugegangen anzusehen, folglich hat K die Frist des Angebotes nicht eingehalten und die Annahmeerklärung nicht fristgerecht zugeschickt."}],"coordinates":[],"confidence":{"state":"pre-added","who":["user:FabianBrese"],"prob":1},"fields":{},"normalizations":{}},{"classId":"e_7","part":"s1v1","offsets":[{"start":4668,"text":"Die Annahme des Angebotes der K gegenüber der A ist per Email am 24.02 um 23:55 Uhr in den Machtbereich der A gelangt"}],"coordinates":[],"confidence":{"state":"pre-added","who":["user:FabianBrese"],"prob":1},"fields":{},"normalizations":{}},{"classId":"e_6","part":"s1v1","offsets":[{"start":5252,"text":"folglich hat K die Frist des Angebotes nicht eingehalten und die Annahmeerklärung nicht fristgerecht zugeschickt"}],"coordinates":[],"confidence":{"state":"pre-added","who":["user:FabianBrese"],"prob":1},"fields":{},"normalizations":{}},{"classId":"e_5","part":"s1v1","offsets":[{"start":5495,"text":"Morgens am 25.02 hat die A das neue Angebot der K angenommen, indem sie der K erklärte, dass die K den Wagen am Nachmittag abholen könne."}],"coordinates":[],"confidence":{"state":"pre-added","who":["user:FabianBrese"],"prob":1},"fields":{},"normalizations":{}},{"classId":"e_2","part":"s1v1","offsets":[{"start":5633,"text":"Somit hat A gemäß § 164 I BGB als Stellvertretung nach dem objektiven Empfängerhorizont das Angebot der K mit der Wirkung für und gegen die V wirksam angenommen"}],"coordinates":[],"confidence":{"state":"pre-added","who":["user:FabianBrese"],"prob":1},"fields":{},"normalizations":{}},{"classId":"e_2","part":"s1v1","offsets":[{"start":5816,"text":"I.S.v. § 433 BGB ist zwischen V und K ist ein Kaufvertrag über den Gebrauchtwagen zum Preis von 27.000 € zustande gekommen"}],"coordinates":[],"confidence":{"state":"pre-added","who":["user:FabianBrese"],"prob":1},"fields":{},"normalizations":{}},{"classId":"e_1","part":"s1v1","offsets":[{"start":5956,"text":"Der Kaufvertrag könnte infolge einer Anfechtung durch V gemäß § 142 I BGB als ex tunc nichtig gelten"}],"coordinates":[],"confidence":{"state":"pre-added","who":["user:FabianBrese"],"prob":1},"fields":{},"normalizations":{}},{"classId":"e_1","part":"s1v1","offsets":[{"start":6238,"text":"Die A könnte stellvertretend die K womöglich arglistig getäuscht haben damit, dass sie einfach „ins Blaue“ Annahmen über das Fahrzeug getroffen hat ohne sich davor informiert zu haben, was natürlich für sie als Mitarbeiterin bzw. Auszubildende eine Pflicht darstellt"}],"coordinates":[],"confidence":{"state":"pre-added","who":["user:FabianBrese"],"prob":1},"fields":{},"normalizations":{}},{"classId":"e_1","part":"s1v1","offsets":[{"start":6532,"text":"K könnte durch A arglistig getäuscht worden sein und deshalb wäre die K gegenüber der nach § 164 I BGB vertretenen V gemäß § 123 I Alt. 1 BGB zur Anfechtung berechtigt"}],"coordinates":[],"confidence":{"state":"pre-added","who":["user:FabianBrese"],"prob":1},"fields":{},"normalizations":{}},{"classId":"e_4","part":"s1v1","offsets":[{"start":6796,"text":"Eine arglistige Täuschung ist das bewusste und gewollte Erregen oder Aufrechterhalten eines Irrtums durch Vorspiegeln falscher oder Unterdrücken wahrer Tatsachen, um den Getäuschten zur Abgabe einer bestimmten Willenserklärung zu veranlassen"}],"coordinates":[],"confidence":{"state":"pre-added","who":["user:FabianBrese"],"prob":1},"fields":{},"normalizations":{}},{"classId":"e_4","part":"s1v1","offsets":[{"start":7039,"text":"Bedingter Vorsatz bezüglich der Unrichtigkeit angegebener Tatsachen genügt"}],"coordinates":[],"confidence":{"state":"pre-added","who":["user:FabianBrese"],"prob":1},"fields":{},"normalizations":{}},{"classId":"e_4","part":"s1v1","offsets":[{"start":7115,"text":"Ein Anfechtungsgrund besteht nur dann, wenn die Täuschung kausal war, die Willenserklärung ohne sie also nicht, nicht so oder nicht zu dieser Zeit abgegeben worden wäre"}],"coordinates":[],"confidence":{"state":"pre-added","who":["user:FabianBrese"],"prob":1},"fields":{},"normalizations":{}},{"classId":"e_5","part":"s1v1","offsets":[{"start":7288,"text":"Bei K wurde ein Irrtum über die Unfallfreiheit des Autos hervorgerufen dadurch, dass die A auf die Frage der K, ob der Wagen unfallfrei sei, einfach mit „Ja“ geantwortet hat. Die A wusste zwar nicht offiziell, ob der Wagen an einem Unfallgeschehen bereits beteiligt war oder nicht bzw. ob der Wagen unfallfrei sei oder nicht, aber weil sie das Geschäft nicht gefährden wollte, machte sie einfach für das Geschäft passende Angaben „ins Blaue“ und nahm es billigend in Kauf. Wenn K gewusst hätte, dass das Auto nicht unfallfrei ist, dann hätte sie bestimmt den Kaufvertrag mit V nicht abgeschlossen, weil sie ja schon im Vorverhandlungsgespräch und später bei Verkündung der Rückgabe eindeutig und unmissverständlich gesagt hat, dass sie keinesfalls an einem Unfallfahrzeug interessiert wäre und schlussendlich ist."}],"coordinates":[],"confidence":{"state":"pre-added","who":["user:FabianBrese"],"prob":1},"fields":{},"normalizations":{}},{"classId":"e_2","part":"s1v1","offsets":[{"start":8102,"text":"K kann den Kaufvertrag mit V folglich wegen arglistiger Täuschung durch die A gemäß § 123 I Alt. 1 i.V.m. § 166 I BGB anfechten"}],"coordinates":[],"confidence":{"state":"pre-added","who":["user:FabianBrese"],"prob":1},"fields":{},"normalizations":{}},{"classId":"e_2","part":"s1v1","offsets":[{"start":8436,"text":"K hat den Kaufvertrag mit V wirksam angefochten und daher gilt dieser gemäß § 142 I BGB als von Anfang an unwirksam"}],"coordinates":[],"confidence":{"state":"pre-added","who":["user:FabianBrese"],"prob":1},"fields":{},"normalizations":{}},{"classId":"e_2","part":"s1v1","offsets":[{"start":8567,"text":"Somit hat V gemäß dem § 433 II BGB keinen Anspruch auf Zahlung von 27.000 € gegen K"}],"coordinates":[],"confidence":{"state":"pre-added","who":["user:FabianBrese"],"prob":1},"fields":{},"normalizations":{}}],"relations":[{"classId":"r_3","type":"linked","directed":false,"entities":["s1v1|e_2|2449,2521","s1v1|e_1|1476,1548"],"confidence":{"state":"pre-added","who":["user:FabianBrese"],"prob":1}},{"classId":"r_3","type":"linked","directed":false,"entities":["s1v1|e_2|3114,3160","s1v1|e_1|2570,2636"],"confidence":{"state":"pre-added","who":["user:FabianBrese"],"prob":1}},{"classId":"r_3","type":"linked","directed":false,"entities":["s1v1|e_2|3620,3696","s1v1|e_1|3186,3230"],"confidence":{"state":"pre-added","who":["user:FabianBrese"],"prob":1}},{"classId":"r_3","type":"linked","directed":false,"entities":["s1v1|e_2|5633,5792","s1v1|e_1|3925,4010"],"confidence":{"state":"pre-added","who":["user:FabianBrese"],"prob":1}},{"classId":"r_3","type":"linked","directed":false,"entities":["s1v1|e_2|8102,8228","s1v1|e_1|6532,6698"],"confidence":{"state":"pre-added","who":["user:FabianBrese"],"prob":1}},{"classId":"r_3","type":"linked","directed":false,"entities":["s1v1|e_2|8436,8550","s1v1|e_1|5956,6055"],"confidence":{"state":"pre-added","who":["user:FabianBrese"],"prob":1}},{"classId":"r_3","type":"linked","directed":false,"entities":["s1v1|e_2|8567,8649","s1v1|e_1|54,141"],"confidence":{"state":"pre-added","who":["user:FabianBrese"],"prob":1}},{"classId":"r_8","type":"linked","directed":false,"entities":["s1v1|e_7|834,938","s1v1|e_6|941,982"],"confidence":{"state":"pre-added","who":["user:FabianBrese"],"prob":1}},{"classId":"r_8","type":"linked","directed":false,"entities":["s1v1|e_7|2305,2368","s1v1|e_6|2370,2446"],"confidence":{"state":"pre-added","who":["user:FabianBrese"],"prob":1}}]}