{"annotatable":{"parts":["s1v1"]},"anncomplete":false,"sources":[],"metas":{},"entities":[{"classId":"e_1","part":"s1v1","offsets":[{"start":11,"text":"Fraglich ist, ob A gegen C einen Anspruch auf die Übereignung und Übergabe der 500 Tonnen hochwertigen Qualitätsstahl hat zu dem Preis von 265.000€ gemäß §433"}],"coordinates":[],"confidence":{"state":"pre-added","who":["user:FabianBrese"],"prob":1},"fields":{},"normalizations":{}},{"classId":"e_1","part":"s1v1","offsets":[{"start":171,"text":"Dafür müsste ein wirksamer Kaufvertrag zustande gekommen sein"}],"coordinates":[],"confidence":{"state":"pre-added","who":["user:FabianBrese"],"prob":1},"fields":{},"normalizations":{}},{"classId":"e_4","part":"s1v1","offsets":[{"start":234,"text":"Ein Kaufvertrag kommt gemäß §145ff. Durch übereinstimmende und in Bezug aufeinander abgestimmte Willenserklärungen zustande, dem Angebot und der Nachfrage"}],"coordinates":[],"confidence":{"state":"pre-added","who":["user:FabianBrese"],"prob":1},"fields":{},"normalizations":{}},{"classId":"e_4","part":"s1v1","offsets":[{"start":442,"text":"Ein Angebot ist eine empfangsbedürftige Willenserklärung durch die einem anderen der Vertragsabschluss unter Festlegung der wesentlichen Vertragsbestandteile so angetragen wird, dass das Zustandekommen des Vertrags nur von dessen Zustimmung abhängt"}],"coordinates":[],"confidence":{"state":"pre-added","who":["user:FabianBrese"],"prob":1},"fields":{},"normalizations":{}},{"classId":"e_2","part":"s1v1","offsets":[{"start":1194,"text":"Es liegt ein Angebot von C vor"}],"coordinates":[],"confidence":{"state":"pre-added","who":["user:FabianBrese"],"prob":1},"fields":{},"normalizations":{}},{"classId":"e_4","part":"s1v1","offsets":[{"start":1282,"text":"Die Annahme ist eine in der Regel empfangsbedürftige Willenserklärung durch die dem Angebot uneingeschränkt zugestimmt wird"}],"coordinates":[],"confidence":{"state":"pre-added","who":["user:FabianBrese"],"prob":1},"fields":{},"normalizations":{}},{"classId":"e_4","part":"s1v1","offsets":[{"start":1804,"text":"In Abgrenzung zum Boten, der nur eine Fremde Willenserklärung übermittelt, muss der Stellvertreter Entscheidungsspielraum haben, innerhalb dessen er seine eigene Willenserklärung abgeben kann"}],"coordinates":[],"confidence":{"state":"pre-added","who":["user:FabianBrese"],"prob":1},"fields":{},"normalizations":{}},{"classId":"e_5","part":"s1v1","offsets":[{"start":2068,"text":"B hat zwei Angebote vorliegen, entscheidet sich für das zweite Angebot und gibt somit eine eigene Willenserklärung für das zweite Angebot ab."}],"coordinates":[],"confidence":{"state":"pre-added","who":["user:FabianBrese"],"prob":1},"fields":{},"normalizations":{}},{"classId":"e_7","part":"s1v1","offsets":[{"start":2068,"text":"B hat zwei Angebote vorliegen, entscheidet sich für das zweite Angebot"}],"coordinates":[],"confidence":{"state":"pre-added","who":["user:FabianBrese"],"prob":1},"fields":{},"normalizations":{}},{"classId":"e_6","part":"s1v1","offsets":[{"start":2139,"text":"und gibt somit eine eigene Willenserklärung für das zweite Angebot ab"}],"coordinates":[],"confidence":{"state":"pre-added","who":["user:FabianBrese"],"prob":1},"fields":{},"normalizations":{}},{"classId":"e_1","part":"s1v1","offsets":[{"start":2268,"text":"B muss die Annahme im Namen der A erklärt haben"}],"coordinates":[],"confidence":{"state":"pre-added","who":["user:FabianBrese"],"prob":1},"fields":{},"normalizations":{}},{"classId":"e_1","part":"s1v1","offsets":[{"start":2524,"text":"A hat in ihrem Schreiben dem C bereits angekündigt, dass B sich um die weiteren Verkaufsinhalte kümmern würde und somit die Stellvertretung der B offen dargelegt."}],"coordinates":[],"confidence":{"state":"pre-added","who":["user:FabianBrese"],"prob":1},"fields":{},"normalizations":{}},{"classId":"e_1","part":"s1v1","offsets":[{"start":2690,"text":"B müsste mit einer Vertretungsmacht gehandelt haben"}],"coordinates":[],"confidence":{"state":"pre-added","who":["user:FabianBrese"],"prob":1},"fields":{},"normalizations":{}},{"classId":"e_2","part":"s1v1","offsets":[{"start":2864,"text":"Diese ist gegen durch das Schreiben der A an den C"}],"coordinates":[],"confidence":{"state":"pre-added","who":["user:FabianBrese"],"prob":1},"fields":{},"normalizations":{}},{"classId":"e_2","part":"s1v1","offsets":[{"start":3193,"text":"Es ist ein Kaufvertrag zwischen A, in Vertretung von B und C zustande gekommen"}],"coordinates":[],"confidence":{"state":"pre-added","who":["user:FabianBrese"],"prob":1},"fields":{},"normalizations":{}},{"classId":"e_1","part":"s1v1","offsets":[{"start":3276,"text":"Fraglich ist, ob C nun Anspruch auf Anfechtung besitzt"}],"coordinates":[],"confidence":{"state":"pre-added","who":["user:FabianBrese"],"prob":1},"fields":{},"normalizations":{}},{"classId":"e_4","part":"s1v1","offsets":[{"start":3332,"text":"Eine Anfechtung ist dann wirksam, wenn ein Irrtum über die Sache, den Inhalt oder einer Eigenschaft der Person oder Sache (§119 ff.) vorliegt"}],"coordinates":[],"confidence":{"state":"pre-added","who":["user:FabianBrese"],"prob":1},"fields":{},"normalizations":{}},{"classId":"e_5","part":"s1v1","offsets":[{"start":3475,"text":"Die Playstation ist mit in diesem Vertrag festgehalten und auch über die Sache und Person liegt kein Irrtum vor. Da der Preis keine Eigenschaft der Sache oder der Person ist,sondern als der Marktpreis zählt, gehört dieser nicht zu den Anfechtungsgründen."}],"coordinates":[],"confidence":{"state":"pre-added","who":["user:FabianBrese"],"prob":1},"fields":{},"normalizations":{}},{"classId":"e_7","part":"s1v1","offsets":[{"start":3475,"text":"Die Playstation ist mit in diesem Vertrag festgehalten und auch über die Sache und Person liegt kein Irrtum vor"}],"coordinates":[],"confidence":{"state":"pre-added","who":["user:FabianBrese"],"prob":1},"fields":{},"normalizations":{}},{"classId":"e_6","part":"s1v1","offsets":[{"start":3588,"text":"Da der Preis keine Eigenschaft der Sache oder der Person ist,sondern als der Marktpreis zählt, gehört dieser nicht zu den Anfechtungsgründen"}],"coordinates":[],"confidence":{"state":"pre-added","who":["user:FabianBrese"],"prob":1},"fields":{},"normalizations":{}},{"classId":"e_2","part":"s1v1","offsets":[{"start":3730,"text":"Eine Anfechtung ist ausgeschlossen"}],"coordinates":[],"confidence":{"state":"pre-added","who":["user:FabianBrese"],"prob":1},"fields":{},"normalizations":{}},{"classId":"e_1","part":"s1v1","offsets":[{"start":3769,"text":"Fraglich ist, ob hier ein geheimer Vorbehalt nach §116, ein Scheingeschäft vorliegt gemäß §117 oder eine Willenserklärung durch Mangel der Ernstlichkeit durch §118 vorliegt"}],"coordinates":[],"confidence":{"state":"pre-added","who":["user:FabianBrese"],"prob":1},"fields":{},"normalizations":{}},{"classId":"e_5","part":"s1v1","offsets":[{"start":3946,"text":"B ist in Vertretung von A für dieses Geschäft verantwortlich und wusste von dem Inhalt und der Absicht des C."}],"coordinates":[],"confidence":{"state":"pre-added","who":["user:FabianBrese"],"prob":1},"fields":{},"normalizations":{}},{"classId":"e_7","part":"s1v1","offsets":[{"start":3946,"text":"B ist in Vertretung von A für dieses Geschäft verantwortlich und wusste von dem Inhalt und der Absicht des C"}],"coordinates":[],"confidence":{"state":"pre-added","who":["user:FabianBrese"],"prob":1},"fields":{},"normalizations":{}},{"classId":"e_2","part":"s1v1","offsets":[{"start":4056,"text":"Somit liegt kein Vorbehalt zwischen den Vertragspartnern vor"}],"coordinates":[],"confidence":{"state":"pre-added","who":["user:FabianBrese"],"prob":1},"fields":{},"normalizations":{}},{"classId":"e_4","part":"s1v1","offsets":[{"start":4121,"text":"Ein Geschäft durch Mangel der Ernstlichkeit liegt dann vor, wenn die nicht ernstlich gemeinte Willenserklärung die Erwartung abgibt, dass die andere Partei die fehlende Ernstlichkeit erkennt"}],"coordinates":[],"confidence":{"state":"pre-added","who":["user:FabianBrese"],"prob":1},"fields":{},"normalizations":{}},{"classId":"e_5","part":"s1v1","offsets":[{"start":4313,"text":"Eine fehlende Ernstlichkeit ist hier nicht vorhanden. Dieses Geschäft ist mit Ernsthaftigkeit abgeschlossen worden."}],"coordinates":[],"confidence":{"state":"pre-added","who":["user:FabianBrese"],"prob":1},"fields":{},"normalizations":{}},{"classId":"e_2","part":"s1v1","offsets":[{"start":4450,"text":"keines diese Fälle ist eingetreten und Somit ist das Geschäft weiterhin gültig"}],"coordinates":[],"confidence":{"state":"pre-added","who":["user:FabianBrese"],"prob":1},"fields":{},"normalizations":{}},{"classId":"e_4","part":"s1v1","offsets":[{"start":5441,"text":"Die Pflicht des Käufers ist es, dem Käufer die Sache abzunehmen und den vereinbarten Verkaufspreis zu zahlen"}],"coordinates":[],"confidence":{"state":"pre-added","who":["user:FabianBrese"],"prob":1},"fields":{},"normalizations":{}},{"classId":"e_4","part":"s1v1","offsets":[{"start":5551,"text":"Die Pflicht des Verkäufers ist es, das Eigentum an der Sache zu übergeben und den Gegenstand ohne Sach- und Rechtsmängel"}],"coordinates":[],"confidence":{"state":"pre-added","who":["user:FabianBrese"],"prob":1},"fields":{},"normalizations":{}},{"classId":"e_5","part":"s1v1","offsets":[{"start":5673,"text":"Zusammenfassend kann man sagen, dass A einen Anspruch auf die Güter und die Playstation von C hat, da das Scheingeschäft noch ans Licht gekommen ist und somit ohne Anfechtung oder Einspruch von A zum Bestandteil des vertraglich festgehaltenen Vertrags wurde, den B verhandelt hat."}],"coordinates":[],"confidence":{"state":"pre-added","who":["user:FabianBrese"],"prob":1},"fields":{},"normalizations":{}},{"classId":"e_2","part":"s1v1","offsets":[{"start":5967,"text":"A hat gegen C einen Anspruch auf die Übergabe und Übereignung von 500 Tonnen hochwertigen Stahl aus §433 Abs.1 Satz 1"}],"coordinates":[],"confidence":{"state":"pre-added","who":["user:FabianBrese"],"prob":1},"fields":{},"normalizations":{}}],"relations":[{"classId":"r_3","type":"linked","directed":false,"entities":["s1v1|e_2|2864,2913","s1v1|e_1|2690,2740"],"confidence":{"state":"pre-added","who":["user:FabianBrese"],"prob":1}},{"classId":"r_3","type":"linked","directed":false,"entities":["s1v1|e_2|3193,3270","s1v1|e_1|171,231"],"confidence":{"state":"pre-added","who":["user:FabianBrese"],"prob":1}},{"classId":"r_3","type":"linked","directed":false,"entities":["s1v1|e_2|3730,3763","s1v1|e_1|3276,3329"],"confidence":{"state":"pre-added","who":["user:FabianBrese"],"prob":1}},{"classId":"r_3","type":"linked","directed":false,"entities":["s1v1|e_2|4056,4115","s1v1|e_1|3769,3940"],"confidence":{"state":"pre-added","who":["user:FabianBrese"],"prob":1}},{"classId":"r_3","type":"linked","directed":false,"entities":["s1v1|e_2|5967,6083","s1v1|e_1|11,168"],"confidence":{"state":"pre-added","who":["user:FabianBrese"],"prob":1}},{"classId":"r_8","type":"linked","directed":false,"entities":["s1v1|e_7|2068,2137","s1v1|e_6|2139,2207"],"confidence":{"state":"pre-added","who":["user:FabianBrese"],"prob":1}},{"classId":"r_8","type":"linked","directed":false,"entities":["s1v1|e_7|3475,3585","s1v1|e_6|3588,3727"],"confidence":{"state":"pre-added","who":["user:FabianBrese"],"prob":1}}]}