{"annotatable":{"parts":["s1v1"]},"anncomplete":true,"sources":[],"metas":{},"entities":[{"classId":"e_1","part":"s1v1","offsets":[{"start":25,"text":"K könnte gegen V einen Anspruch auf Übereignung und Übergabe der Maschine zur industriellen Herstellung medizinischer Schutzmasken gem. § 433 Abs. 1 BGB haben"}],"coordinates":[],"confidence":{"state":"pre-added","who":["user:FabianBrese"],"prob":1},"fields":{},"normalizations":{}},{"classId":"e_1","part":"s1v1","offsets":[{"start":202,"text":"Hierfür müsste zwischen K und V ein wirksamer Kaufvertrag zustande gekommen sein"}],"coordinates":[],"confidence":{"state":"pre-added","who":["user:FabianBrese"],"prob":1},"fields":{},"normalizations":{}},{"classId":"e_4","part":"s1v1","offsets":[{"start":284,"text":"Ein Kaufvertrag besteht aus zwei übereinstimmenden Willenserklärungen (WE), Angebot und Annahme (vgl. §§ 145 ff. BGB)"}],"coordinates":[],"confidence":{"state":"pre-added","who":["user:FabianBrese"],"prob":1},"fields":{},"normalizations":{}},{"classId":"e_1","part":"s1v1","offsets":[{"start":415,"text":"Fraglich ist, ob in diesem Falle ein Angebot unterbreitet wurde"}],"coordinates":[],"confidence":{"state":"pre-added","who":["user:FabianBrese"],"prob":1},"fields":{},"normalizations":{}},{"classId":"e_4","part":"s1v1","offsets":[{"start":480,"text":"Ein Angebot ist eine empfangsbedürftige WE, die dem Erklärungsempfänger so angetragen werden muss, dass dieser den Vertrag mit einem bloßen „Ja“ zustande bringen kann"}],"coordinates":[],"confidence":{"state":"pre-added","who":["user:FabianBrese"],"prob":1},"fields":{},"normalizations":{}},{"classId":"e_4","part":"s1v1","offsets":[{"start":648,"text":"Demnach muss das Angebot alle wesentlichen Vertragsbestandteile (sog. Essentialia negotii), namentlich Vertragsgegenstand, Kaufpreis, Vertragspartner, beinhalten"}],"coordinates":[],"confidence":{"state":"pre-added","who":["user:FabianBrese"],"prob":1},"fields":{},"normalizations":{}},{"classId":"e_1","part":"s1v1","offsets":[{"start":811,"text":"Möglicherweise liegt in der E- Mail von A, Arbeitnehmerin von V und für den eigenverantwortlichen Verkauf der Maschine von V angewiesen (Stellvertretung § 164 BGB), ein Angebot vor"}],"coordinates":[],"confidence":{"state":"pre-added","who":["user:FabianBrese"],"prob":1},"fields":{},"normalizations":{}},{"classId":"e_5","part":"s1v1","offsets":[{"start":993,"text":"Die E-Mail enthält alle vertragswesentlichen Bestandteile (Kaufpreis, Kaufgegenstand, Vertragspartner) und erfüllt somit die Anforderungen eines Angebots."}],"coordinates":[],"confidence":{"state":"pre-added","who":["user:FabianBrese"],"prob":1},"fields":{},"normalizations":{}},{"classId":"e_7","part":"s1v1","offsets":[{"start":993,"text":"Die E-Mail enthält alle vertragswesentlichen Bestandteile (Kaufpreis, Kaufgegenstand, Vertragspartner)"}],"coordinates":[],"confidence":{"state":"pre-added","who":["user:FabianBrese"],"prob":1},"fields":{},"normalizations":{}},{"classId":"e_6","part":"s1v1","offsets":[{"start":1096,"text":"und erfüllt somit die Anforderungen eines Angebots"}],"coordinates":[],"confidence":{"state":"pre-added","who":["user:FabianBrese"],"prob":1},"fields":{},"normalizations":{}},{"classId":"e_5","part":"s1v1","offsets":[{"start":1235,"text":"Dies stellt eine Abgabe der WE unter Abwesenden dar."}],"coordinates":[],"confidence":{"state":"pre-added","who":["user:FabianBrese"],"prob":1},"fields":{},"normalizations":{}},{"classId":"e_4","part":"s1v1","offsets":[{"start":1288,"text":"Die Empfangstheorie besagt, dass eine Willenserklärung gem. § 130 Abs. 1 S. 1 BGB dann vorliegt, wenn diese in den Machtbereich des Empfängers eingegangen ist und dieser somit die WE in Kenntnis nehmen kann und damit unter normalen Zuständen zu rechnen ist"}],"coordinates":[],"confidence":{"state":"pre-added","who":["user:FabianBrese"],"prob":1},"fields":{},"normalizations":{}},{"classId":"e_5","part":"s1v1","offsets":[{"start":1547,"text":"Vorliegend ist davon auszugehen, dass die E-Mail in den Machtbereich der K gelangt ist."}],"coordinates":[],"confidence":{"state":"pre-added","who":["user:FabianBrese"],"prob":1},"fields":{},"normalizations":{}},{"classId":"e_6","part":"s1v1","offsets":[{"start":1547,"text":"Vorliegend ist davon auszugehen, dass die E-Mail in den Machtbereich der K gelangt ist"}],"coordinates":[],"confidence":{"state":"pre-added","who":["user:FabianBrese"],"prob":1},"fields":{},"normalizations":{}},{"classId":"e_2","part":"s1v1","offsets":[{"start":1635,"text":"Somit liegt ein Angebot der V durch die E-Mail der A vor"}],"coordinates":[],"confidence":{"state":"pre-added","who":["user:FabianBrese"],"prob":1},"fields":{},"normalizations":{}},{"classId":"e_1","part":"s1v1","offsets":[{"start":1707,"text":"Weiterhin ist zu prüfen, ob eine Annahme seitens K vorliegt"}],"coordinates":[],"confidence":{"state":"pre-added","who":["user:FabianBrese"],"prob":1},"fields":{},"normalizations":{}},{"classId":"e_4","part":"s1v1","offsets":[{"start":1768,"text":"Die Annahme ist eine empfangsbedürftige WE, durch die der Antragsempfänger dem Antragenden sein Einverständnis mit dem angebotenen Vertragsschluss zu verstehen gibt"}],"coordinates":[],"confidence":{"state":"pre-added","who":["user:FabianBrese"],"prob":1},"fields":{},"normalizations":{}},{"classId":"e_5","part":"s1v1","offsets":[{"start":1935,"text":"Laut Sachverhalt hat K die Annahme in Form einer E-Mail am 10.03 erklärt."}],"coordinates":[],"confidence":{"state":"pre-added","who":["user:FabianBrese"],"prob":1},"fields":{},"normalizations":{}},{"classId":"e_7","part":"s1v1","offsets":[{"start":1935,"text":"Laut Sachverhalt hat K die Annahme in Form einer E-Mail am 10.03 erklärt"}],"coordinates":[],"confidence":{"state":"pre-added","who":["user:FabianBrese"],"prob":1},"fields":{},"normalizations":{}},{"classId":"e_2","part":"s1v1","offsets":[{"start":2009,"text":"Somit liegt grundsätzlich eine Annahme vor"}],"coordinates":[],"confidence":{"state":"pre-added","who":["user:FabianBrese"],"prob":1},"fields":{},"normalizations":{}},{"classId":"e_5","part":"s1v1","offsets":[{"start":2145,"text":"Nach der Empfangstheorie (siehe oben), liegt eine Annahme, also eine empfangsbedürftige WE seitens K, vor. Denn, obwohl die E-Mail im Spam-Ordner gelandet ist, muss A damit rechnen, da dies laut Sachverhalt gelegentlich passiert. Der Spam-Ordner gehört wie der normale Posteingang ebenfalls zum Machtbereich des Empfängers."}],"coordinates":[],"confidence":{"state":"pre-added","who":["user:FabianBrese"],"prob":1},"fields":{},"normalizations":{}},{"classId":"e_7","part":"s1v1","offsets":[{"start":2145,"text":"Nach der Empfangstheorie (siehe oben), liegt eine Annahme, also eine empfangsbedürftige WE seitens K, vor"}],"coordinates":[],"confidence":{"state":"pre-added","who":["user:FabianBrese"],"prob":1},"fields":{},"normalizations":{}},{"classId":"e_6","part":"s1v1","offsets":[{"start":2252,"text":"Denn, obwohl die E-Mail im Spam-Ordner gelandet ist, muss A damit rechnen, da dies laut Sachverhalt gelegentlich passiert"}],"coordinates":[],"confidence":{"state":"pre-added","who":["user:FabianBrese"],"prob":1},"fields":{},"normalizations":{}},{"classId":"e_2","part":"s1v1","offsets":[{"start":2469,"text":"Somit ist die Annahme von K zugegangen"}],"coordinates":[],"confidence":{"state":"pre-added","who":["user:FabianBrese"],"prob":1},"fields":{},"normalizations":{}},{"classId":"e_2","part":"s1v1","offsets":[{"start":2510,"text":"Die Voraussetzungen für ein Kaufvertrag sind somit erfüllt und es ist ein wirksamer Kaufvertrag zwischen A und V zustande gekommen"}],"coordinates":[],"confidence":{"state":"pre-added","who":["user:FabianBrese"],"prob":1},"fields":{},"normalizations":{}},{"classId":"e_2","part":"s1v1","offsets":[{"start":2642,"text":"K hat gegen V einen Anspruch auf Übergabe und Übereignung der Maschine gem. § 433 1 BGB"}],"coordinates":[],"confidence":{"state":"pre-added","who":["user:FabianBrese"],"prob":1},"fields":{},"normalizations":{}}],"relations":[{"classId":"r_3","type":"linked","directed":false,"entities":["s1v1|e_2|1635,1690","s1v1|e_1|811,990"],"confidence":{"state":"pre-added","who":["user:FabianBrese"],"prob":1}},{"classId":"r_3","type":"linked","directed":false,"entities":["s1v1|e_2|2510,2639","s1v1|e_1|202,281"],"confidence":{"state":"pre-added","who":["user:FabianBrese"],"prob":1}},{"classId":"r_3","type":"linked","directed":false,"entities":["s1v1|e_2|2642,2728","s1v1|e_1|25,182"],"confidence":{"state":"pre-added","who":["user:FabianBrese"],"prob":1}},{"classId":"r_8","type":"linked","directed":false,"entities":["s1v1|e_7|993,1094","s1v1|e_6|1096,1145"],"confidence":{"state":"pre-added","who":["user:FabianBrese"],"prob":1}},{"classId":"r_8","type":"linked","directed":false,"entities":["s1v1|e_7|2145,2249","s1v1|e_6|2252,2372"],"confidence":{"state":"pre-added","who":["user:FabianBrese"],"prob":1}}]}