{"annotatable":{"parts":["s1v1"]},"anncomplete":false,"sources":[],"metas":{},"entities":[{"classId":"e_1","part":"s1v1","offsets":[{"start":113,"text":"A könnte einen Anspruch auf Übergabe und Übereignung der Maschine gemäß § 433 I BGB haben"}],"coordinates":[],"confidence":{"state":"pre-added","who":["user:FabianBrese"],"prob":1},"fields":{},"normalizations":{}},{"classId":"e_1","part":"s1v1","offsets":[{"start":204,"text":"Hierzu muss ein wirksamer Kaufvertrag zwischen A und C zustande gekommen sein"}],"coordinates":[],"confidence":{"state":"pre-added","who":["user:FabianBrese"],"prob":1},"fields":{},"normalizations":{}},{"classId":"e_4","part":"s1v1","offsets":[{"start":283,"text":"Ein Kaufvertrag kommt durch zwei inhaltlich übereinstimmende, mit Bezug aufeinander abgegebene Willenserklärungen, namentlich Angebot und Annahme, zustande"}],"coordinates":[],"confidence":{"state":"pre-added","who":["user:FabianBrese"],"prob":1},"fields":{},"normalizations":{}},{"classId":"e_1","part":"s1v1","offsets":[{"start":451,"text":"Dafür müsste ein Angebot vorliegen"}],"coordinates":[],"confidence":{"state":"pre-added","who":["user:FabianBrese"],"prob":1},"fields":{},"normalizations":{}},{"classId":"e_4","part":"s1v1","offsets":[{"start":487,"text":"Unter einem Angebot versteht man eine empfangsbedürftige Willenserklärung, d. h. eine private, auf die Herbeiführung eines rechtlichen Erfolgs gerichtete Willensäußerung, durch die einem anderen ein Vertragsschluss in der Weise angetragen wird, dass das Zustandekommen des Vertrags nur noch von dessen vorbehaltlosem Einverständnis abhängt"}],"coordinates":[],"confidence":{"state":"pre-added","who":["user:FabianBrese"],"prob":1},"fields":{},"normalizations":{}},{"classId":"e_4","part":"s1v1","offsets":[{"start":828,"text":"Dem Angetragenen muss es dann nur noch möglich sein durch ein Einfaches „Ja“ das Angebot anzunehmen"}],"coordinates":[],"confidence":{"state":"pre-added","who":["user:FabianBrese"],"prob":1},"fields":{},"normalizations":{}},{"classId":"e_4","part":"s1v1","offsets":[{"start":929,"text":"Beim Angebot zum Abschluss eines Kaufvertrags ist also zumindest erforderlich, dass er den Kaufgegenstand, den Kaufpreis und die Vertragsparteien (essentialia negotii) bezeichnet"}],"coordinates":[],"confidence":{"state":"pre-added","who":["user:FabianBrese"],"prob":1},"fields":{},"normalizations":{}},{"classId":"e_1","part":"s1v1","offsets":[{"start":1109,"text":"C könnte ein solches Angebot abgegeben haben, indem sie der B zwei verschiedene Vorschläge gemacht hat"}],"coordinates":[],"confidence":{"state":"pre-added","who":["user:FabianBrese"],"prob":1},"fields":{},"normalizations":{}},{"classId":"e_5","part":"s1v1","offsets":[{"start":1213,"text":"In diesen beiden Vorschlägen sind alle essentialia negotii enthalten."}],"coordinates":[],"confidence":{"state":"pre-added","who":["user:FabianBrese"],"prob":1},"fields":{},"normalizations":{}},{"classId":"e_6","part":"s1v1","offsets":[{"start":1213,"text":"In diesen beiden Vorschlägen sind alle essentialia negotii enthalten"}],"coordinates":[],"confidence":{"state":"pre-added","who":["user:FabianBrese"],"prob":1},"fields":{},"normalizations":{}},{"classId":"e_2","part":"s1v1","offsets":[{"start":1283,"text":"Folglich handelt es sich hier um ein Angebot der C"}],"coordinates":[],"confidence":{"state":"pre-added","who":["user:FabianBrese"],"prob":1},"fields":{},"normalizations":{}},{"classId":"e_1","part":"s1v1","offsets":[{"start":1347,"text":"Dieses Angebot müsste A nun auch angenommen haben"}],"coordinates":[],"confidence":{"state":"pre-added","who":["user:FabianBrese"],"prob":1},"fields":{},"normalizations":{}},{"classId":"e_4","part":"s1v1","offsets":[{"start":1398,"text":"Die Annahme ist eine empfangsbedürftige Willenserklärung, durch die der Antragsempfänger sein Einverständnis mit dem angebotenen Vertragsschluss zu verstehen gibt"}],"coordinates":[],"confidence":{"state":"pre-added","who":["user:FabianBrese"],"prob":1},"fields":{},"normalizations":{}},{"classId":"e_5","part":"s1v1","offsets":[{"start":1562,"text":"Die A selbst hat kein Angebot angenommen. Dafür könnte aber die B in Frage kommen."}],"coordinates":[],"confidence":{"state":"pre-added","who":["user:FabianBrese"],"prob":1},"fields":{},"normalizations":{}},{"classId":"e_7","part":"s1v1","offsets":[{"start":1562,"text":"Die A selbst hat kein Angebot angenommen"}],"coordinates":[],"confidence":{"state":"pre-added","who":["user:FabianBrese"],"prob":1},"fields":{},"normalizations":{}},{"classId":"e_6","part":"s1v1","offsets":[{"start":1604,"text":"Dafür könnte aber die B in Frage kommen"}],"coordinates":[],"confidence":{"state":"pre-added","who":["user:FabianBrese"],"prob":1},"fields":{},"normalizations":{}},{"classId":"e_1","part":"s1v1","offsets":[{"start":1645,"text":"Die Vertretung der B in Namen der A müsste zulässig sein und eine eigene Willenserklärung abgegeben haben"}],"coordinates":[],"confidence":{"state":"pre-added","who":["user:FabianBrese"],"prob":1},"fields":{},"normalizations":{}},{"classId":"e_2","part":"s1v1","offsets":[{"start":1783,"text":"Die Vertretung ist gemäß §§ 164 ff BGB bei Abschluss eines Kaufvertrags zulässig"}],"coordinates":[],"confidence":{"state":"pre-added","who":["user:FabianBrese"],"prob":1},"fields":{},"normalizations":{}},{"classId":"e_1","part":"s1v1","offsets":[{"start":1926,"text":"B müsste in Vertretung der A eine eigene Willenserklärung abgegeben haben"}],"coordinates":[],"confidence":{"state":"pre-added","who":["user:FabianBrese"],"prob":1},"fields":{},"normalizations":{}},{"classId":"e_5","part":"s1v1","offsets":[{"start":2001,"text":"Im Sachverhalt steht, dass B das Angebot angenommen hat und nicht widerstehen konnte."}],"coordinates":[],"confidence":{"state":"pre-added","who":["user:FabianBrese"],"prob":1},"fields":{},"normalizations":{}},{"classId":"e_2","part":"s1v1","offsets":[{"start":2087,"text":"Mithin hat die B eine eigene Willenserklärung abgegeben"}],"coordinates":[],"confidence":{"state":"pre-added","who":["user:FabianBrese"],"prob":1},"fields":{},"normalizations":{}},{"classId":"e_1","part":"s1v1","offsets":[{"start":2188,"text":"Die B müsste nun auch im Namen der A gehandelt haben"}],"coordinates":[],"confidence":{"state":"pre-added","who":["user:FabianBrese"],"prob":1},"fields":{},"normalizations":{}},{"classId":"e_5","part":"s1v1","offsets":[{"start":2242,"text":"Die A hat der C zu Beginn ein Schreiben übermittelt, dass sie 500 Tonnen Stahl benötige und den Rest ihre Kollegin B verhandle. Dementsprechend muss der C klar gewesen sein, dass B nicht im eigenen Sinne, sondern im Namen der A handelt."}],"coordinates":[],"confidence":{"state":"pre-added","who":["user:FabianBrese"],"prob":1},"fields":{},"normalizations":{}},{"classId":"e_7","part":"s1v1","offsets":[{"start":2242,"text":"Die A hat der C zu Beginn ein Schreiben übermittelt, dass sie 500 Tonnen Stahl benötige und den Rest ihre Kollegin B verhandle"}],"coordinates":[],"confidence":{"state":"pre-added","who":["user:FabianBrese"],"prob":1},"fields":{},"normalizations":{}},{"classId":"e_7","part":"s1v1","offsets":[{"start":2370,"text":"Dementsprechend muss der C klar gewesen sein, dass B nicht im eigenen Sinne"}],"coordinates":[],"confidence":{"state":"pre-added","who":["user:FabianBrese"],"prob":1},"fields":{},"normalizations":{}},{"classId":"e_6","part":"s1v1","offsets":[{"start":2447,"text":"sondern im Namen der A handelt"}],"coordinates":[],"confidence":{"state":"pre-added","who":["user:FabianBrese"],"prob":1},"fields":{},"normalizations":{}},{"classId":"e_1","part":"s1v1","offsets":[{"start":2514,"text":"Des Weiteren muss B mit einer Vertretungsvollmacht gehandelt haben"}],"coordinates":[],"confidence":{"state":"pre-added","who":["user:FabianBrese"],"prob":1},"fields":{},"normalizations":{}},{"classId":"e_5","part":"s1v1","offsets":[{"start":2759,"text":"A hat der C erzählt, dass sie durch die B vertreten wird. Demnach ist zu erwarten, dass B innerhalb der Vertretungsmacht gehandelt hat, zumal ihr offen blieb, welches der beiden Angebote sie annimmt."}],"coordinates":[],"confidence":{"state":"pre-added","who":["user:FabianBrese"],"prob":1},"fields":{},"normalizations":{}},{"classId":"e_7","part":"s1v1","offsets":[{"start":2759,"text":"A hat der C erzählt, dass sie durch die B vertreten wird"}],"coordinates":[],"confidence":{"state":"pre-added","who":["user:FabianBrese"],"prob":1},"fields":{},"normalizations":{}},{"classId":"e_6","part":"s1v1","offsets":[{"start":2817,"text":"Demnach ist zu erwarten, dass B innerhalb der Vertretungsmacht gehandelt hat"}],"coordinates":[],"confidence":{"state":"pre-added","who":["user:FabianBrese"],"prob":1},"fields":{},"normalizations":{}},{"classId":"e_2","part":"s1v1","offsets":[{"start":2959,"text":"Es handelt sich hier um eine Außenvollmacht"}],"coordinates":[],"confidence":{"state":"pre-added","who":["user:FabianBrese"],"prob":1},"fields":{},"normalizations":{}},{"classId":"e_2","part":"s1v1","offsets":[{"start":3004,"text":"Folglich handelt es sich hier um eine rechtskräftige Annahme des Angebots durch B über 500 Tonnen Stahl der höchsten Qualität zum Kaufpreis von 265.000 Euro"}],"coordinates":[],"confidence":{"state":"pre-added","who":["user:FabianBrese"],"prob":1},"fields":{},"normalizations":{}},{"classId":"e_2","part":"s1v1","offsets":[{"start":3184,"text":"Zwischen A und C ist gemäß § 433 I ein wirksamer Kaufvertrag über 500 Tonnen Stahl zustande gekommen"}],"coordinates":[],"confidence":{"state":"pre-added","who":["user:FabianBrese"],"prob":1},"fields":{},"normalizations":{}},{"classId":"e_1","part":"s1v1","offsets":[{"start":3301,"text":"Die auf den Vertragsschluss gerichtete Willenserklärung der C könnte jedoch durch wirksame Anfechtung gem. § 142 I BGB von Anfang an („ex tunc“) nichtig sein, sodass der Kaufvertrag rückwirkend entfiele"}],"coordinates":[],"confidence":{"state":"pre-added","who":["user:FabianBrese"],"prob":1},"fields":{},"normalizations":{}},{"classId":"e_1","part":"s1v1","offsets":[{"start":3529,"text":"Eine Anfechtung der C gegenüber dem Vertragspartner gemäß § 143 I, II BGB könnte in der Verweigerung der Übergabe und Übereignung liegen"}],"coordinates":[],"confidence":{"state":"pre-added","who":["user:FabianBrese"],"prob":1},"fields":{},"normalizations":{}},{"classId":"e_1","part":"s1v1","offsets":[{"start":4085,"text":"Gemäß § 119 I Alt. 2 könnte es sich hier um einen Erklärungsirrtum handeln"}],"coordinates":[],"confidence":{"state":"pre-added","who":["user:FabianBrese"],"prob":1},"fields":{},"normalizations":{}},{"classId":"e_2","part":"s1v1","offsets":[{"start":4934,"text":"Folglich kann C den Kaufvertrag mit A somit nicht wegen eines Erklärungsirrtums gemäß § 119 I Alt. 2 BGB anfechten"}],"coordinates":[],"confidence":{"state":"pre-added","who":["user:FabianBrese"],"prob":1},"fields":{},"normalizations":{}},{"classId":"e_1","part":"s1v1","offsets":[{"start":5051,"text":"C könnte ein Kalkulationsirrtum unterlaufen sein"}],"coordinates":[],"confidence":{"state":"pre-added","who":["user:FabianBrese"],"prob":1},"fields":{},"normalizations":{}},{"classId":"e_5","part":"s1v1","offsets":[{"start":5101,"text":"C hat das Angebot der 500 Tonnen zu einem Preis von 265.000 abgegeben. Während der sich nicht anbahnenden Corona-Pandemie hat sich der Stückpreis aber von 530 auf 600 Euro gesteigert. Des Weitern wollte die A den Stahl für den Bau ein Achterbahn haben und nicht, wie sich dann ergeben hat zum Bau eines Balkon. Da aber das Vorhaben des Stahls der A nicht relevant für den Kaufvertrag ist und die C hat den Preis zu dem Zeitpunkt des Angebots einen Preis festgelegt, zudem die Corona- Pandemie noch nicht vorhersehbar war."}],"coordinates":[],"confidence":{"state":"pre-added","who":["user:FabianBrese"],"prob":1},"fields":{},"normalizations":{}},{"classId":"e_2","part":"s1v1","offsets":[{"start":5623,"text":"Dementsprechend handelt es sich auch hier nicht um einen elementaren Faktor, der beim Vertragsschluss nötig war"}],"coordinates":[],"confidence":{"state":"pre-added","who":["user:FabianBrese"],"prob":1},"fields":{},"normalizations":{}},{"classId":"e_2","part":"s1v1","offsets":[{"start":5737,"text":"Die C hat gemäß § 119 I Alt.2 BGB keinen Anspruch auch Anfechtung des Kaufvertrages"}],"coordinates":[],"confidence":{"state":"pre-added","who":["user:FabianBrese"],"prob":1},"fields":{},"normalizations":{}},{"classId":"e_2","part":"s1v1","offsets":[{"start":5835,"text":"A hat gegen C Anspruch auf Übergabe und Übereignung der 500 Tonnen Stahl nach hoher Qualität zum Kaufpreis von 265.000 Euro gemäß § 433 I BGB"}],"coordinates":[],"confidence":{"state":"pre-added","who":["user:FabianBrese"],"prob":1},"fields":{},"normalizations":{}}],"relations":[{"classId":"r_3","type":"linked","directed":false,"entities":["s1v1|e_1|1109,1210","s1v1|e_2|1283,1332"],"confidence":{"state":"pre-added","who":["user:FabianBrese"],"prob":1}},{"classId":"r_3","type":"linked","directed":false,"entities":["s1v1|e_2|2087,2141","s1v1|e_1|1926,1998"],"confidence":{"state":"pre-added","who":["user:FabianBrese"],"prob":1}},{"classId":"r_3","type":"linked","directed":false,"entities":["s1v1|e_2|2959,3001","s1v1|e_1|2514,2579"],"confidence":{"state":"pre-added","who":["user:FabianBrese"],"prob":1}},{"classId":"r_3","type":"linked","directed":false,"entities":["s1v1|e_2|3184,3283","s1v1|e_1|204,280"],"confidence":{"state":"pre-added","who":["user:FabianBrese"],"prob":1}},{"classId":"r_3","type":"linked","directed":false,"entities":["s1v1|e_2|5623,5733","s1v1|e_1|5051,5098"],"confidence":{"state":"pre-added","who":["user:FabianBrese"],"prob":1}},{"classId":"r_8","type":"linked","directed":false,"entities":["s1v1|e_7|1562,1601","s1v1|e_6|1604,1642"],"confidence":{"state":"pre-added","who":["user:FabianBrese"],"prob":1}},{"classId":"r_8","type":"linked","directed":false,"entities":["s1v1|e_7|2370,2444","s1v1|e_6|2447,2476"],"confidence":{"state":"pre-added","who":["user:FabianBrese"],"prob":1}},{"classId":"r_8","type":"linked","directed":false,"entities":["s1v1|e_7|2759,2814","s1v1|e_6|2817,2892"],"confidence":{"state":"pre-added","who":["user:FabianBrese"],"prob":1}}]}