{"annotatable":{"parts":["s1v1"]},"anncomplete":true,"sources":[],"metas":{},"entities":[{"classId":"e_1","part":"s1v1","offsets":[{"start":28,"text":"K könnte einen Anspruch auf Übergabe und Übereignung der „Maschine zur industriellen Herstellung medizinischer Schutzmasken“ gem. § 433 Abs. 1 BGB gegen V haben"}],"coordinates":[],"confidence":{"state":"pre-added","who":["user:FabianBrese"],"prob":1},"fields":{},"normalizations":{}},{"classId":"e_1","part":"s1v1","offsets":[{"start":214,"text":"Zwischen K und A (welche für V handelt) müsste ein wirksamer Kaufvertrag geschlossen werden"}],"coordinates":[],"confidence":{"state":"pre-added","who":["user:FabianBrese"],"prob":1},"fields":{},"normalizations":{}},{"classId":"e_2","part":"s1v1","offsets":[{"start":307,"text":"Ein Kaufvertrag kommt durch zwei Übereinstimmende Willenserklärungen, Angebot und Annahme, gem. § 145 BGB zustande"}],"coordinates":[],"confidence":{"state":"pre-added","who":["user:FabianBrese"],"prob":1},"fields":{},"normalizations":{}},{"classId":"e_4","part":"s1v1","offsets":[{"start":436,"text":"Ein Angebot ist eine empfangsbedürftige Willenserklärung, durch die einen anderen der Vertragsschluss unter Festlegung der wesentlichen Vertragsbestandteile (Kaufpreis, Kaufsache, Vertragsparteien) so angetragen wird, dass das Zustandekommen des Vertrages nur von dessen Zustimmung abhängt"}],"coordinates":[],"confidence":{"state":"pre-added","who":["user:FabianBrese"],"prob":1},"fields":{},"normalizations":{}},{"classId":"e_5","part":"s1v1","offsets":[{"start":727,"text":"V hat selber kein Angebot gegenüber K abgegeben."}],"coordinates":[],"confidence":{"state":"pre-added","who":["user:FabianBrese"],"prob":1},"fields":{},"normalizations":{}},{"classId":"e_7","part":"s1v1","offsets":[{"start":727,"text":"V hat selber kein Angebot gegenüber K abgegeben"}],"coordinates":[],"confidence":{"state":"pre-added","who":["user:FabianBrese"],"prob":1},"fields":{},"normalizations":{}},{"classId":"e_5","part":"s1v1","offsets":[{"start":777,"text":"Allerdings hat A dies für V erledigt und ein Angebot per E-Mail in Höhe von 1.000.000€ befristet bis zum 10.03 an K geschickt."}],"coordinates":[],"confidence":{"state":"pre-added","who":["user:FabianBrese"],"prob":1},"fields":{},"normalizations":{}},{"classId":"e_6","part":"s1v1","offsets":[{"start":777,"text":"Allerdings hat A dies für V erledigt"}],"coordinates":[],"confidence":{"state":"pre-added","who":["user:FabianBrese"],"prob":1},"fields":{},"normalizations":{}},{"classId":"e_7","part":"s1v1","offsets":[{"start":814,"text":"und ein Angebot per E-Mail in Höhe von 1.000.000€ befristet bis zum 10.03 an K geschick"}],"coordinates":[],"confidence":{"state":"pre-added","who":["user:FabianBrese"],"prob":1},"fields":{},"normalizations":{}},{"classId":"e_2","part":"s1v1","offsets":[{"start":1049,"text":"Die Vollmacht beim Kauf oder Verkauf einer Sache (Kaufvertrag) ist laut § 167 ff. BGB zulässig"}],"coordinates":[],"confidence":{"state":"pre-added","who":["user:FabianBrese"],"prob":1},"fields":{},"normalizations":{}},{"classId":"e_5","part":"s1v1","offsets":[{"start":1359,"text":"A verhandelt eigenständig und gibt ein Angebot der K ab."}],"coordinates":[],"confidence":{"state":"pre-added","who":["user:FabianBrese"],"prob":1},"fields":{},"normalizations":{}},{"classId":"e_7","part":"s1v1","offsets":[{"start":1359,"text":"A verhandelt eigenständig und gibt ein Angebot der K ab"}],"coordinates":[],"confidence":{"state":"pre-added","who":["user:FabianBrese"],"prob":1},"fields":{},"normalizations":{}},{"classId":"e_1","part":"s1v1","offsets":[{"start":1417,"text":"Somit hat A eine eigene Willenserklärung abgegeben"}],"coordinates":[],"confidence":{"state":"pre-added","who":["user:FabianBrese"],"prob":1},"fields":{},"normalizations":{}},{"classId":"e_1","part":"s1v1","offsets":[{"start":1490,"text":"A müsste ein Angebot im Namen der V abgegeben haben"}],"coordinates":[],"confidence":{"state":"pre-added","who":["user:FabianBrese"],"prob":1},"fields":{},"normalizations":{}},{"classId":"e_4","part":"s1v1","offsets":[{"start":1544,"text":"Das Recht der Stellvertretung beruht auf dem Offenkundigkeitsprinzip"}],"coordinates":[],"confidence":{"state":"pre-added","who":["user:FabianBrese"],"prob":1},"fields":{},"normalizations":{}},{"classId":"e_4","part":"s1v1","offsets":[{"start":1614,"text":"Der Vertreter muss offenlegen, dass die Folgen seines Handelns nicht ihn, sondern einen anderen betreffen"}],"coordinates":[],"confidence":{"state":"pre-added","who":["user:FabianBrese"],"prob":1},"fields":{},"normalizations":{}},{"classId":"e_5","part":"s1v1","offsets":[{"start":1722,"text":"Aus Sicht der K war zu erkennen, dass nicht A die Maschine verkaufen wollte, sondern ihre Arbeitgeberin V"}],"coordinates":[],"confidence":{"state":"pre-added","who":["user:FabianBrese"],"prob":1},"fields":{},"normalizations":{}},{"classId":"e_7","part":"s1v1","offsets":[{"start":1723,"text":"us Sicht der K war zu erkennen, dass nicht A die Maschine verkaufen wollte"}],"coordinates":[],"confidence":{"state":"pre-added","who":["user:FabianBrese"],"prob":1},"fields":{},"normalizations":{}},{"classId":"e_6","part":"s1v1","offsets":[{"start":1799,"text":"sondern ihre Arbeitgeberin V"}],"coordinates":[],"confidence":{"state":"pre-added","who":["user:FabianBrese"],"prob":1},"fields":{},"normalizations":{}},{"classId":"e_2","part":"s1v1","offsets":[{"start":1828,"text":"Folglich hat A das Angebot für V abgegeben"}],"coordinates":[],"confidence":{"state":"pre-added","who":["user:FabianBrese"],"prob":1},"fields":{},"normalizations":{}},{"classId":"e_1","part":"s1v1","offsets":[{"start":1895,"text":"A müsste zudem mit Vertretungsmacht handeln"}],"coordinates":[],"confidence":{"state":"pre-added","who":["user:FabianBrese"],"prob":1},"fields":{},"normalizations":{}},{"classId":"e_5","part":"s1v1","offsets":[{"start":2097,"text":"V hatte die A gebeten, die Maschine eigenverantwortlich zu verkaufen bzw. ein Angebot für diese abzugeben."}],"coordinates":[],"confidence":{"state":"pre-added","who":["user:FabianBrese"],"prob":1},"fields":{},"normalizations":{}},{"classId":"e_7","part":"s1v1","offsets":[{"start":2097,"text":"V hatte die A gebeten, die Maschine eigenverantwortlich zu verkaufen bzw. ein Angebot für diese abzugeben"}],"coordinates":[],"confidence":{"state":"pre-added","who":["user:FabianBrese"],"prob":1},"fields":{},"normalizations":{}},{"classId":"e_2","part":"s1v1","offsets":[{"start":2204,"text":"A hat somit Vertretungsvollmacht für den Verkauf der Maschine an K"}],"coordinates":[],"confidence":{"state":"pre-added","who":["user:FabianBrese"],"prob":1},"fields":{},"normalizations":{}},{"classId":"e_2","part":"s1v1","offsets":[{"start":2294,"text":"A hat K ein Angebot per E-Mail über den Verkauf einer Maschine zum Preis von 1.000.000€ gemacht, das gem. §167 Abs.1 BGB Wirkung für die wirksam vertretene V entfaltet"}],"coordinates":[],"confidence":{"state":"pre-added","who":["user:FabianBrese"],"prob":1},"fields":{},"normalizations":{}},{"classId":"e_4","part":"s1v1","offsets":[{"start":2476,"text":"Eine Annahme ist die in Bezug auf ein Angebot abgegebene, empfangsbedürftige Willenserklärung, durch die ein Kaufvertrag zustande kommt"}],"coordinates":[],"confidence":{"state":"pre-added","who":["user:FabianBrese"],"prob":1},"fields":{},"normalizations":{}},{"classId":"e_4","part":"s1v1","offsets":[{"start":2613,"text":"Der Zugang liegt vor, sobald die Erklärung in der Verfügungsgewalt des Empfängers gelangt ist"}],"coordinates":[],"confidence":{"state":"pre-added","who":["user:FabianBrese"],"prob":1},"fields":{},"normalizations":{}},{"classId":"e_5","part":"s1v1","offsets":[{"start":2708,"text":"K will das Angebot annehmen und schickt am 10.03 die Annahmeerklärung fristgerecht an A zurück. Auch wenn A die E-Mail nicht sieht, da diese im Spam-Ordner gelandet ist, gilt diese als zugegangen, da sie in der Verfügungsgewalt der A ist."}],"coordinates":[],"confidence":{"state":"pre-added","who":["user:FabianBrese"],"prob":1},"fields":{},"normalizations":{}},{"classId":"e_7","part":"s1v1","offsets":[{"start":2708,"text":"K will das Angebot annehmen und schickt am 10.03 die Annahmeerklärung fristgerecht an A zurück"}],"coordinates":[],"confidence":{"state":"pre-added","who":["user:FabianBrese"],"prob":1},"fields":{},"normalizations":{}},{"classId":"e_6","part":"s1v1","offsets":[{"start":2804,"text":"Auch wenn A die E-Mail nicht sieht, da diese im Spam-Ordner gelandet ist, gilt diese als zugegangen, da sie in der Verfügungsgewalt der A ist"}],"coordinates":[],"confidence":{"state":"pre-added","who":["user:FabianBrese"],"prob":1},"fields":{},"normalizations":{}},{"classId":"e_2","part":"s1v1","offsets":[{"start":2968,"text":"Es liegt ein Kaufvertrag gem. § 433 Abs. 1 BGB vor"}],"coordinates":[],"confidence":{"state":"pre-added","who":["user:FabianBrese"],"prob":1},"fields":{},"normalizations":{}},{"classId":"e_2","part":"s1v1","offsets":[{"start":3020,"text":"Somit ist V verpflichtet die Maschine K zu übergeben, im Gegenzug erhält V den vereinbarten Kaufpreis"}],"coordinates":[],"confidence":{"state":"pre-added","who":["user:FabianBrese"],"prob":1},"fields":{},"normalizations":{}},{"classId":"e_1","part":"s1v1","offsets":[{"start":3139,"text":"Der Kaufvertrat könnte infolge von einer Anfechtung durch V gem. § 142 Abs. 1 BGB als von Anfang an unwirksam gelten"}],"coordinates":[],"confidence":{"state":"pre-added","who":["user:FabianBrese"],"prob":1},"fields":{},"normalizations":{}},{"classId":"e_5","part":"s1v1","offsets":[{"start":3394,"text":"V verweigert die Herausgabe der Maschine gegenüber K und macht dabei deutlich, dass es sich um ein Irrtum der A über den Wert der Maschine handelt und V somit nicht an den in ihrem Namen laufenden Kaufvertrag festhalten will."}],"coordinates":[],"confidence":{"state":"pre-added","who":["user:FabianBrese"],"prob":1},"fields":{},"normalizations":{}},{"classId":"e_7","part":"s1v1","offsets":[{"start":3394,"text":"V verweigert die Herausgabe der Maschine gegenüber K und macht dabei deutlich, dass es sich um ein Irrtum der A über den Wert der Maschine handelt"}],"coordinates":[],"confidence":{"state":"pre-added","who":["user:FabianBrese"],"prob":1},"fields":{},"normalizations":{}},{"classId":"e_6","part":"s1v1","offsets":[{"start":3541,"text":"und V somit nicht an den in ihrem Namen laufenden Kaufvertrag festhalten will"}],"coordinates":[],"confidence":{"state":"pre-added","who":["user:FabianBrese"],"prob":1},"fields":{},"normalizations":{}},{"classId":"e_1","part":"s1v1","offsets":[{"start":3745,"text":"A könnte ein Irrtum über eine verkehrswesentlich Eigenschaft der Maschine unterlaufen sein, der die von ihr nach § 163 Abs.1 BGB vertretende V gem. § 11ß Abs. 2 BGB zur Anfechtung berechtigt"}],"coordinates":[],"confidence":{"state":"pre-added","who":["user:FabianBrese"],"prob":1},"fields":{},"normalizations":{}},{"classId":"e_2","part":"s1v1","offsets":[{"start":3938,"text":"Der Kaufpreis der Maschine gehört nicht zu den verkehrswesentlichen Eigenschaften dieser (§119 Abs. 1 BGB)"}],"coordinates":[],"confidence":{"state":"pre-added","who":["user:FabianBrese"],"prob":1},"fields":{},"normalizations":{}},{"classId":"e_5","part":"s1v1","offsets":[{"start":4183,"text":"Dies hätte V vorher sich überlegen müssen."}],"coordinates":[],"confidence":{"state":"pre-added","who":["user:FabianBrese"],"prob":1},"fields":{},"normalizations":{}},{"classId":"e_2","part":"s1v1","offsets":[{"start":4248,"text":"V hat den Kaufvertrag nicht wirksam angefochten"}],"coordinates":[],"confidence":{"state":"pre-added","who":["user:FabianBrese"],"prob":1},"fields":{},"normalizations":{}},{"classId":"e_2","part":"s1v1","offsets":[{"start":4310,"text":"K hat gegenüber V einen Anspruch auf Übergabe und Übernahme der Maschine aus § 433 Abs. S. 1 BGB"}],"coordinates":[],"confidence":{"state":"pre-added","who":["user:FabianBrese"],"prob":1},"fields":{},"normalizations":{}}],"relations":[{"classId":"r_3","type":"linked","directed":false,"entities":["s1v1|e_2|1828,1869","s1v1|e_1|1490,1540"],"confidence":{"state":"pre-added","who":["user:FabianBrese"],"prob":1}},{"classId":"r_3","type":"linked","directed":false,"entities":["s1v1|e_2|2204,2269","s1v1|e_1|1895,1937"],"confidence":{"state":"pre-added","who":["user:FabianBrese"],"prob":1}},{"classId":"r_3","type":"linked","directed":false,"entities":["s1v1|e_2|2968,3017","s1v1|e_1|214,304"],"confidence":{"state":"pre-added","who":["user:FabianBrese"],"prob":1}},{"classId":"r_3","type":"linked","directed":false,"entities":["s1v1|e_2|3938,4043","s1v1|e_1|3745,3934"],"confidence":{"state":"pre-added","who":["user:FabianBrese"],"prob":1}},{"classId":"r_3","type":"linked","directed":false,"entities":["s1v1|e_2|4248,4294","s1v1|e_1|3139,3254"],"confidence":{"state":"pre-added","who":["user:FabianBrese"],"prob":1}},{"classId":"r_8","type":"linked","directed":false,"entities":["s1v1|e_7|814,900","s1v1|e_6|777,812"],"confidence":{"state":"pre-added","who":["user:FabianBrese"],"prob":1}},{"classId":"r_8","type":"linked","directed":false,"entities":["s1v1|e_7|2708,2801","s1v1|e_6|2804,2944"],"confidence":{"state":"pre-added","who":["user:FabianBrese"],"prob":1}},{"classId":"r_8","type":"linked","directed":false,"entities":["s1v1|e_7|3394,3539","s1v1|e_6|3541,3617"],"confidence":{"state":"pre-added","who":["user:FabianBrese"],"prob":1}}]}