{"annotatable":{"parts":["s1v1"]},"anncomplete":true,"sources":[],"metas":{},"entities":[{"classId":"e_1","part":"s1v1","offsets":[{"start":26,"text":"H könnte einen Anspruch darauf haben, dass R den Preis von 125€ für den Luftreiniger laut § 433 Abs. 2 BGB zahlen muss"}],"coordinates":[],"confidence":{"state":"pre-added","who":["user:Frederike"],"prob":1},"fields":{},"normalizations":{}},{"classId":"e_1","part":"s1v1","offsets":[{"start":169,"text":"Dazu müsste es zwischen R und H einen abgeschlossenen Kaufvertrag gegeben haben"}],"coordinates":[],"confidence":{"state":"pre-added","who":["user:Frederike"],"prob":1},"fields":{},"normalizations":{}},{"classId":"e_4","part":"s1v1","offsets":[{"start":264,"text":"Ein Kaufvertrag kommt laut §145 ff. BGB durch zwei übereinstimmende Willenserklärungen\n\n(Angebot und Annahme) zustande"}],"coordinates":[],"confidence":{"state":"pre-added","who":["user:Frederike"],"prob":1},"fields":{},"normalizations":{}},{"classId":"e_5","part":"s1v1","offsets":[{"start":398,"text":"R bestellte bei H einen Z-1000 zu den üblichen Konditionen. H kaufte daraufhin einen Luftreiniger beim Großhändler mit der Bezeichnung Z-1000. Somit liegen hier Angebot und Annahme vor."}],"coordinates":[],"confidence":{"state":"pre-added","who":["user:Frederike"],"prob":1},"fields":{},"normalizations":{}},{"classId":"e_7","part":"s1v1","offsets":[{"start":398,"text":"R bestellte bei H einen Z-1000 zu den üblichen Konditionen"}],"coordinates":[],"confidence":{"state":"pre-added","who":["user:Frederike"],"prob":1},"fields":{},"normalizations":{}},{"classId":"e_7","part":"s1v1","offsets":[{"start":458,"text":"H kaufte daraufhin einen Luftreiniger beim Großhändler mit der Bezeichnung Z-1000"}],"coordinates":[],"confidence":{"state":"pre-added","who":["user:Frederike"],"prob":1},"fields":{},"normalizations":{}},{"classId":"e_6","part":"s1v1","offsets":[{"start":541,"text":"Somit liegen hier Angebot und Annahme vor"}],"coordinates":[],"confidence":{"state":"pre-added","who":["user:Frederike"],"prob":1},"fields":{},"normalizations":{}},{"classId":"e_2","part":"s1v1","offsets":[{"start":596,"text":"Da Angebot und Annahme vorliegen ist ein Kaufvertrag zustande gekommen"}],"coordinates":[],"confidence":{"state":"pre-added","who":["user:Frederike"],"prob":1},"fields":{},"normalizations":{}},{"classId":"e_2","part":"s1v1","offsets":[{"start":668,"text":"Somit hat H einen Anspruch auf die Erstattung des Kaufpreises in Höhe von 125€ laut §433 Abs. 2 BGB"}],"coordinates":[],"confidence":{"state":"pre-added","who":["user:Frederike"],"prob":1},"fields":{},"normalizations":{}},{"classId":"e_4","part":"s1v1","offsets":[{"start":928,"text":"Es gilt den wirklichen Willen des Vorgehens zu untersuchen und nicht an dem buchstäblichen Sinne des Ausdrucks festzuhalten"}],"coordinates":[],"confidence":{"state":"pre-added","who":["user:Frederike"],"prob":1},"fields":{},"normalizations":{}},{"classId":"e_5","part":"s1v1","offsets":[{"start":1067,"text":"R hat versehentlich ein falsches Angebot an einen anderen Anbieter getätigt, woraus sich ergibt, dass gem. §133 BGB keine wirkliche Willenserklärung vorliegt."}],"coordinates":[],"confidence":{"state":"pre-added","who":["user:Frederike"],"prob":1},"fields":{},"normalizations":{}},{"classId":"e_7","part":"s1v1","offsets":[{"start":1067,"text":"R hat versehentlich ein falsches Angebot an einen anderen Anbieter getätigt"}],"coordinates":[],"confidence":{"state":"pre-added","who":["user:Frederike"],"prob":1},"fields":{},"normalizations":{}},{"classId":"e_6","part":"s1v1","offsets":[{"start":1144,"text":"woraus sich ergibt, dass gem. §133 BGB keine wirkliche Willenserklärung vorliegt"}],"coordinates":[],"confidence":{"state":"pre-added","who":["user:Frederike"],"prob":1},"fields":{},"normalizations":{}},{"classId":"e_2","part":"s1v1","offsets":[{"start":1237,"text":"Es liegt keine wirkliche Willenserklärung gemäß §133 BGB vor"}],"coordinates":[],"confidence":{"state":"pre-added","who":["user:Frederike"],"prob":1},"fields":{},"normalizations":{}},{"classId":"e_4","part":"s1v1","offsets":[{"start":1425,"text":"„Anfechtbarkeit wegen Irrtums“ gem. §119 Abs. 1 BGB, bewirkt, dass unter gegebenen Umständen ein mit Mängeln aufgesetzter Kaufvertrag für nichtig erklärt werden kann, insofern eine irrtümliche Willenserklärung abgegeben wurde"}],"coordinates":[],"confidence":{"state":"pre-added","who":["user:Frederike"],"prob":1},"fields":{},"normalizations":{}},{"classId":"e_5","part":"s1v1","offsets":[{"start":1666,"text":"Es handelt sich um eine ungewollte Angebotsabgabe von R, was darauf schließen lässt, dass es sich um einen Irrtum handelt."}],"coordinates":[],"confidence":{"state":"pre-added","who":["user:Frederike"],"prob":1},"fields":{},"normalizations":{}},{"classId":"e_7","part":"s1v1","offsets":[{"start":1666,"text":"Es handelt sich um eine ungewollte Angebotsabgabe von R"}],"coordinates":[],"confidence":{"state":"pre-added","who":["user:Frederike"],"prob":1},"fields":{},"normalizations":{}},{"classId":"e_6","part":"s1v1","offsets":[{"start":1723,"text":"was darauf schließen lässt, dass es sich um einen Irrtum handelt"}],"coordinates":[],"confidence":{"state":"pre-added","who":["user:Frederike"],"prob":1},"fields":{},"normalizations":{}},{"classId":"e_2","part":"s1v1","offsets":[{"start":1801,"text":"Aufgrund des Irrtums kann der Kaufvertrag gem. §119 Abs. 1 BGB angefochten werden"}],"coordinates":[],"confidence":{"state":"pre-added","who":["user:Frederike"],"prob":1},"fields":{},"normalizations":{}},{"classId":"e_2","part":"s1v1","offsets":[{"start":1899,"text":"H hat einen Anspruch auf die Rückzahlung in Höhe von 125€ von R"}],"coordinates":[],"confidence":{"state":"pre-added","who":["user:Frederike"],"prob":1},"fields":{},"normalizations":{}},{"classId":"e_2","part":"s1v1","offsets":[{"start":1964,"text":"Allerdings kann R den Kaufvertrag gem. §119 Abs. 1 anfechten, da keine „wirkliche Willenserklärung“ gem. §133 BGB vorliegt"}],"coordinates":[],"confidence":{"state":"pre-added","who":["user:Frederike"],"prob":1},"fields":{},"normalizations":{}}],"relations":[{"classId":"r_3","type":"linked","directed":false,"entities":["s1v1|e_2|596,665","s1v1|e_1|169,247"],"confidence":{"state":"pre-added","who":["user:Frederike"],"prob":1}},{"classId":"r_3","type":"linked","directed":false,"entities":["s1v1|e_2|1899,1961","s1v1|e_1|26,143"],"confidence":{"state":"pre-added","who":["user:Frederike"],"prob":1}},{"classId":"r_8","type":"linked","directed":false,"entities":["s1v1|e_7|1067,1141","s1v1|e_6|1144,1223"],"confidence":{"state":"pre-added","who":["user:Frederike"],"prob":1}},{"classId":"r_8","type":"linked","directed":false,"entities":["s1v1|e_7|1666,1720","s1v1|e_6|1723,1786"],"confidence":{"state":"pre-added","who":["user:Frederike"],"prob":1}}]}