{"annotatable":{"parts":["s1v1"]},"anncomplete":true,"sources":[],"metas":{},"entities":[{"classId":"e_1","part":"s1v1","offsets":[{"start":12,"text":"H könnte einen Anspruch auf Zahlung in Höhe von 125 Euro von R haben"}],"coordinates":[],"confidence":{"state":"pre-added","who":["user:FabianBrese"],"prob":1},"fields":{},"normalizations":{}},{"classId":"e_1","part":"s1v1","offsets":[{"start":125,"text":"Dafür müsste ein Kaufvertrag zwischen A und V geschlossen worden sein"}],"coordinates":[],"confidence":{"state":"pre-added","who":["user:FabianBrese"],"prob":1},"fields":{},"normalizations":{}},{"classId":"e_4","part":"s1v1","offsets":[{"start":197,"text":"Ein Vertrag kommt zustande durch zwei in Bezug aufeinander abgegebene, inhaltliche übereinstimmende Willenserklärungen (Angebot und Annahme)"}],"coordinates":[],"confidence":{"state":"pre-added","who":["user:FabianBrese"],"prob":1},"fields":{},"normalizations":{}},{"classId":"e_1","part":"s1v1","offsets":[{"start":351,"text":"Fraglich ist, ob ein Angebot durch R vorliegt"}],"coordinates":[],"confidence":{"state":"pre-added","who":["user:FabianBrese"],"prob":1},"fields":{},"normalizations":{}},{"classId":"e_4","part":"s1v1","offsets":[{"start":399,"text":"Ein Angebot ist eine empfangsbedürftige Willenserklärung durch die einem anderen der Vertragsschluss unter Festlegung der wesentlichen Vertragsbestandteile (Kaufpreis, Kaufsache, Vertragsparteien) so angetragen wird, dass das Zustandekommen des Vertrages nur von dessen Zustimmung abhängt"}],"coordinates":[],"confidence":{"state":"pre-added","who":["user:FabianBrese"],"prob":1},"fields":{},"normalizations":{}},{"classId":"e_5","part":"s1v1","offsets":[{"start":689,"text":"R erklärt in seiner Mail, dass er einen Leitz Z-1000 zu den üblichen Konditionen von H kaufen möchte. Dadurch sind sowohl die Vertragsparteien (R und H), sowie der Kaufgegenstand (Leitz Z-1000) als auch der Kaufpreis (übliche Konditionen) von R erklärt worden und damit alle wesentlichen Vertragsbestandteile benannt."}],"coordinates":[],"confidence":{"state":"pre-added","who":["user:FabianBrese"],"prob":1},"fields":{},"normalizations":{}},{"classId":"e_7","part":"s1v1","offsets":[{"start":689,"text":"R erklärt in seiner Mail, dass er einen Leitz Z-1000 zu den üblichen Konditionen von H kaufen möchte"}],"coordinates":[],"confidence":{"state":"pre-added","who":["user:FabianBrese"],"prob":1},"fields":{},"normalizations":{}},{"classId":"e_6","part":"s1v1","offsets":[{"start":791,"text":"Dadurch sind sowohl die Vertragsparteien (R und H), sowie der Kaufgegenstand (Leitz Z-1000) als auch der Kaufpreis (übliche Konditionen) von R erklärt worden und damit alle wesentlichen Vertragsbestandteile benannt"}],"coordinates":[],"confidence":{"state":"pre-added","who":["user:FabianBrese"],"prob":1},"fields":{},"normalizations":{}},{"classId":"e_2","part":"s1v1","offsets":[{"start":1008,"text":"Somit liegt ein Angebot vor"}],"coordinates":[],"confidence":{"state":"pre-added","who":["user:FabianBrese"],"prob":1},"fields":{},"normalizations":{}},{"classId":"e_1","part":"s1v1","offsets":[{"start":1051,"text":"Fraglich ist, ob H das Angebot angenommen hat"}],"coordinates":[],"confidence":{"state":"pre-added","who":["user:FabianBrese"],"prob":1},"fields":{},"normalizations":{}},{"classId":"e_4","part":"s1v1","offsets":[{"start":1099,"text":"Eine Annahme ist die in Bezug auf ein Angebot abgegebene, empfangsbedürftige Willenserklärung, durch die ein Kaufvertrag zustande kommt"}],"coordinates":[],"confidence":{"state":"pre-added","who":["user:FabianBrese"],"prob":1},"fields":{},"normalizations":{}},{"classId":"e_5","part":"s1v1","offsets":[{"start":1237,"text":"H hat in Bezug auf das Angebot reagiert, indem er den Luftreiniger besorgt. Aber die Willenserklärung der Annahme des Angebots wurde nicht empfangen, da H keine Bestätigung an R schickte bzw. allgemein R nicht informiert wird über die Annahme des Angebots."}],"coordinates":[],"confidence":{"state":"pre-added","who":["user:FabianBrese"],"prob":1},"fields":{},"normalizations":{}},{"classId":"e_7","part":"s1v1","offsets":[{"start":1237,"text":"H hat in Bezug auf das Angebot reagiert, indem er den Luftreiniger besorgt"}],"coordinates":[],"confidence":{"state":"pre-added","who":["user:FabianBrese"],"prob":1},"fields":{},"normalizations":{}},{"classId":"e_6","part":"s1v1","offsets":[{"start":1313,"text":"Aber die Willenserklärung der Annahme des Angebots wurde nicht empfangen"}],"coordinates":[],"confidence":{"state":"pre-added","who":["user:FabianBrese"],"prob":1},"fields":{},"normalizations":{}},{"classId":"e_7","part":"s1v1","offsets":[{"start":1387,"text":"da H keine Bestätigung an R schickte bzw. allgemein R nicht informiert wird über die Annahme des Angebots"}],"coordinates":[],"confidence":{"state":"pre-added","who":["user:FabianBrese"],"prob":1},"fields":{},"normalizations":{}},{"classId":"e_2","part":"s1v1","offsets":[{"start":1495,"text":"Somit liegt keine Annahme vor"}],"coordinates":[],"confidence":{"state":"pre-added","who":["user:FabianBrese"],"prob":1},"fields":{},"normalizations":{}},{"classId":"e_2","part":"s1v1","offsets":[{"start":1529,"text":"Es liegt kein Kaufvertrag vor"}],"coordinates":[],"confidence":{"state":"pre-added","who":["user:FabianBrese"],"prob":1},"fields":{},"normalizations":{}},{"classId":"e_2","part":"s1v1","offsets":[{"start":1561,"text":"H hat keinen Anspruch auf Zahlung von R gemäß §433 Abs. 2"}],"coordinates":[],"confidence":{"state":"pre-added","who":["user:FabianBrese"],"prob":1},"fields":{},"normalizations":{}}],"relations":[{"classId":"r_3","type":"linked","directed":false,"entities":["s1v1|e_2|1008,1034","s1v1|e_1|351,395"],"confidence":{"state":"pre-added","who":["user:FabianBrese"],"prob":1}},{"classId":"r_3","type":"linked","directed":false,"entities":["s1v1|e_2|1495,1523","s1v1|e_1|1051,1095"],"confidence":{"state":"pre-added","who":["user:FabianBrese"],"prob":1}},{"classId":"r_3","type":"linked","directed":false,"entities":["s1v1|e_2|1529,1557","s1v1|e_1|125,193"],"confidence":{"state":"pre-added","who":["user:FabianBrese"],"prob":1}},{"classId":"r_3","type":"linked","directed":false,"entities":["s1v1|e_2|1561,1617","s1v1|e_1|12,79"],"confidence":{"state":"pre-added","who":["user:FabianBrese"],"prob":1}},{"classId":"r_8","type":"linked","directed":false,"entities":["s1v1|e_7|689,788","s1v1|e_6|791,1004"],"confidence":{"state":"pre-added","who":["user:FabianBrese"],"prob":1}},{"classId":"r_8","type":"linked","directed":false,"entities":["s1v1|e_7|1387,1491","s1v1|e_6|1313,1384"],"confidence":{"state":"pre-added","who":["user:FabianBrese"],"prob":1}}]}