{"annotatable":{"parts":["s1v1"]},"anncomplete":true,"sources":[],"metas":{},"entities":[{"classId":"e_1","part":"s1v1","offsets":[{"start":26,"text":"H könnte einen Anspruch gegen R auf die Zahlung des Kaufpreises gem. § 433 BGB haben"}],"coordinates":[],"confidence":{"state":"pre-added","who":["user:Frederike"],"prob":1},"fields":{},"normalizations":{}},{"classId":"e_4","part":"s1v1","offsets":[{"start":230,"text":"Ein wirksamer Kaufvertrag setzt zwei übereinstimmende, mit Bezug aufeinander abgegeben Willenserklärungen, Angebot und Nachfrage gem. § 145 BGB voraus"}],"coordinates":[],"confidence":{"state":"pre-added","who":["user:Frederike"],"prob":1},"fields":{},"normalizations":{}},{"classId":"e_4","part":"s1v1","offsets":[{"start":417,"text":"Ein Angebot ist eine empfangsbedürftige Willenserklärung durch die einen anderen der Vertragsschluss unter Festlegung der wesentlichen Vertragsbestandteile (Kaufpreis, Kaufsache, Vertragsparteien) so angetragen wird, dass das Zustandekommen des Vertrages NUR VON DESSEN Zustimmung abhängt"}],"coordinates":[],"confidence":{"state":"pre-added","who":["user:Frederike"],"prob":1},"fields":{},"normalizations":{}},{"classId":"e_5","part":"s1v1","offsets":[{"start":708,"text":"R hat den H damit beauftragt den Luftreiniger zu kaufen, indem R diesen per E-Mail nachgefragt hat und ihm dann das Geld geben würde."}],"coordinates":[],"confidence":{"state":"pre-added","who":["user:Frederike"],"prob":1},"fields":{},"normalizations":{}},{"classId":"e_7","part":"s1v1","offsets":[{"start":708,"text":"R hat den H damit beauftragt den Luftreiniger zu kaufen, indem R diesen per E-Mail nachgefragt hat und ihm dann das Geld geben würde"}],"coordinates":[],"confidence":{"state":"pre-added","who":["user:Frederike"],"prob":1},"fields":{},"normalizations":{}},{"classId":"e_4","part":"s1v1","offsets":[{"start":860,"text":"Eine Annahme ist die in Bezug auf ein Angebot abgegebene, empfangsbedürftige Willenserklärung, durch die ein Kaufvertrag zustande kommt"}],"coordinates":[],"confidence":{"state":"pre-added","who":["user:Frederike"],"prob":1},"fields":{},"normalizations":{}},{"classId":"e_5","part":"s1v1","offsets":[{"start":998,"text":"H hat das Angebot angenommen, jedoch hat er dies nicht der R mitgeteilt, sondern hat den Luftreiniger einfach gekauft."}],"coordinates":[],"confidence":{"state":"pre-added","who":["user:Frederike"],"prob":1},"fields":{},"normalizations":{}},{"classId":"e_7","part":"s1v1","offsets":[{"start":998,"text":"H hat das Angebot angenommen, jedoch hat er dies nicht der R mitgeteilt, sondern hat den Luftreiniger einfach gekauft"}],"coordinates":[],"confidence":{"state":"pre-added","who":["user:Frederike"],"prob":1},"fields":{},"normalizations":{}},{"classId":"e_5","part":"s1v1","offsets":[{"start":1132,"text":"R hat H dafür beauftragt, die Lieferung zu beschaffen und ist somit dazu verpflichtet diese Anzunehmen und den Kaufpreis zu bezahlen."}],"coordinates":[],"confidence":{"state":"pre-added","who":["user:Frederike"],"prob":1},"fields":{},"normalizations":{}},{"classId":"e_7","part":"s1v1","offsets":[{"start":1132,"text":"R hat H dafür beauftragt, die Lieferung zu beschaffen"}],"coordinates":[],"confidence":{"state":"pre-added","who":["user:Frederike"],"prob":1},"fields":{},"normalizations":{}},{"classId":"e_6","part":"s1v1","offsets":[{"start":1186,"text":"und ist somit dazu verpflichtet diese Anzunehmen und den Kaufpreis zu bezahlen"}],"coordinates":[],"confidence":{"state":"pre-added","who":["user:Frederike"],"prob":1},"fields":{},"normalizations":{}},{"classId":"e_5","part":"s1v1","offsets":[{"start":1267,"text":"Jedoch muss laut § 145 BGB beide Vertragspartner diesem zustimmen. Dies liegt hier nicht vor, da H nicht geantwortet hat."}],"coordinates":[],"confidence":{"state":"pre-added","who":["user:Frederike"],"prob":1},"fields":{},"normalizations":{}},{"classId":"e_6","part":"s1v1","offsets":[{"start":1334,"text":"Dies liegt hier nicht vor"}],"coordinates":[],"confidence":{"state":"pre-added","who":["user:Frederike"],"prob":1},"fields":{},"normalizations":{}},{"classId":"e_7","part":"s1v1","offsets":[{"start":1361,"text":"da H nicht geantwortet hat"}],"coordinates":[],"confidence":{"state":"pre-added","who":["user:Frederike"],"prob":1},"fields":{},"normalizations":{}},{"classId":"e_2","part":"s1v1","offsets":[{"start":1402,"text":"Folglich muss R den H gem. § 433 BGB (Vertragstypische Pflichten beim Kuafvertrag) und § 145 BGB nicht den Kaufpreis zahlen"}],"coordinates":[],"confidence":{"state":"pre-added","who":["user:Frederike"],"prob":1},"fields":{},"normalizations":{}}],"relations":[{"classId":"r_8","type":"linked","directed":false,"entities":["s1v1|e_7|1132,1184","s1v1|e_6|1186,1263"],"confidence":{"state":"pre-added","who":["user:Frederike"],"prob":1}},{"classId":"r_8","type":"linked","directed":false,"entities":["s1v1|e_6|1334,1358","s1v1|e_7|1361,1386"],"confidence":{"state":"pre-added","who":["user:Frederike"],"prob":1}}]}