{"annotatable":{"parts":["s1v1"]},"anncomplete":true,"sources":[],"metas":{},"entities":[{"classId":"e_1","part":"s1v1","offsets":[{"start":0,"text":"K könnte gegen V gemäß §433 Satz 1 einen Anspruch auf Übereignung und Übergabe der Maschine haben"}],"coordinates":[],"confidence":{"state":"pre-added","who":["user:Frederike"],"prob":1},"fields":{},"normalizations":{}},{"classId":"e_4","part":"s1v1","offsets":[{"start":193,"text":"Ein Kaufvertrag besteht aus zwei übereinstimmenden Willenserklärungen (Angebot und Annahme, §§ 145 ff. BGB)"}],"coordinates":[],"confidence":{"state":"pre-added","who":["user:Frederike"],"prob":1},"fields":{},"normalizations":{}},{"classId":"e_1","part":"s1v1","offsets":[{"start":320,"text":"V könnte ein Angebot gemacht haben"}],"coordinates":[],"confidence":{"state":"pre-added","who":["user:Frederike"],"prob":1},"fields":{},"normalizations":{}},{"classId":"e_4","part":"s1v1","offsets":[{"start":356,"text":"Ein Angebot ist eine empfangsbedürftige Willenserklärung, die dem Erklärungsempfänger so angetragen werden muss, das dieser mit einem bloßen ,,Ja“ den Vertragsschluss zustande bringen kann"}],"coordinates":[],"confidence":{"state":"pre-added","who":["user:Frederike"],"prob":1},"fields":{},"normalizations":{}},{"classId":"e_4","part":"s1v1","offsets":[{"start":546,"text":"Es muss die wesentlichen Vertragsbestandteile, die sog. Essentialia negotii (Vertragsgegenstand, Kaufpreis, Vertragspartner) beinhalten"}],"coordinates":[],"confidence":{"state":"pre-added","who":["user:Frederike"],"prob":1},"fields":{},"normalizations":{}},{"classId":"e_5","part":"s1v1","offsets":[{"start":684,"text":"Die Arbeitnehmerin A schickte als Stellvertreter von V (gemäß § 164 Satz 1) der K per E-mail ein bis zum 10.3 befristetes Angebot über den Kauf der Maschine zum Preis von 1.000.000€."}],"coordinates":[],"confidence":{"state":"pre-added","who":["user:Frederike"],"prob":1},"fields":{},"normalizations":{}},{"classId":"e_7","part":"s1v1","offsets":[{"start":684,"text":"Die Arbeitnehmerin A schickte als Stellvertreter von V (gemäß § 164 Satz 1) der K per E-mail ein bis zum 10.3 befristetes Angebot über den Kauf der Maschine zum Preis von 1.000.000€"}],"coordinates":[],"confidence":{"state":"pre-added","who":["user:Frederike"],"prob":1},"fields":{},"normalizations":{}},{"classId":"e_1","part":"s1v1","offsets":[{"start":867,"text":"Fraglich ist daher, ob die Erklärung des L der S nach §164 Abs. 1 BGB zugerechnet werden kann"}],"coordinates":[],"confidence":{"state":"pre-added","who":["user:Frederike"],"prob":1},"fields":{},"normalizations":{}},{"classId":"e_1","part":"s1v1","offsets":[{"start":962,"text":"Dafür müssten die Voraussetzungen einer wirksamen Stellvertretung erfüllt sein"}],"coordinates":[],"confidence":{"state":"pre-added","who":["user:Frederike"],"prob":1},"fields":{},"normalizations":{}},{"classId":"e_5","part":"s1v1","offsets":[{"start":1079,"text":"Bei dem Kaufvertrag handelt es sich nicht um ein Höchstpersönliches Geschäft , das V nur selbst abschließen dürfte."}],"coordinates":[],"confidence":{"state":"pre-added","who":["user:Frederike"],"prob":1},"fields":{},"normalizations":{}},{"classId":"e_7","part":"s1v1","offsets":[{"start":1079,"text":"Bei dem Kaufvertrag handelt es sich nicht um ein Höchstpersönliches Geschäft , das V nur selbst abschließen dürfte"}],"coordinates":[],"confidence":{"state":"pre-added","who":["user:Frederike"],"prob":1},"fields":{},"normalizations":{}},{"classId":"e_2","part":"s1v1","offsets":[{"start":1195,"text":"Somit ist die Stellvertretung zulässig"}],"coordinates":[],"confidence":{"state":"pre-added","who":["user:Frederike"],"prob":1},"fields":{},"normalizations":{}},{"classId":"e_1","part":"s1v1","offsets":[{"start":1264,"text":"A müsste eine eigene Willenserklärung abgegeben haben"}],"coordinates":[],"confidence":{"state":"pre-added","who":["user:Frederike"],"prob":1},"fields":{},"normalizations":{}},{"classId":"e_5","part":"s1v1","offsets":[{"start":1398,"text":"A hatte freie Auswahl über den zu verhandelnden Preis der Maschine und hat daher eine eigene Willenserklärung abgegeben."}],"coordinates":[],"confidence":{"state":"pre-added","who":["user:Frederike"],"prob":1},"fields":{},"normalizations":{}},{"classId":"e_7","part":"s1v1","offsets":[{"start":1398,"text":"A hatte freie Auswahl über den zu verhandelnden Preis der Maschine"}],"coordinates":[],"confidence":{"state":"pre-added","who":["user:Frederike"],"prob":1},"fields":{},"normalizations":{}},{"classId":"e_6","part":"s1v1","offsets":[{"start":1465,"text":"und hat daher eine eigene Willenserklärung abgegeben"}],"coordinates":[],"confidence":{"state":"pre-added","who":["user:Frederike"],"prob":1},"fields":{},"normalizations":{}},{"classId":"e_1","part":"s1v1","offsets":[{"start":1563,"text":"A müsste durch die V wirksam Vertretungsmacht eingeräumt worden sein und in Rahmen dieser gehandelt haben"}],"coordinates":[],"confidence":{"state":"pre-added","who":["user:Frederike"],"prob":1},"fields":{},"normalizations":{}},{"classId":"e_4","part":"s1v1","offsets":[{"start":1934,"text":"Die Vollmachtserteilung ist eine einseitige empfangsbedürftige Willenserklärung, die gem. § 167 Abs. 1 BGB gegenüber dem Bevollmächtigten abgegeben werden muss"}],"coordinates":[],"confidence":{"state":"pre-added","who":["user:Frederike"],"prob":1},"fields":{},"normalizations":{}},{"classId":"e_5","part":"s1v1","offsets":[{"start":2095,"text":"V hat die A beauftragt den Verkauf der Maschine eigenverantwortlich zu verhandeln und abzuwickeln."}],"coordinates":[],"confidence":{"state":"pre-added","who":["user:Frederike"],"prob":1},"fields":{},"normalizations":{}},{"classId":"e_7","part":"s1v1","offsets":[{"start":2095,"text":"V hat die A beauftragt den Verkauf der Maschine eigenverantwortlich zu verhandeln und abzuwickeln"}],"coordinates":[],"confidence":{"state":"pre-added","who":["user:Frederike"],"prob":1},"fields":{},"normalizations":{}},{"classId":"e_2","part":"s1v1","offsets":[{"start":2194,"text":"Damit hat V die Vollmacht gegenüber der zu Bevollmächtigenden A wirksam gemacht"}],"coordinates":[],"confidence":{"state":"pre-added","who":["user:Frederike"],"prob":1},"fields":{},"normalizations":{}},{"classId":"e_5","part":"s1v1","offsets":[{"start":2431,"text":"V teilte der A mit eigenverantwortlich zu verhandeln und abzuwickeln."}],"coordinates":[],"confidence":{"state":"pre-added","who":["user:Frederike"],"prob":1},"fields":{},"normalizations":{}},{"classId":"e_7","part":"s1v1","offsets":[{"start":2431,"text":"V teilte der A mit eigenverantwortlich zu verhandeln und abzuwickeln"}],"coordinates":[],"confidence":{"state":"pre-added","who":["user:Frederike"],"prob":1},"fields":{},"normalizations":{}},{"classId":"e_2","part":"s1v1","offsets":[{"start":2501,"text":"Sie handelte daher mit Vertretungsmacht"}],"coordinates":[],"confidence":{"state":"pre-added","who":["user:Frederike"],"prob":1},"fields":{},"normalizations":{}},{"classId":"e_2","part":"s1v1","offsets":[{"start":2565,"text":"Eine Vollmacht für den Verkauf der Maschine für 1.000.000€ liegt vor"}],"coordinates":[],"confidence":{"state":"pre-added","who":["user:Frederike"],"prob":1},"fields":{},"normalizations":{}},{"classId":"e_2","part":"s1v1","offsets":[{"start":2653,"text":"V hat den Verkauf der Maschine im Sinne von §177 Abs. 1 BGB genehmigt"}],"coordinates":[],"confidence":{"state":"pre-added","who":["user:Frederike"],"prob":1},"fields":{},"normalizations":{}},{"classId":"e_2","part":"s1v1","offsets":[{"start":2739,"text":"Eine Stellvertretung der V durch A liegt vor"}],"coordinates":[],"confidence":{"state":"pre-added","who":["user:Frederike"],"prob":1},"fields":{},"normalizations":{}},{"classId":"e_2","part":"s1v1","offsets":[{"start":2799,"text":"Ein Angebot der V vertreten durch A liegt vor"}],"coordinates":[],"confidence":{"state":"pre-added","who":["user:Frederike"],"prob":1},"fields":{},"normalizations":{}},{"classId":"e_1","part":"s1v1","offsets":[{"start":2867,"text":"Es könnte eine Annahme durch K vorliegen"}],"coordinates":[],"confidence":{"state":"pre-added","who":["user:Frederike"],"prob":1},"fields":{},"normalizations":{}},{"classId":"e_4","part":"s1v1","offsets":[{"start":2932,"text":"Eine Annahme ist eine empfangsbedürftige Willenserklärung, durch die der Erklärende zu verstehen gibt, dass er mit dem Angebot einverstanden ist und die sich inhaltlich mit dem Angebot decken muss"}],"coordinates":[],"confidence":{"state":"pre-added","who":["user:Frederike"],"prob":1},"fields":{},"normalizations":{}},{"classId":"e_5","part":"s1v1","offsets":[{"start":3131,"text":"K schickt ihre Annahmeerklärung per Mail an A. Es handelt sich\n\njedoch um eine empfangsbedürftige Willenserklärung. Hierfür muss die Willenserklärung sowohl abgegeben als auch zeitgerecht zugegangen sein."}],"coordinates":[],"confidence":{"state":"pre-added","who":["user:Frederike"],"prob":1},"fields":{},"normalizations":{}},{"classId":"e_7","part":"s1v1","offsets":[{"start":3131,"text":"K schickt ihre Annahmeerklärung per Mail an A"}],"coordinates":[],"confidence":{"state":"pre-added","who":["user:Frederike"],"prob":1},"fields":{},"normalizations":{}},{"classId":"e_5","part":"s1v1","offsets":[{"start":3348,"text":"Die Abgabe als willentlicher Entäußerung der Willenserklärung in den Rechtsverkehr durch die E-mail an A hat stattgefunden."}],"coordinates":[],"confidence":{"state":"pre-added","who":["user:Frederike"],"prob":1},"fields":{},"normalizations":{}},{"classId":"e_7","part":"s1v1","offsets":[{"start":3348,"text":"Die Abgabe als willentlicher Entäußerung der Willenserklärung in den Rechtsverkehr durch die E-mail an A hat stattgefunden"}],"coordinates":[],"confidence":{"state":"pre-added","who":["user:Frederike"],"prob":1},"fields":{},"normalizations":{}},{"classId":"e_1","part":"s1v1","offsets":[{"start":3484,"text":"Fraglich ist, ob die Annahme zugegangen ist"}],"coordinates":[],"confidence":{"state":"pre-added","who":["user:Frederike"],"prob":1},"fields":{},"normalizations":{}},{"classId":"e_4","part":"s1v1","offsets":[{"start":3529,"text":"Eine empfangsbedürftige Willenserklärung ist zugegangen, wenn sie so in den Herrschaftsbereich des Empfängers gelangt ist, dass dieser unter normalen Umständen von ihr Kenntnis erlangen kann und dies nach den Gepflogenheiten des Verkehrs von ihm erwartet werden kann"}],"coordinates":[],"confidence":{"state":"pre-added","who":["user:Frederike"],"prob":1},"fields":{},"normalizations":{}},{"classId":"e_5","part":"s1v1","offsets":[{"start":3797,"text":"Die E-Mail ist in diesem Fall in den Herrschaftsbereich des A gelangt und kann in normalen Umständen von A zu Kenntnisgenommen werden. Auch wenn dieser im Spam-Ordner gelandet ist, müsste A diese regelmäßig kontrollieren."}],"coordinates":[],"confidence":{"state":"pre-added","who":["user:Frederike"],"prob":1},"fields":{},"normalizations":{}},{"classId":"e_7","part":"s1v1","offsets":[{"start":3797,"text":"Die E-Mail ist in diesem Fall in den Herrschaftsbereich des A gelangt und kann in normalen Umständen von A zu Kenntnisgenommen werden"}],"coordinates":[],"confidence":{"state":"pre-added","who":["user:Frederike"],"prob":1},"fields":{},"normalizations":{}},{"classId":"e_7","part":"s1v1","offsets":[{"start":3932,"text":"Auch wenn dieser im Spam-Ordner gelandet ist"}],"coordinates":[],"confidence":{"state":"pre-added","who":["user:Frederike"],"prob":1},"fields":{},"normalizations":{}},{"classId":"e_6","part":"s1v1","offsets":[{"start":3978,"text":"müsste A diese regelmäßig kontrollieren"}],"coordinates":[],"confidence":{"state":"pre-added","who":["user:Frederike"],"prob":1},"fields":{},"normalizations":{}},{"classId":"e_2","part":"s1v1","offsets":[{"start":4019,"text":"Die Annahme ist als zugegangen zu bewerten"}],"coordinates":[],"confidence":{"state":"pre-added","who":["user:Frederike"],"prob":1},"fields":{},"normalizations":{}},{"classId":"e_1","part":"s1v1","offsets":[{"start":4156,"text":"Fraglich ist ob die E-mail fristgerecht bei A eingegangen ist"}],"coordinates":[],"confidence":{"state":"pre-added","who":["user:Frederike"],"prob":1},"fields":{},"normalizations":{}},{"classId":"e_5","part":"s1v1","offsets":[{"start":4219,"text":"Fristende war der 10.3 und K hat am Morgen des 10.3 die E-Mail verschickt."}],"coordinates":[],"confidence":{"state":"pre-added","who":["user:Frederike"],"prob":1},"fields":{},"normalizations":{}},{"classId":"e_7","part":"s1v1","offsets":[{"start":4219,"text":"Fristende war der 10.3 und K hat am Morgen des 10.3 die E-Mail verschickt"}],"coordinates":[],"confidence":{"state":"pre-added","who":["user:Frederike"],"prob":1},"fields":{},"normalizations":{}},{"classId":"e_2","part":"s1v1","offsets":[{"start":4294,"text":"Die Annahme war rechtzeitig"}],"coordinates":[],"confidence":{"state":"pre-added","who":["user:Frederike"],"prob":1},"fields":{},"normalizations":{}},{"classId":"e_2","part":"s1v1","offsets":[{"start":4345,"text":"Es liegt eine Annahme vor"}],"coordinates":[],"confidence":{"state":"pre-added","who":["user:Frederike"],"prob":1},"fields":{},"normalizations":{}},{"classId":"e_2","part":"s1v1","offsets":[{"start":4396,"text":"Es liegt eine Annahme durch K vor"}],"coordinates":[],"confidence":{"state":"pre-added","who":["user:Frederike"],"prob":1},"fields":{},"normalizations":{}},{"classId":"e_2","part":"s1v1","offsets":[{"start":4445,"text":"K hat gegen V einen Anspruch auf Übergabe und Übereignung der Maschine gem. §433 Satz 1 BGB"}],"coordinates":[],"confidence":{"state":"pre-added","who":["user:Frederike"],"prob":1},"fields":{},"normalizations":{}}],"relations":[{"classId":"r_3","type":"linked","directed":false,"entities":["s1v1|e_2|1195,1232","s1v1|e_1|962,1039"],"confidence":{"state":"pre-added","who":["user:Frederike"],"prob":1}},{"classId":"r_3","type":"linked","directed":false,"entities":["s1v1|e_2|2194,2272","s1v1|e_1|1563,1667"],"confidence":{"state":"pre-added","who":["user:Frederike"],"prob":1}},{"classId":"r_3","type":"linked","directed":false,"entities":["s1v1|e_2|2799,2843","s1v1|e_1|320,353"],"confidence":{"state":"pre-added","who":["user:Frederike"],"prob":1}},{"classId":"r_3","type":"linked","directed":false,"entities":["s1v1|e_2|4019,4060","s1v1|e_1|3484,3526"],"confidence":{"state":"pre-added","who":["user:Frederike"],"prob":1}},{"classId":"r_3","type":"linked","directed":false,"entities":["s1v1|e_2|4396,4428","s1v1|e_1|2867,2906"],"confidence":{"state":"pre-added","who":["user:Frederike"],"prob":1}},{"classId":"r_3","type":"linked","directed":false,"entities":["s1v1|e_2|4445,4535","s1v1|e_1|0,96"],"confidence":{"state":"pre-added","who":["user:Frederike"],"prob":1}},{"classId":"r_8","type":"linked","directed":false,"entities":["s1v1|e_7|3932,3975","s1v1|e_6|3978,4016"],"confidence":{"state":"pre-added","who":["user:Frederike"],"prob":1}}]}