{"annotatable":{"parts":["s1v1"]},"anncomplete":false,"sources":[],"metas":{},"entities":[{"classId":"e_1","part":"s1v1","offsets":[{"start":14,"text":"K könnte gegen V einen Anspruch gemäß §433 Abs. 1 BGB auf Übergabe und Übereignung der Maschine haben"}],"coordinates":[],"confidence":{"state":"pre-added","who":["user:Frederike"],"prob":1},"fields":{},"normalizations":{}},{"classId":"e_1","part":"s1v1","offsets":[{"start":138,"text":"Dafür müsste ein Kaufvertrag zwischen K und V geschlossen worden sein"}],"coordinates":[],"confidence":{"state":"pre-added","who":["user:Frederike"],"prob":1},"fields":{},"normalizations":{}},{"classId":"e_4","part":"s1v1","offsets":[{"start":209,"text":"Ein Vertrag kommt zustande bei zwei fristgerecht abgegebenen Willenserklärungen (Angebot und Annahme), die inhaltlich übereinstimmen"}],"coordinates":[],"confidence":{"state":"pre-added","who":["user:Frederike"],"prob":1},"fields":{},"normalizations":{}},{"classId":"e_1","part":"s1v1","offsets":[{"start":355,"text":"Möglicherweise liegt ein Angebot durch V an K vor"}],"coordinates":[],"confidence":{"state":"pre-added","who":["user:Frederike"],"prob":1},"fields":{},"normalizations":{}},{"classId":"e_4","part":"s1v1","offsets":[{"start":407,"text":"Ein Angebot ist eine einseitige empfangsbedürftige Willenserklärung, die alle essentialia negotii (Vertragspartner, Gegenstand, Gegenleistung) enthalten muss und mit einem simplen „Ja“ beantwortet werden kann"}],"coordinates":[],"confidence":{"state":"pre-added","who":["user:Frederike"],"prob":1},"fields":{},"normalizations":{}},{"classId":"e_5","part":"s1v1","offsets":[{"start":618,"text":"In diesem Fall hat V der K ein Angebot zukommen lassen, in dem K und das Unternehmen der V als Vertragspartner, die Maschine als Gegenstand und 1.000.000€ als Gegenleistung vereinbart waren. Damit sind alle essentialia negotii enthalten."}],"coordinates":[],"confidence":{"state":"pre-added","who":["user:Frederike"],"prob":1},"fields":{},"normalizations":{}},{"classId":"e_7","part":"s1v1","offsets":[{"start":618,"text":"In diesem Fall hat V der K ein Angebot zukommen lassen, in dem K und das Unternehmen der V als Vertragspartner, die Maschine als Gegenstand und 1.000.000€ als Gegenleistung vereinbart waren"}],"coordinates":[],"confidence":{"state":"pre-added","who":["user:Frederike"],"prob":1},"fields":{},"normalizations":{}},{"classId":"e_6","part":"s1v1","offsets":[{"start":809,"text":"Damit sind alle essentialia negotii enthalten"}],"coordinates":[],"confidence":{"state":"pre-added","who":["user:Frederike"],"prob":1},"fields":{},"normalizations":{}},{"classId":"e_1","part":"s1v1","offsets":[{"start":867,"text":"Es müsste eine Abgabe der Willenserklärung vorliegen"}],"coordinates":[],"confidence":{"state":"pre-added","who":["user:Frederike"],"prob":1},"fields":{},"normalizations":{}},{"classId":"e_4","part":"s1v1","offsets":[{"start":922,"text":"Eine Abgabe liegt vor, wenn der erklärende die Willenserklärung willentlich so auf den Weg gebracht hat, sodass er unter normalen Umständen mit dem Zugang beim Empfänger rechnen kann"}],"coordinates":[],"confidence":{"state":"pre-added","who":["user:Frederike"],"prob":1},"fields":{},"normalizations":{}},{"classId":"e_5","part":"s1v1","offsets":[{"start":1107,"text":"Dies ist hier grundsätzlich der Fall. Allerdings hat nicht V selbst das Angebot verschickt, sondern ihre Arbeitnehmerin A damit beauftragt."}],"coordinates":[],"confidence":{"state":"pre-added","who":["user:Frederike"],"prob":1},"fields":{},"normalizations":{}},{"classId":"e_7","part":"s1v1","offsets":[{"start":1145,"text":"Allerdings hat nicht V selbst das Angebot verschickt"}],"coordinates":[],"confidence":{"state":"pre-added","who":["user:Frederike"],"prob":1},"fields":{},"normalizations":{}},{"classId":"e_6","part":"s1v1","offsets":[{"start":1199,"text":"sondern ihre Arbeitnehmerin A damit beauftragt"}],"coordinates":[],"confidence":{"state":"pre-added","who":["user:Frederike"],"prob":1},"fields":{},"normalizations":{}},{"classId":"e_1","part":"s1v1","offsets":[{"start":1248,"text":"Es ist fraglich, ob durch die Erteilung der Willenserklärung der Stellvertreterin ein wirksames Angebot vorliegt"}],"coordinates":[],"confidence":{"state":"pre-added","who":["user:Frederike"],"prob":1},"fields":{},"normalizations":{}},{"classId":"e_4","part":"s1v1","offsets":[{"start":1363,"text":"Eine Willenserklärung eines Stellvertreters ist wirksam im Sinne des § 164 Abs. 1 Satz 1 BGB, sofern der Stellvertreter von dem Vertretenen bevollmächtigt wurde (§ 167 Abs. 1 BGB) und Empfänger der Erklärung Kenntnis von der Stellvertretung hat"}],"coordinates":[],"confidence":{"state":"pre-added","who":["user:Frederike"],"prob":1},"fields":{},"normalizations":{}},{"classId":"e_4","part":"s1v1","offsets":[{"start":1609,"text":"Hat der Vertreter keine Vertretungsmacht, hängt die Wirksamkeit der Willenserklärung von der Genehmigung des Vertretenen im Sinne des § 177 Abs. 1 BGB ab"}],"coordinates":[],"confidence":{"state":"pre-added","who":["user:Frederike"],"prob":1},"fields":{},"normalizations":{}},{"classId":"e_5","part":"s1v1","offsets":[{"start":1764,"text":"Da A Angestellte der V ist, ist hier davon auszugehen, dass sie nach §55 Abs. 1 HGB zur Handlungsvollmacht befugt ist und somit das Recht hat, im Auftrag von V eine Willenserklärung abzugeben."}],"coordinates":[],"confidence":{"state":"pre-added","who":["user:Frederike"],"prob":1},"fields":{},"normalizations":{}},{"classId":"e_7","part":"s1v1","offsets":[{"start":1764,"text":"Da A Angestellte der V ist"}],"coordinates":[],"confidence":{"state":"pre-added","who":["user:Frederike"],"prob":1},"fields":{},"normalizations":{}},{"classId":"e_6","part":"s1v1","offsets":[{"start":1792,"text":"ist hier davon auszugehen, dass sie nach §55 Abs. 1 HGB zur Handlungsvollmacht befugt ist und somit das Recht hat, im Auftrag von V eine Willenserklärung abzugeben"}],"coordinates":[],"confidence":{"state":"pre-added","who":["user:Frederike"],"prob":1},"fields":{},"normalizations":{}},{"classId":"e_2","part":"s1v1","offsets":[{"start":1976,"text":"Es liegt eine Abgabe vor"}],"coordinates":[],"confidence":{"state":"pre-added","who":["user:Frederike"],"prob":1},"fields":{},"normalizations":{}},{"classId":"e_1","part":"s1v1","offsets":[{"start":2014,"text":"Es müsste ein Zugang der Willenserklärung vorliegen"}],"coordinates":[],"confidence":{"state":"pre-added","who":["user:Frederike"],"prob":1},"fields":{},"normalizations":{}},{"classId":"e_4","part":"s1v1","offsets":[{"start":2068,"text":"Der Zugang liegt vor, wenn die Erklärung in verkehrsüblicher Weise in den Bereich des Empfängers gelangt ist und dieser unter verkehrsüblichen Umständen die Möglichkeit zu Kenntnisnahme hat"}],"coordinates":[],"confidence":{"state":"pre-added","who":["user:Frederike"],"prob":1},"fields":{},"normalizations":{}},{"classId":"e_5","part":"s1v1","offsets":[{"start":2260,"text":"A hat die Willenserklärung per Mail an K geschickt. Es ist davon auszugehen, dass sie die handelsüblicher Mailadresse der K verwendet hat."}],"coordinates":[],"confidence":{"state":"pre-added","who":["user:Frederike"],"prob":1},"fields":{},"normalizations":{}},{"classId":"e_7","part":"s1v1","offsets":[{"start":2260,"text":"A hat die Willenserklärung per Mail an K geschickt"}],"coordinates":[],"confidence":{"state":"pre-added","who":["user:Frederike"],"prob":1},"fields":{},"normalizations":{}},{"classId":"e_6","part":"s1v1","offsets":[{"start":2312,"text":"Es ist davon auszugehen, dass sie die handelsüblicher Mailadresse der K verwendet hat"}],"coordinates":[],"confidence":{"state":"pre-added","who":["user:Frederike"],"prob":1},"fields":{},"normalizations":{}},{"classId":"e_2","part":"s1v1","offsets":[{"start":2418,"text":"Ein Zugang liegt vor"}],"coordinates":[],"confidence":{"state":"pre-added","who":["user:Frederike"],"prob":1},"fields":{},"normalizations":{}},{"classId":"e_2","part":"s1v1","offsets":[{"start":2451,"text":"Damit liegt hier ein wirksames Angebot vor"}],"coordinates":[],"confidence":{"state":"pre-added","who":["user:Frederike"],"prob":1},"fields":{},"normalizations":{}},{"classId":"e_1","part":"s1v1","offsets":[{"start":2507,"text":"Es ist fraglich, ob eine Annahme durch K vorliegt"}],"coordinates":[],"confidence":{"state":"pre-added","who":["user:Frederike"],"prob":1},"fields":{},"normalizations":{}},{"classId":"e_4","part":"s1v1","offsets":[{"start":2559,"text":"Eine Annahme ist eine an den Empfänger gerichtete, empfangsbedürftige Willenserklärung, aus welcher eine vorbehaltslose Zustimmung eines Angebots hervorgeht"}],"coordinates":[],"confidence":{"state":"pre-added","who":["user:Frederike"],"prob":1},"fields":{},"normalizations":{}},{"classId":"e_1","part":"s1v1","offsets":[{"start":2729,"text":"Es müsste eine Abgabe vorliegen"}],"coordinates":[],"confidence":{"state":"pre-added","who":["user:Frederike"],"prob":1},"fields":{},"normalizations":{}},{"classId":"e_5","part":"s1v1","offsets":[{"start":2763,"text":"K hat willentlich die vorbehaltslose Annahme des Angebots per E-Mail an A gesendet. Da auch dies die Handelsübliche Mailadresse ist, konnte K mit dem Zugang rechnen."}],"coordinates":[],"confidence":{"state":"pre-added","who":["user:Frederike"],"prob":1},"fields":{},"normalizations":{}},{"classId":"e_7","part":"s1v1","offsets":[{"start":2763,"text":"K hat willentlich die vorbehaltslose Annahme des Angebots per E-Mail an A gesendet"}],"coordinates":[],"confidence":{"state":"pre-added","who":["user:Frederike"],"prob":1},"fields":{},"normalizations":{}},{"classId":"e_7","part":"s1v1","offsets":[{"start":2847,"text":"Da auch dies die Handelsübliche Mailadresse ist"}],"coordinates":[],"confidence":{"state":"pre-added","who":["user:Frederike"],"prob":1},"fields":{},"normalizations":{}},{"classId":"e_6","part":"s1v1","offsets":[{"start":2896,"text":"konnte K mit dem Zugang rechnen"}],"coordinates":[],"confidence":{"state":"pre-added","who":["user:Frederike"],"prob":1},"fields":{},"normalizations":{}},{"classId":"e_2","part":"s1v1","offsets":[{"start":2948,"text":"Eine Abgabe liegt vor"}],"coordinates":[],"confidence":{"state":"pre-added","who":["user:Frederike"],"prob":1},"fields":{},"normalizations":{}},{"classId":"e_1","part":"s1v1","offsets":[{"start":2983,"text":"Es müsste ein Zugang vorliegen"}],"coordinates":[],"confidence":{"state":"pre-added","who":["user:Frederike"],"prob":1},"fields":{},"normalizations":{}},{"classId":"e_5","part":"s1v1","offsets":[{"start":3016,"text":"Die Willenserklärung ist in den Bereich der A gelangt und unter verkehrsüblichen Umständen konnte K davon ausgehen, dass A diese zur Kenntnis nimmt."}],"coordinates":[],"confidence":{"state":"pre-added","who":["user:Frederike"],"prob":1},"fields":{},"normalizations":{}},{"classId":"e_7","part":"s1v1","offsets":[{"start":3016,"text":"Die Willenserklärung ist in den Bereich der A gelangt"}],"coordinates":[],"confidence":{"state":"pre-added","who":["user:Frederike"],"prob":1},"fields":{},"normalizations":{}},{"classId":"e_6","part":"s1v1","offsets":[{"start":3070,"text":"und unter verkehrsüblichen Umständen konnte K davon ausgehen, dass A diese zur Kenntnis nimmt"}],"coordinates":[],"confidence":{"state":"pre-added","who":["user:Frederike"],"prob":1},"fields":{},"normalizations":{}},{"classId":"e_2","part":"s1v1","offsets":[{"start":3184,"text":"Ein Zugang liegt vor"}],"coordinates":[],"confidence":{"state":"pre-added","who":["ml:regex","user:Frederike"],"prob":1},"fields":{},"normalizations":{}},{"classId":"e_1","part":"s1v1","offsets":[{"start":3222,"text":"Die Willenserklärung müsste Zeitgerecht in den Zuständigkeitsbereich der A gelangt sein"}],"coordinates":[],"confidence":{"state":"pre-added","who":["user:Frederike"],"prob":1},"fields":{},"normalizations":{}},{"classId":"e_1","part":"s1v1","offsets":[{"start":3312,"text":"Dazu müsste K die Erklärung innerhalb der festgelegten Annahmefrist im Sinne des § 148 BGB i.V.m. § 147 Abs. 2 BGB an A abgegeben haben"}],"coordinates":[],"confidence":{"state":"pre-added","who":["user:Frederike"],"prob":1},"fields":{},"normalizations":{}},{"classId":"e_5","part":"s1v1","offsets":[{"start":3450,"text":"K hat die Willenserklärung am 10.03 (letzter Tag der Frist) am Morgen an die übliche Mailadresse von A gesendet und konnte somit davon ausgehen, dass diese rechtzeitig unter regelmäßigen Umständen nach § 147 Abs. 2 BGB eintrifft.\n\nA hat die Willenserklärung erst am Tag nach Fristende gesehen, da diese im Spam-Ordner gelandet ist. Jedoch hat A dafür zu sorgen den Spam-Ordner regelmäßig zu kontrollieren. Die Erklärung hat sich Fristgerecht im Zuständigkeitsbereich der A befunden, somit trägt A ab diesem Zeitpunkt das Übermittlungsrisiko."}],"coordinates":[],"confidence":{"state":"pre-added","who":["user:Frederike"],"prob":1},"fields":{},"normalizations":{}},{"classId":"e_7","part":"s1v1","offsets":[{"start":3450,"text":"K hat die Willenserklärung am 10.03 (letzter Tag der Frist) am Morgen an die übliche Mailadresse von A gesendet"}],"coordinates":[],"confidence":{"state":"pre-added","who":["user:Frederike"],"prob":1},"fields":{},"normalizations":{}},{"classId":"e_6","part":"s1v1","offsets":[{"start":3562,"text":"und konnte somit davon ausgehen, dass diese rechtzeitig unter regelmäßigen Umständen nach § 147 Abs. 2 BGB eintrifft"}],"coordinates":[],"confidence":{"state":"pre-added","who":["user:Frederike"],"prob":1},"fields":{},"normalizations":{}},{"classId":"e_7","part":"s1v1","offsets":[{"start":3681,"text":"A hat die Willenserklärung erst am Tag nach Fristende gesehen, da diese im Spam-Ordner gelandet ist"}],"coordinates":[],"confidence":{"state":"pre-added","who":["user:Frederike"],"prob":1},"fields":{},"normalizations":{}},{"classId":"e_6","part":"s1v1","offsets":[{"start":3782,"text":"Jedoch hat A dafür zu sorgen den Spam-Ordner regelmäßig zu kontrollieren"}],"coordinates":[],"confidence":{"state":"pre-added","who":["user:Frederike"],"prob":1},"fields":{},"normalizations":{}},{"classId":"e_7","part":"s1v1","offsets":[{"start":3856,"text":"Die Erklärung hat sich Fristgerecht im Zuständigkeitsbereich der A befunden"}],"coordinates":[],"confidence":{"state":"pre-added","who":["user:Frederike"],"prob":1},"fields":{},"normalizations":{}},{"classId":"e_6","part":"s1v1","offsets":[{"start":3933,"text":"somit trägt A ab diesem Zeitpunkt das Übermittlungsrisiko"}],"coordinates":[],"confidence":{"state":"pre-added","who":["user:Frederike"],"prob":1},"fields":{},"normalizations":{}},{"classId":"e_2","part":"s1v1","offsets":[{"start":4011,"text":"Die Erklärung wurde Zeitgerecht abgegeben"}],"coordinates":[],"confidence":{"state":"pre-added","who":["user:Frederike"],"prob":1},"fields":{},"normalizations":{}},{"classId":"e_2","part":"s1v1","offsets":[{"start":4065,"text":"Es liegt eine wirksame Annahme der K vor"}],"coordinates":[],"confidence":{"state":"pre-added","who":["user:Frederike"],"prob":1},"fields":{},"normalizations":{}},{"classId":"e_2","part":"s1v1","offsets":[{"start":4108,"text":"Es liegt ein wirksamer Kaufvertrag vor und ein Anspruch nach §145 ff. BGB ist entstanden"}],"coordinates":[],"confidence":{"state":"pre-added","who":["user:Frederike"],"prob":1},"fields":{},"normalizations":{}},{"classId":"e_1","part":"s1v1","offsets":[{"start":4226,"text":"Möglicherweise ist der Anspruch von K gegenüber V untergegangen und V könnte ein Anspruch auf Anfechtung haben"}],"coordinates":[],"confidence":{"state":"pre-added","who":["user:Frederike"],"prob":1},"fields":{},"normalizations":{}},{"classId":"e_1","part":"s1v1","offsets":[{"start":4339,"text":"Der Sachverhalt müsste einen Grund für Nichtigkeit des Kaufvertrags oder einen Anfechtungsgrund beinhalten"}],"coordinates":[],"confidence":{"state":"pre-added","who":["user:Frederike"],"prob":1},"fields":{},"normalizations":{}},{"classId":"e_4","part":"s1v1","offsets":[{"start":4448,"text":"Ein Anfechtungsgrund besteht entweder wegen Irrtums (§§119 f. BGB9 oder wegen Täuschung oder Drohung (§123 BGB)"}],"coordinates":[],"confidence":{"state":"pre-added","who":["user:Frederike"],"prob":1},"fields":{},"normalizations":{}},{"classId":"e_5","part":"s1v1","offsets":[{"start":4562,"text":"Aus dem Sachverhalt geht hervor, dass A sich bei der Berechnung des Maschinenpreises geirrt hat. Somit liegt ein Kalkulationsirrtum nach § 119 Abs. 2 vor.\n\nEs handelt sich dabei um einen verdeckten Kalkulationsirrtum, da die Posten der Berechnung für K nicht transparent dargestellt wurden. Ein verdeckter Kalkulationsirrtum liefert keinen Anfechtungsgrund nach § 119 Abs. 1 BGB.\n\nAllerdings würde sich in diesem Fall der Verkaufspreis um min. 1.000.000€ erhöhen. K leidet unter der fehlerhaften Kalkulation und ist weniger schutzbedürftig. Aufgrund der hohen Differenz zu dem vertraglich geregelten Kaufpreis ist V die Vertragsdurchführung nach §242 BGB unzumutbar."}],"coordinates":[],"confidence":{"state":"pre-added","who":["user:Frederike"],"prob":1},"fields":{},"normalizations":{}},{"classId":"e_7","part":"s1v1","offsets":[{"start":4562,"text":"Aus dem Sachverhalt geht hervor, dass A sich bei der Berechnung des Maschinenpreises geirrt hat"}],"coordinates":[],"confidence":{"state":"pre-added","who":["user:Frederike"],"prob":1},"fields":{},"normalizations":{}},{"classId":"e_6","part":"s1v1","offsets":[{"start":4659,"text":"Somit liegt ein Kalkulationsirrtum nach § 119 Abs. 2 vor"}],"coordinates":[],"confidence":{"state":"pre-added","who":["user:Frederike"],"prob":1},"fields":{},"normalizations":{}},{"classId":"e_6","part":"s1v1","offsets":[{"start":4718,"text":"Es handelt sich dabei um einen verdeckten Kalkulationsirrtum"}],"coordinates":[],"confidence":{"state":"pre-added","who":["user:Frederike"],"prob":1},"fields":{},"normalizations":{}},{"classId":"e_7","part":"s1v1","offsets":[{"start":4780,"text":"da die Posten der Berechnung für K nicht transparent dargestellt wurden"}],"coordinates":[],"confidence":{"state":"pre-added","who":["user:Frederike"],"prob":1},"fields":{},"normalizations":{}},{"classId":"e_6","part":"s1v1","offsets":[{"start":4853,"text":"Ein verdeckter Kalkulationsirrtum liefert keinen Anfechtungsgrund nach § 119 Abs. 1 BGB"}],"coordinates":[],"confidence":{"state":"pre-added","who":["user:Frederike"],"prob":1},"fields":{},"normalizations":{}},{"classId":"e_7","part":"s1v1","offsets":[{"start":4943,"text":"Allerdings würde sich in diesem Fall der Verkaufspreis um min. 1.000.000€ erhöhen"}],"coordinates":[],"confidence":{"state":"pre-added","who":["user:Frederike"],"prob":1},"fields":{},"normalizations":{}},{"classId":"e_6","part":"s1v1","offsets":[{"start":5026,"text":"K leidet unter der fehlerhaften Kalkulation und ist weniger schutzbedürftig"}],"coordinates":[],"confidence":{"state":"pre-added","who":["user:Frederike"],"prob":1},"fields":{},"normalizations":{}},{"classId":"e_6","part":"s1v1","offsets":[{"start":5103,"text":"Aufgrund der hohen Differenz zu dem vertraglich geregelten Kaufpreis ist V die Vertragsdurchführung nach §242 BGB unzumutbar"}],"coordinates":[],"confidence":{"state":"pre-added","who":["user:Frederike"],"prob":1},"fields":{},"normalizations":{}},{"classId":"e_2","part":"s1v1","offsets":[{"start":5240,"text":"Der Anspruch von K gegenüber V auf Übergabe und Übereignung ist untergegangen"}],"coordinates":[],"confidence":{"state":"pre-added","who":["user:Frederike"],"prob":1},"fields":{},"normalizations":{}},{"classId":"e_2","part":"s1v1","offsets":[{"start":5346,"text":"Der Anspruch ist durch dessen Untergang (s.o.) nicht durchsetzbar"}],"coordinates":[],"confidence":{"state":"pre-added","who":["user:Frederike"],"prob":1},"fields":{},"normalizations":{}},{"classId":"e_2","part":"s1v1","offsets":[{"start":5424,"text":"K hat keinen Anspruch gegen V auf Übergabe und Übereignung der Maschine"}],"coordinates":[],"confidence":{"state":"pre-added","who":["user:Frederike"],"prob":1},"fields":{},"normalizations":{}}],"relations":[{"classId":"r_3","type":"linked","directed":false,"entities":["s1v1|e_1|138,206","s1v1|e_2|4108,4195"],"confidence":{"state":"pre-added","who":["user:Frederike"],"prob":1}},{"classId":"r_3","type":"linked","directed":false,"entities":["s1v1|e_1|867,918","s1v1|e_2|1976,1999"],"confidence":{"state":"pre-added","who":["user:Frederike"],"prob":1}},{"classId":"r_3","type":"linked","directed":false,"entities":["s1v1|e_2|2418,2437","s1v1|e_1|2014,2064"],"confidence":{"state":"pre-added","who":["user:Frederike"],"prob":1}},{"classId":"r_3","type":"linked","directed":false,"entities":["s1v1|e_2|2451,2492","s1v1|e_1|355,403"],"confidence":{"state":"pre-added","who":["user:Frederike"],"prob":1}},{"classId":"r_3","type":"linked","directed":false,"entities":["s1v1|e_1|2507,2555","s1v1|e_2|4065,4104"],"confidence":{"state":"pre-added","who":["user:Frederike"],"prob":1}},{"classId":"r_3","type":"linked","directed":false,"entities":["s1v1|e_2|2948,2968","s1v1|e_1|2729,2759"],"confidence":{"state":"pre-added","who":["user:Frederike"],"prob":1}},{"classId":"r_3","type":"linked","directed":false,"entities":["s1v1|e_2|3184,3203","s1v1|e_1|2983,3012"],"confidence":{"state":"pre-added","who":["user:Frederike"],"prob":1}},{"classId":"r_3","type":"linked","directed":false,"entities":["s1v1|e_1|3312,3446","s1v1|e_2|4011,4051"],"confidence":{"state":"pre-added","who":["user:Frederike"],"prob":1}},{"classId":"r_3","type":"linked","directed":false,"entities":["s1v1|e_2|5240,5316","s1v1|e_1|4226,4335"],"confidence":{"state":"pre-added","who":["user:Frederike"],"prob":1}},{"classId":"r_3","type":"linked","directed":false,"entities":["s1v1|e_2|5424,5494","s1v1|e_1|14,114"],"confidence":{"state":"pre-added","who":["user:Frederike"],"prob":1}},{"classId":"r_8","type":"linked","directed":false,"entities":["s1v1|e_7|618,806","s1v1|e_6|809,853"],"confidence":{"state":"pre-added","who":["user:Frederike"],"prob":1}},{"classId":"r_8","type":"linked","directed":false,"entities":["s1v1|e_7|1145,1196","s1v1|e_6|1199,1244"],"confidence":{"state":"pre-added","who":["user:Frederike"],"prob":1}},{"classId":"r_8","type":"linked","directed":false,"entities":["s1v1|e_7|1764,1789","s1v1|e_6|1792,1954"],"confidence":{"state":"pre-added","who":["user:Frederike"],"prob":1}},{"classId":"r_8","type":"linked","directed":false,"entities":["s1v1|e_7|2260,2309","s1v1|e_6|2312,2396"],"confidence":{"state":"pre-added","who":["user:Frederike"],"prob":1}},{"classId":"r_8","type":"linked","directed":false,"entities":["s1v1|e_7|2847,2893","s1v1|e_6|2896,2926"],"confidence":{"state":"pre-added","who":["user:Frederike"],"prob":1}},{"classId":"r_8","type":"linked","directed":false,"entities":["s1v1|e_7|3016,3068","s1v1|e_6|3070,3162"],"confidence":{"state":"pre-added","who":["user:Frederike"],"prob":1}},{"classId":"r_8","type":"linked","directed":false,"entities":["s1v1|e_7|3450,3560","s1v1|e_6|3562,3677"],"confidence":{"state":"pre-added","who":["user:Frederike"],"prob":1}},{"classId":"r_8","type":"linked","directed":false,"entities":["s1v1|e_7|3681,3779","s1v1|e_6|3782,3853"],"confidence":{"state":"pre-added","who":["user:Frederike"],"prob":1}},{"classId":"r_8","type":"linked","directed":false,"entities":["s1v1|e_7|3856,3930","s1v1|e_6|3933,3989"],"confidence":{"state":"pre-added","who":["user:Frederike"],"prob":1}},{"classId":"r_8","type":"linked","directed":false,"entities":["s1v1|e_7|4562,4656","s1v1|e_6|4659,4714"],"confidence":{"state":"pre-added","who":["user:Frederike"],"prob":1}},{"classId":"r_8","type":"linked","directed":false,"entities":["s1v1|e_6|4718,4777","s1v1|e_7|4780,4850"],"confidence":{"state":"pre-added","who":["user:Frederike"],"prob":1}},{"classId":"r_8","type":"linked","directed":false,"entities":["s1v1|e_7|4943,5023","s1v1|e_6|5026,5100"],"confidence":{"state":"pre-added","who":["user:Frederike"],"prob":1}}]}