{"annotatable":{"parts":["s1v1"]},"anncomplete":false,"sources":[],"metas":{},"entities":[{"classId":"e_1","part":"s1v1","offsets":[{"start":180,"text":"A könnte gegen C einen Anspruch auf Übergabe und Übereignung von 500 Tonnen hochwertigem Stahl zum Preis von 265.000 € gem. §433 Abs. 1 Satz. 1 BGB haben"}],"coordinates":[],"confidence":{"state":"pre-added","who":["ml:regex","user:FabianBrese"],"prob":1},"fields":{},"normalizations":{}},{"classId":"e_1","part":"s1v1","offsets":[{"start":351,"text":"Dafür müsste ein Kaufvertrag zwischen A und C vorliegen"}],"coordinates":[],"confidence":{"state":"pre-added","who":["user:FabianBrese"],"prob":1},"fields":{},"normalizations":{}},{"classId":"e_4","part":"s1v1","offsets":[{"start":409,"text":"Ein Kaufvertrag ist ein aus zwei korrespondierenden Willenserklärungen, namentlich Angebot und Annahme bestehendes Rechtsgeschäfts"}],"coordinates":[],"confidence":{"state":"pre-added","who":["user:FabianBrese"],"prob":1},"fields":{},"normalizations":{}},{"classId":"e_1","part":"s1v1","offsets":[{"start":553,"text":"Hierfür müsste ein wirksames Angebot vorliegen"}],"coordinates":[],"confidence":{"state":"pre-added","who":["user:FabianBrese"],"prob":1},"fields":{},"normalizations":{}},{"classId":"e_4","part":"s1v1","offsets":[{"start":601,"text":"Ein Angebot gem. §145 BGB ist eine empfangsbedürftige Willenserklärung, welche auf den Abschluss eines Vertrages ausgerichtet ist und inhaltlich so bestimmt ist, dass der Vertrag mit der Annahme durch ein schlichtes „Ja“ zustande kommt"}],"coordinates":[],"confidence":{"state":"pre-added","who":["user:FabianBrese"],"prob":1},"fields":{},"normalizations":{}},{"classId":"e_4","part":"s1v1","offsets":[{"start":838,"text":"Ein Angebot muss die esentialia negotii (Kaufpreis, Kaufgegenstand, Vertragsparteien) enthalten"}],"coordinates":[],"confidence":{"state":"pre-added","who":["user:FabianBrese"],"prob":1},"fields":{},"normalizations":{}},{"classId":"e_5","part":"s1v1","offsets":[{"start":936,"text":"Die C hat der durch A bevollmächtigten B genau zwei Angebote über zwei verschiedene\n\nStahlsorten, zu zwei verschiedenen Preisen gemacht.\n\nDas erste Angebot umfasste mittelwertigen Stahl zu einem Preis von 470 € pro Tonne und\n\neinem Gesamtpreis von 235.000 €. Das zweite Angebot umfasste hochwertigen Stahl zum\n\nTonnenpreis von 530€ und einem Gesamtpreis in Höhe von 265.000 €."}],"coordinates":[],"confidence":{"state":"pre-added","who":["user:FabianBrese"],"prob":1},"fields":{},"normalizations":{}},{"classId":"e_7","part":"s1v1","offsets":[{"start":936,"text":"Die C hat der durch A bevollmächtigten B genau zwei Angebote über zwei verschiedene\n\nStahlsorten, zu zwei verschiedenen Preisen gemacht"}],"coordinates":[],"confidence":{"state":"pre-added","who":["user:FabianBrese"],"prob":1},"fields":{},"normalizations":{}},{"classId":"e_7","part":"s1v1","offsets":[{"start":1074,"text":"Das erste Angebot umfasste mittelwertigen Stahl zu einem Preis von 470 € pro Tonne und\n\neinem Gesamtpreis von 235.000 €"}],"coordinates":[],"confidence":{"state":"pre-added","who":["user:FabianBrese"],"prob":1},"fields":{},"normalizations":{}},{"classId":"e_7","part":"s1v1","offsets":[{"start":1195,"text":"Das zweite Angebot umfasste hochwertigen Stahl zum\n\nTonnenpreis von 530€ und einem Gesamtpreis in Höhe von 265.000 €"}],"coordinates":[],"confidence":{"state":"pre-added","who":["user:FabianBrese"],"prob":1},"fields":{},"normalizations":{}},{"classId":"e_2","part":"s1v1","offsets":[{"start":1314,"text":"Kaufpreis, Kaufgegenstand und die Vertragsparteien standen in beiden Angeboten fest,\n\nsomit liegt ein Angebot der C an die B bzw. A vor"}],"coordinates":[],"confidence":{"state":"pre-added","who":["user:FabianBrese"],"prob":1},"fields":{},"normalizations":{}},{"classId":"e_1","part":"s1v1","offsets":[{"start":1464,"text":"Hierfür müsste eine wirksame Annahme durch A vorliegen"}],"coordinates":[],"confidence":{"state":"pre-added","who":["user:FabianBrese"],"prob":1},"fields":{},"normalizations":{}},{"classId":"e_4","part":"s1v1","offsets":[{"start":1520,"text":"Eine Annahme gem. §§147 ff. BGB ist eine empfangsbedürftige Willenserklärung, durch welche das Angebot der anderen Vertragspartei einschränkungslos und rechtzeitig akzeptiert und der Vertragsschluss bewirkt wird"}],"coordinates":[],"confidence":{"state":"pre-added","who":["user:FabianBrese"],"prob":1},"fields":{},"normalizations":{}},{"classId":"e_1","part":"s1v1","offsets":[{"start":1734,"text":"Hierfür müsste A eine eigene Willenserklärung abgegeben haben"}],"coordinates":[],"confidence":{"state":"pre-added","who":["user:FabianBrese"],"prob":1},"fields":{},"normalizations":{}},{"classId":"e_5","part":"s1v1","offsets":[{"start":1797,"text":"A selbst hat keine eigene Willenserklärung abgegeben, A könnte wirksam durch B vertreten worden sein."}],"coordinates":[],"confidence":{"state":"pre-added","who":["user:FabianBrese"],"prob":1},"fields":{},"normalizations":{}},{"classId":"e_7","part":"s1v1","offsets":[{"start":1797,"text":"A selbst hat keine eigene Willenserklärung abgegeben"}],"coordinates":[],"confidence":{"state":"pre-added","who":["user:FabianBrese"],"prob":1},"fields":{},"normalizations":{}},{"classId":"e_6","part":"s1v1","offsets":[{"start":1851,"text":"A könnte wirksam durch B vertreten worden sein"}],"coordinates":[],"confidence":{"state":"pre-added","who":["user:FabianBrese"],"prob":1},"fields":{},"normalizations":{}},{"classId":"e_1","part":"s1v1","offsets":[{"start":2048,"text":"Hierfür müsste B eine eigene Willenserklärung abgegeben haben"}],"coordinates":[],"confidence":{"state":"pre-added","who":["user:FabianBrese"],"prob":1},"fields":{},"normalizations":{}},{"classId":"e_2","part":"s1v1","offsets":[{"start":2243,"text":"B hat eine eigene Willenserklärung abgegeben, da A ihr aufgetragen hat, nach eigenem\n\nErmessen zu verhandeln und nicht bloß den Willen der A zu übermitteln"}],"coordinates":[],"confidence":{"state":"pre-added","who":["user:FabianBrese"],"prob":1},"fields":{},"normalizations":{}},{"classId":"e_1","part":"s1v1","offsets":[{"start":2430,"text":"B müsste offenkundig gehandelt haben"}],"coordinates":[],"confidence":{"state":"pre-added","who":["user:FabianBrese"],"prob":1},"fields":{},"normalizations":{}},{"classId":"e_1","part":"s1v1","offsets":[{"start":2469,"text":"B müsste gem. §164 Abs. 1, S. 1 BGB ausdrücklich offenkundig für A gehandelt haben"}],"coordinates":[],"confidence":{"state":"pre-added","who":["user:FabianBrese"],"prob":1},"fields":{},"normalizations":{}},{"classId":"e_5","part":"s1v1","offsets":[{"start":2554,"text":"A hat im Vorhinein ein Schreiben an C verfasst, in welchem sie deutlich macht, dass B im\n\nNamen der A handelt."}],"coordinates":[],"confidence":{"state":"pre-added","who":["user:FabianBrese"],"prob":1},"fields":{},"normalizations":{}},{"classId":"e_2","part":"s1v1","offsets":[{"start":2666,"text":"Demnach handelte B offenkundig für A"}],"coordinates":[],"confidence":{"state":"pre-added","who":["user:FabianBrese"],"prob":1},"fields":{},"normalizations":{}},{"classId":"e_1","part":"s1v1","offsets":[{"start":2720,"text":"Hierfür müsste eine wirksame Vollmacht der B vorliegen"}],"coordinates":[],"confidence":{"state":"pre-added","who":["user:FabianBrese"],"prob":1},"fields":{},"normalizations":{}},{"classId":"e_4","part":"s1v1","offsets":[{"start":2777,"text":"Eine Vollmacht ist die Ermächtigung, eine wirksame Willenserklärung im Namen eines anderen abzugeben"}],"coordinates":[],"confidence":{"state":"pre-added","who":["user:FabianBrese"],"prob":1},"fields":{},"normalizations":{}},{"classId":"e_4","part":"s1v1","offsets":[{"start":2964,"text":"Eine Innenvollmacht ist eine Vollmacht, die gegenüber dem zu Bevollmächtigenden erteilt\n\nwird"}],"coordinates":[],"confidence":{"state":"pre-added","who":["user:FabianBrese"],"prob":1},"fields":{},"normalizations":{}},{"classId":"e_4","part":"s1v1","offsets":[{"start":3060,"text":"Eine Außenvollmacht ist eine Vollmacht, die gegenüber einem Dritten erteilt wird"}],"coordinates":[],"confidence":{"state":"pre-added","who":["user:FabianBrese"],"prob":1},"fields":{},"normalizations":{}},{"classId":"e_2","part":"s1v1","offsets":[{"start":3159,"text":"Demnach liegt eine Außenvollmacht vor"}],"coordinates":[],"confidence":{"state":"pre-added","who":["user:FabianBrese"],"prob":1},"fields":{},"normalizations":{}},{"classId":"e_5","part":"s1v1","offsets":[{"start":3199,"text":"B ist zum Einkauf durch ihr Dienstverhältnis mit A ermächtigt. Demnach ist von einer\n\nInnenvollmacht der B für den Einkauf des Stahls auszugehen."}],"coordinates":[],"confidence":{"state":"pre-added","who":["user:FabianBrese"],"prob":1},"fields":{},"normalizations":{}},{"classId":"e_7","part":"s1v1","offsets":[{"start":3199,"text":"B ist zum Einkauf durch ihr Dienstverhältnis mit A ermächtigt"}],"coordinates":[],"confidence":{"state":"pre-added","who":["user:FabianBrese"],"prob":1},"fields":{},"normalizations":{}},{"classId":"e_6","part":"s1v1","offsets":[{"start":3262,"text":"Demnach ist von einer\n\nInnenvollmacht der B für den Einkauf des Stahls auszugehen"}],"coordinates":[],"confidence":{"state":"pre-added","who":["user:FabianBrese"],"prob":1},"fields":{},"normalizations":{}},{"classId":"e_2","part":"s1v1","offsets":[{"start":3350,"text":"Demnach ist die Stellvertretung durch B wirksam"}],"coordinates":[],"confidence":{"state":"pre-added","who":["user:FabianBrese"],"prob":1},"fields":{},"normalizations":{}},{"classId":"e_2","part":"s1v1","offsets":[{"start":3403,"text":"Folglich liegen Angebot und Annahme wirksam vor"}],"coordinates":[],"confidence":{"state":"pre-added","who":["user:FabianBrese"],"prob":1},"fields":{},"normalizations":{}},{"classId":"e_2","part":"s1v1","offsets":[{"start":3474,"text":"Folglich ist ein Kaufvertrag gem. §433 Abs. 1 S. 1 BGB zwischen A und C über die 500\n\nTonnen Stahl im Wert von 265.000 € entstanden"}],"coordinates":[],"confidence":{"state":"pre-added","who":["user:FabianBrese"],"prob":1},"fields":{},"normalizations":{}},{"classId":"e_1","part":"s1v1","offsets":[{"start":3632,"text":"Der Kaufvertrag gem. §433 Abs. 1 S. 1 BGB zwischen A und C könnte nichtig sein gem. § 138 Abs. 2 BGB oder teilnichtig gem. §139 BGB sein"}],"coordinates":[],"confidence":{"state":"pre-added","who":["user:FabianBrese"],"prob":1},"fields":{},"normalizations":{}},{"classId":"e_1","part":"s1v1","offsets":[{"start":3771,"text":"Dazu müsste ein sittenwidriges Rechtsgeschäft vorliegen"}],"coordinates":[],"confidence":{"state":"pre-added","who":["user:FabianBrese"],"prob":1},"fields":{},"normalizations":{}},{"classId":"e_4","part":"s1v1","offsets":[{"start":3829,"text":"Ein sittenwidriges Rechtsgeschäfts ist ein Rechtsgeschäft, das gegen die guten Sitten verstößt"}],"coordinates":[],"confidence":{"state":"pre-added","who":["user:FabianBrese"],"prob":1},"fields":{},"normalizations":{}},{"classId":"e_4","part":"s1v1","offsets":[{"start":3926,"text":"Als Sittenwidrigkeit wird der Verstoß gegen moralische Maßstäbe, die nicht in Verbotsgesetzen positiviert sind, bezeichnet"}],"coordinates":[],"confidence":{"state":"pre-added","who":["user:FabianBrese"],"prob":1},"fields":{},"normalizations":{}},{"classId":"e_4","part":"s1v1","offsets":[{"start":4050,"text":"Ein solches Rechtsgeschäft liegt vor, wenn “einem Dritten für eine Leistung Vermögensvorteile“ (gem. §138 Abs. 2 BGB) versprochen oder gewährt werden"}],"coordinates":[],"confidence":{"state":"pre-added","who":["user:FabianBrese"],"prob":1},"fields":{},"normalizations":{}},{"classId":"e_5","part":"s1v1","offsets":[{"start":4293,"text":"B hat das Angebot der C nur angenommen, da diese von der C mit einer schwierig zu\n\nbekommenen Playstation 5 bestochen wurde.\n\nB wusste ganz genau, dass der angebotene Stahl für den Zweck der A nicht entsprechend\n\nist und handelte somit aus eigenem Interesse. Das Angebot wäre ohne die Gewährung des\n\nVermögensvorteils in Form der Playstation 5 nicht zustande gekommen."}],"coordinates":[],"confidence":{"state":"pre-added","who":["user:FabianBrese"],"prob":1},"fields":{},"normalizations":{}},{"classId":"e_7","part":"s1v1","offsets":[{"start":4293,"text":"B hat das Angebot der C nur angenommen, da diese von der C mit einer schwierig zu\n\nbekommenen Playstation 5 bestochen wurde"}],"coordinates":[],"confidence":{"state":"pre-added","who":["user:FabianBrese"],"prob":1},"fields":{},"normalizations":{}},{"classId":"e_7","part":"s1v1","offsets":[{"start":4419,"text":"B wusste ganz genau, dass der angebotene Stahl für den Zweck der A nicht entsprechend\n\nist"}],"coordinates":[],"confidence":{"state":"pre-added","who":["user:FabianBrese"],"prob":1},"fields":{},"normalizations":{}},{"classId":"e_6","part":"s1v1","offsets":[{"start":4510,"text":"und handelte somit aus eigenem Interesse"}],"coordinates":[],"confidence":{"state":"pre-added","who":["user:FabianBrese"],"prob":1},"fields":{},"normalizations":{}},{"classId":"e_6","part":"s1v1","offsets":[{"start":4552,"text":"Das Angebot wäre ohne die Gewährung des\n\nVermögensvorteils in Form der Playstation 5 nicht zustande gekommen"}],"coordinates":[],"confidence":{"state":"pre-added","who":["user:FabianBrese"],"prob":1},"fields":{},"normalizations":{}},{"classId":"e_2","part":"s1v1","offsets":[{"start":4663,"text":"Das Rechtsgeschäft ist somit sittenwidrig und dadurch gem. §§ 138 Abs, 2 und\n\n139 BGB nichtig"}],"coordinates":[],"confidence":{"state":"pre-added","who":["user:FabianBrese"],"prob":1},"fields":{},"normalizations":{}},{"classId":"e_1","part":"s1v1","offsets":[{"start":4886,"text":"Fraglich ist, ob das Geschäft trotz der Sittenwidrigkeit gem. §138 BGB wirksam ist"}],"coordinates":[],"confidence":{"state":"pre-added","who":["user:FabianBrese"],"prob":1},"fields":{},"normalizations":{}},{"classId":"e_1","part":"s1v1","offsets":[{"start":4971,"text":"Hierfür müsste A den Vertrag mit C genehmigen"}],"coordinates":[],"confidence":{"state":"pre-added","who":["user:FabianBrese"],"prob":1},"fields":{},"normalizations":{}},{"classId":"e_1","part":"s1v1","offsets":[{"start":5019,"text":"Gem. § 177 Abs. 1 BGB könnte A den Kaufvertrag genehmigen"}],"coordinates":[],"confidence":{"state":"pre-added","who":["user:FabianBrese"],"prob":1},"fields":{},"normalizations":{}},{"classId":"e_5","part":"s1v1","offsets":[{"start":5079,"text":"A wollte an dem Vertrag mit C festhalten, da sie den hochwertigen Stahl nun für den Bau\n\nvon Balkonen verwenden konnte."}],"coordinates":[],"confidence":{"state":"pre-added","who":["user:FabianBrese"],"prob":1},"fields":{},"normalizations":{}},{"classId":"e_2","part":"s1v1","offsets":[{"start":5199,"text":"Somit genehmigte sie den Vertrag mit C trotz der\n\nSittenwidrigkeit"}],"coordinates":[],"confidence":{"state":"pre-added","who":["user:FabianBrese"],"prob":1},"fields":{},"normalizations":{}},{"classId":"e_2","part":"s1v1","offsets":[{"start":5273,"text":"Folglich hat A Anspruch auf Übergabe und Übereignung von 500 Tonnen hochwertigem Stahl\n\nzum Preis von 265.000 € gem. §433 Abs. 1 Satz. 1 BGB, da sie das Rechtsgeschäft gem. §177 Abs. 1 GBB nachträglich genehmigt hat"}],"coordinates":[],"confidence":{"state":"pre-added","who":["user:FabianBrese"],"prob":1},"fields":{},"normalizations":{}}],"relations":[{"classId":"r_3","type":"linked","directed":false,"entities":["s1v1|e_2|1314,1448","s1v1|e_1|553,598"],"confidence":{"state":"pre-added","who":["user:FabianBrese"],"prob":1}},{"classId":"r_3","type":"linked","directed":false,"entities":["s1v1|e_2|2243,2397","s1v1|e_1|2048,2108"],"confidence":{"state":"pre-added","who":["user:FabianBrese"],"prob":1}},{"classId":"r_3","type":"linked","directed":false,"entities":["s1v1|e_2|2666,2701","s1v1|e_1|2469,2550"],"confidence":{"state":"pre-added","who":["user:FabianBrese"],"prob":1}},{"classId":"r_3","type":"linked","directed":false,"entities":["s1v1|e_2|3159,3195","s1v1|e_1|2720,2773"],"confidence":{"state":"pre-added","who":["user:FabianBrese"],"prob":1}},{"classId":"r_3","type":"linked","directed":false,"entities":["s1v1|e_2|3474,3604","s1v1|e_1|351,405"],"confidence":{"state":"pre-added","who":["user:FabianBrese"],"prob":1}},{"classId":"r_3","type":"linked","directed":false,"entities":["s1v1|e_2|4663,4755","s1v1|e_1|3632,3767"],"confidence":{"state":"pre-added","who":["user:FabianBrese"],"prob":1}},{"classId":"r_3","type":"linked","directed":false,"entities":["s1v1|e_2|5199,5264","s1v1|e_1|4971,5015"],"confidence":{"state":"pre-added","who":["user:FabianBrese"],"prob":1}},{"classId":"r_3","type":"linked","directed":false,"entities":["s1v1|e_2|5273,5487","s1v1|e_1|4886,4967"],"confidence":{"state":"pre-added","who":["user:FabianBrese"],"prob":1}},{"classId":"r_8","type":"linked","directed":false,"entities":["s1v1|e_7|3199,3259","s1v1|e_6|3262,3342"],"confidence":{"state":"pre-added","who":["user:FabianBrese"],"prob":1}},{"classId":"r_8","type":"linked","directed":false,"entities":["s1v1|e_7|4293,4415","s1v1|e_6|4552,4659"],"confidence":{"state":"pre-added","who":["user:FabianBrese"],"prob":1}},{"classId":"r_8","type":"linked","directed":false,"entities":["s1v1|e_7|4419,4508","s1v1|e_6|4510,4549"],"confidence":{"state":"pre-added","who":["user:FabianBrese"],"prob":1}}]}