{"annotatable":{"parts":["s1v1"]},"anncomplete":true,"sources":[],"metas":{},"entities":[{"classId":"e_1","part":"s1v1","offsets":[{"start":0,"text":"V könnte gemäß §433 Abs.2 BGB gegen K einen Anspruch auf Zahlung des Kaufpreises in Höhe von 27000 Euro haben"}],"coordinates":[],"confidence":{"state":"pre-added","who":["user:FabianBrese"],"prob":1},"fields":{},"normalizations":{}},{"classId":"e_1","part":"s1v1","offsets":[{"start":144,"text":"Dafür müsste zwischen V und K ein wirksamer Kaufvertrag i.S.d § 433 BGB geschlossen worden sein"}],"coordinates":[],"confidence":{"state":"pre-added","who":["user:FabianBrese"],"prob":1},"fields":{},"normalizations":{}},{"classId":"e_4","part":"s1v1","offsets":[{"start":257,"text":"Ein solcher erfordert eine Einigung zwischen den Parteien bestehend aus zwei inhaltlich übereinstimmenden WE, die in Bezug aufeinander abgegeben wurden; Angebot und Annahme (§§ 145 ff. BGB)"}],"coordinates":[],"confidence":{"state":"pre-added","who":["user:FabianBrese"],"prob":1},"fields":{},"normalizations":{}},{"classId":"e_1","part":"s1v1","offsets":[{"start":459,"text":"Fraglich ist, ob ein Angebot V vorliegt, da V gar nicht selbst gehandelt hat, sondern ein Vertreter"}],"coordinates":[],"confidence":{"state":"pre-added","who":["user:FabianBrese"],"prob":1},"fields":{},"normalizations":{}},{"classId":"e_1","part":"s1v1","offsets":[{"start":560,"text":"Dafür müsste es sich um eine wirksame Stellvertretung nach §164 Abs. 1 BGB handeln"}],"coordinates":[],"confidence":{"state":"pre-added","who":["user:FabianBrese"],"prob":1},"fields":{},"normalizations":{}},{"classId":"e_1","part":"s1v1","offsets":[{"start":644,"text":"Ein Angebot der V könnte vorliegen, wenn die A im Rahmen einer Stellvertretung der V gehandelt hat"}],"coordinates":[],"confidence":{"state":"pre-added","who":["user:FabianBrese"],"prob":1},"fields":{},"normalizations":{}},{"classId":"e_1","part":"s1v1","offsets":[{"start":953,"text":"Die Stellvertretung müsste zulässig sein"}],"coordinates":[],"confidence":{"state":"pre-added","who":["user:FabianBrese"],"prob":1},"fields":{},"normalizations":{}},{"classId":"e_2","part":"s1v1","offsets":[{"start":995,"text":"Vorliegend ist kein Grund für die Unzulässigkeit der Stellvertretung erkennbar"}],"coordinates":[],"confidence":{"state":"pre-added","who":["user:FabianBrese"],"prob":1},"fields":{},"normalizations":{}},{"classId":"e_4","part":"s1v1","offsets":[{"start":1104,"text":"In Abgrenzung zum Boten, der nur eine fremde WE übermittelt, muss der Stellvertreter Entscheidungsspielraum haben, innerhalb dessen er eine eigene WE abgegeben kann"}],"coordinates":[],"confidence":{"state":"pre-added","who":["user:FabianBrese"],"prob":1},"fields":{},"normalizations":{}},{"classId":"e_5","part":"s1v1","offsets":[{"start":1342,"text":"A ist von V beauftragt worden, der Kundin K das Auto für mindestens 25000 Euro zu verkaufen und hat keine konkreten Instruktionen erhalten. Sie handelte somit nicht als Bote, sondern hatte einen eigenen Entscheidungsspielraum."}],"coordinates":[],"confidence":{"state":"pre-added","who":["user:FabianBrese"],"prob":1},"fields":{},"normalizations":{}},{"classId":"e_7","part":"s1v1","offsets":[{"start":1342,"text":"A ist von V beauftragt worden, der Kundin K das Auto für mindestens 25000 Euro zu verkaufen und hat keine konkreten Instruktionen erhalten"}],"coordinates":[],"confidence":{"state":"pre-added","who":["user:FabianBrese"],"prob":1},"fields":{},"normalizations":{}},{"classId":"e_7","part":"s1v1","offsets":[{"start":1482,"text":"Sie handelte somit nicht als Bote"}],"coordinates":[],"confidence":{"state":"pre-added","who":["user:FabianBrese"],"prob":1},"fields":{},"normalizations":{}},{"classId":"e_6","part":"s1v1","offsets":[{"start":1517,"text":"sondern hatte einen eigenen Entscheidungsspielraum"}],"coordinates":[],"confidence":{"state":"pre-added","who":["user:FabianBrese"],"prob":1},"fields":{},"normalizations":{}},{"classId":"e_2","part":"s1v1","offsets":[{"start":1569,"text":"A hat somit eine eigene WE abgegeben"}],"coordinates":[],"confidence":{"state":"pre-added","who":["user:FabianBrese"],"prob":1},"fields":{},"normalizations":{}},{"classId":"e_1","part":"s1v1","offsets":[{"start":1840,"text":"A müsste gem. § 164 Abs. 1 S. 2 BGB erkennbar in fremden Namen gehandelt haben"}],"coordinates":[],"confidence":{"state":"pre-added","who":["user:FabianBrese"],"prob":1},"fields":{},"normalizations":{}},{"classId":"e_5","part":"s1v1","offsets":[{"start":1921,"text":"K hatte bereits das Auto bei der V besichtigt."}],"coordinates":[],"confidence":{"state":"pre-added","who":["user:FabianBrese"],"prob":1},"fields":{},"normalizations":{}},{"classId":"e_7","part":"s1v1","offsets":[{"start":1921,"text":"K hatte bereits das Auto bei der V besichtigt"}],"coordinates":[],"confidence":{"state":"pre-added","who":["user:FabianBrese"],"prob":1},"fields":{},"normalizations":{}},{"classId":"e_2","part":"s1v1","offsets":[{"start":1968,"text":"A hat somit erkennbar in fremden Namen gehandelt"}],"coordinates":[],"confidence":{"state":"pre-added","who":["user:FabianBrese"],"prob":1},"fields":{},"normalizations":{}},{"classId":"e_1","part":"s1v1","offsets":[{"start":2040,"text":"A müsste Inhaber einer von V erteilten Vollmacht sein"}],"coordinates":[],"confidence":{"state":"pre-added","who":["user:FabianBrese"],"prob":1},"fields":{},"normalizations":{}},{"classId":"e_2","part":"s1v1","offsets":[{"start":2569,"text":"Die Vollmacht ist nicht erloschen"}],"coordinates":[],"confidence":{"state":"pre-added","who":["user:FabianBrese"],"prob":1},"fields":{},"normalizations":{}},{"classId":"e_5","part":"s1v1","offsets":[{"start":2637,"text":"Dadurch, dass V mitgeteilt hatte, dass A nur über 25000 Euro verkaufen konnte und A einen Preis von 27000 Euro erzielte, handelte A innerhalb der Vollmacht."}],"coordinates":[],"confidence":{"state":"pre-added","who":["user:FabianBrese"],"prob":1},"fields":{},"normalizations":{}},{"classId":"e_7","part":"s1v1","offsets":[{"start":2637,"text":"Dadurch, dass V mitgeteilt hatte, dass A nur über 25000 Euro verkaufen konnte und A einen Preis von 27000 Euro erzielte"}],"coordinates":[],"confidence":{"state":"pre-added","who":["user:FabianBrese"],"prob":1},"fields":{},"normalizations":{}},{"classId":"e_6","part":"s1v1","offsets":[{"start":2758,"text":"handelte A innerhalb der Vollmacht"}],"coordinates":[],"confidence":{"state":"pre-added","who":["user:FabianBrese"],"prob":1},"fields":{},"normalizations":{}},{"classId":"e_2","part":"s1v1","offsets":[{"start":2794,"text":"A handelte daher mit Vertretungsmacht"}],"coordinates":[],"confidence":{"state":"pre-added","who":["user:FabianBrese"],"prob":1},"fields":{},"normalizations":{}},{"classId":"e_2","part":"s1v1","offsets":[{"start":2856,"text":"Eine Stellvertretung der V durch A gegenüber der K liegt vor"}],"coordinates":[],"confidence":{"state":"pre-added","who":["user:FabianBrese"],"prob":1},"fields":{},"normalizations":{}},{"classId":"e_2","part":"s1v1","offsets":[{"start":2936,"text":"Ein Angebot der V vertreten durch A liegt vor"}],"coordinates":[],"confidence":{"state":"pre-added","who":["user:FabianBrese"],"prob":1},"fields":{},"normalizations":{}},{"classId":"e_1","part":"s1v1","offsets":[{"start":2995,"text":"Fraglich ist, ob eine Annahme durch A vorliegt"}],"coordinates":[],"confidence":{"state":"pre-added","who":["user:FabianBrese"],"prob":1},"fields":{},"normalizations":{}},{"classId":"e_4","part":"s1v1","offsets":[{"start":3043,"text":"Eine Annahme ist eine empfangsbedürftige WE und die Zustimmung zu einem Angebot"}],"coordinates":[],"confidence":{"state":"pre-added","who":["user:FabianBrese"],"prob":1},"fields":{},"normalizations":{}},{"classId":"e_1","part":"s1v1","offsets":[{"start":3124,"text":"K könnte das bis zum 24.2 befristete Angebot der A durch ihre Email vom 24.2 um 23:55 Uhr wirksam angenommen haben"}],"coordinates":[],"confidence":{"state":"pre-added","who":["user:FabianBrese"],"prob":1},"fields":{},"normalizations":{}},{"classId":"e_1","part":"s1v1","offsets":[{"start":3240,"text":"Fraglich ist ob die Annahme rechtzeitig zugegangen ist"}],"coordinates":[],"confidence":{"state":"pre-added","who":["user:FabianBrese"],"prob":1},"fields":{},"normalizations":{}},{"classId":"e_1","part":"s1v1","offsets":[{"start":3306,"text":"Fraglich ist, ob eine Abgabe vorliegt"}],"coordinates":[],"confidence":{"state":"pre-added","who":["user:FabianBrese"],"prob":1},"fields":{},"normalizations":{}},{"classId":"e_4","part":"s1v1","offsets":[{"start":3345,"text":"Die Abgabe einer WE liegt vor, wenn sie willentlich in den Rechtsverkehr entäußert wurde und der Erklärende mit dem Zugang rechnen konnte"}],"coordinates":[],"confidence":{"state":"pre-added","who":["user:FabianBrese"],"prob":1},"fields":{},"normalizations":{}},{"classId":"e_5","part":"s1v1","offsets":[{"start":3484,"text":"Die Email der K, in der sie die Annahme des Angebots gegenüber der A erklärt, ist am 24.02 um 23:55Uhr in deren Postfach und damit in deren Bereich gelangt."}],"coordinates":[],"confidence":{"state":"pre-added","who":["user:FabianBrese"],"prob":1},"fields":{},"normalizations":{}},{"classId":"e_2","part":"s1v1","offsets":[{"start":3641,"text":"Eine Abgabe liegt somit vor"}],"coordinates":[],"confidence":{"state":"pre-added","who":["user:FabianBrese"],"prob":1},"fields":{},"normalizations":{}},{"classId":"e_1","part":"s1v1","offsets":[{"start":3681,"text":"Fraglich ist ob ein Zugang vorliegt"}],"coordinates":[],"confidence":{"state":"pre-added","who":["user:FabianBrese"],"prob":1},"fields":{},"normalizations":{}},{"classId":"e_4","part":"s1v1","offsets":[{"start":3718,"text":"Ein Zugang einer WE liegt vor, wenn sie so in den Herrschaftsbereich des Empfängers gelangt, dass dieser unter normalen Umständen davon Kenntnis erlangt und dies nach den Gepflogenheiten des Verkehrs von ihnen erwartet werden kann"}],"coordinates":[],"confidence":{"state":"pre-added","who":["user:FabianBrese"],"prob":1},"fields":{},"normalizations":{}},{"classId":"e_5","part":"s1v1","offsets":[{"start":3950,"text":"Bei einer Email an eine Geschäftsadresse kann so spät nicht mehr mit einer Kenntnisnahme gerechnet werden, sondern erst am nächsten Geschäftsbeginn."}],"coordinates":[],"confidence":{"state":"pre-added","who":["user:FabianBrese"],"prob":1},"fields":{},"normalizations":{}},{"classId":"e_7","part":"s1v1","offsets":[{"start":3950,"text":"Bei einer Email an eine Geschäftsadresse kann so spät nicht mehr mit einer Kenntnisnahme gerechnet werden"}],"coordinates":[],"confidence":{"state":"pre-added","who":["user:FabianBrese"],"prob":1},"fields":{},"normalizations":{}},{"classId":"e_6","part":"s1v1","offsets":[{"start":4057,"text":"sondern erst am nächsten Geschäftsbeginn"}],"coordinates":[],"confidence":{"state":"pre-added","who":["user:FabianBrese"],"prob":1},"fields":{},"normalizations":{}},{"classId":"e_2","part":"s1v1","offsets":[{"start":4100,"text":"Ein Zugang liegt somit nicht vor"}],"coordinates":[],"confidence":{"state":"pre-added","who":["user:FabianBrese"],"prob":1},"fields":{},"normalizations":{}},{"classId":"e_2","part":"s1v1","offsets":[{"start":4149,"text":"Es liegt keine Annahme vor"}],"coordinates":[],"confidence":{"state":"pre-added","who":["user:FabianBrese"],"prob":1},"fields":{},"normalizations":{}},{"classId":"e_2","part":"s1v1","offsets":[{"start":4194,"text":"Die verspätete Annahmeerklärung der K gilt gemäß §150 Abs.1 BGB als neues Angebot"}],"coordinates":[],"confidence":{"state":"pre-added","who":["user:FabianBrese"],"prob":1},"fields":{},"normalizations":{}},{"classId":"e_5","part":"s1v1","offsets":[{"start":4288,"text":"A hat das neue Angebot der K vom objektiven Empfängerhorizont aus betrachtet angenommen, als sie am 25.2 auf die Email geantwortet hat, dass diese den Wagen abholen könne"}],"coordinates":[],"confidence":{"state":"pre-added","who":["user:FabianBrese"],"prob":1},"fields":{},"normalizations":{}},{"classId":"e_2","part":"s1v1","offsets":[{"start":4481,"text":"Zwischen V und K ist ein Kaufvertrag im Sinne von §433 BGB über das Auto zum Preis von 27000euro zustande gekommen"}],"coordinates":[],"confidence":{"state":"pre-added","who":["user:FabianBrese"],"prob":1},"fields":{},"normalizations":{}},{"classId":"e_1","part":"s1v1","offsets":[{"start":4611,"text":"Der Kaufvertrag könnte infolge einer Anfechtung durch K gemäß §142 Abs. 1 BGB als von Anfang an unwirksam gelten"}],"coordinates":[],"confidence":{"state":"pre-added","who":["user:FabianBrese"],"prob":1},"fields":{},"normalizations":{}},{"classId":"e_1","part":"s1v1","offsets":[{"start":5318,"text":"Zunächst müsste ein Anfechtungsgrund vorliegen"}],"coordinates":[],"confidence":{"state":"pre-added","who":["user:FabianBrese"],"prob":1},"fields":{},"normalizations":{}},{"classId":"e_4","part":"s1v1","offsets":[{"start":5366,"text":"Ein Anfechtungsgrund i.S.d. §123 Abs. 1 Alt.1 BGB besteht dann, wenn der Anfechtende getäuscht wurde, er sich aufgrund dessen geirrt und eine WE abgegeben hat die er sonst nicht abgegeben hätte"}],"coordinates":[],"confidence":{"state":"pre-added","who":["user:FabianBrese"],"prob":1},"fields":{},"normalizations":{}},{"classId":"e_1","part":"s1v1","offsets":[{"start":5561,"text":"Zudem müsste der Täuschende vorsätzlich gehandelt haben"}],"coordinates":[],"confidence":{"state":"pre-added","who":["user:FabianBrese"],"prob":1},"fields":{},"normalizations":{}},{"classId":"e_1","part":"s1v1","offsets":[{"start":5632,"text":"Es müsste eine Täuschung vorliegen"}],"coordinates":[],"confidence":{"state":"pre-added","who":["user:FabianBrese"],"prob":1},"fields":{},"normalizations":{}},{"classId":"e_4","part":"s1v1","offsets":[{"start":5668,"text":"Eine Täuschung ist jedes Verhalten, das darauf gerichtet ist, beim anderen eine unrichtige Vorstellung hervorzurufen"}],"coordinates":[],"confidence":{"state":"pre-added","who":["user:FabianBrese"],"prob":1},"fields":{},"normalizations":{}},{"classId":"e_5","part":"s1v1","offsets":[{"start":5786,"text":"Dadurch das A meinte es sei kein Unfallwagen bezweckte sie damit erst das Interesse der K am Auto."}],"coordinates":[],"confidence":{"state":"pre-added","who":["user:FabianBrese"],"prob":1},"fields":{},"normalizations":{}},{"classId":"e_7","part":"s1v1","offsets":[{"start":5786,"text":"Dadurch das A meinte es sei kein Unfallwagen bezweckte sie damit erst das Interesse der K am Auto"}],"coordinates":[],"confidence":{"state":"pre-added","who":["user:FabianBrese"],"prob":1},"fields":{},"normalizations":{}},{"classId":"e_2","part":"s1v1","offsets":[{"start":5885,"text":"Eine Täuschungshandlung liegt somit vor"}],"coordinates":[],"confidence":{"state":"pre-added","who":["user:FabianBrese"],"prob":1},"fields":{},"normalizations":{}},{"classId":"e_1","part":"s1v1","offsets":[{"start":5953,"text":"Durch die Täuschung der A müsste bei K ein Irrtum hervorgerufen worden sein"}],"coordinates":[],"confidence":{"state":"pre-added","who":["user:FabianBrese"],"prob":1},"fields":{},"normalizations":{}},{"classId":"e_4","part":"s1v1","offsets":[{"start":6030,"text":"Ein Irrtum liegt vor, wenn die aus der Täuschung resultierende Vorstellung des Getäuschten u. die Wirklichkeit nicht übereinstimmen"}],"coordinates":[],"confidence":{"state":"pre-added","who":["user:FabianBrese"],"prob":1},"fields":{},"normalizations":{}},{"classId":"e_5","part":"s1v1","offsets":[{"start":6163,"text":"A hat bei der K einen Irrtum über die Unfallfreiheit des Autos hervorgerufen, indem die die gerichtete Frage mit ja beantwortet hat, womit ein Irrtum eingetreten ist."}],"coordinates":[],"confidence":{"state":"pre-added","who":["user:FabianBrese"],"prob":1},"fields":{},"normalizations":{}},{"classId":"e_7","part":"s1v1","offsets":[{"start":6163,"text":"A hat bei der K einen Irrtum über die Unfallfreiheit des Autos hervorgerufen, indem die die gerichtete Frage mit ja beantwortet hat"}],"coordinates":[],"confidence":{"state":"pre-added","who":["user:FabianBrese"],"prob":1},"fields":{},"normalizations":{}},{"classId":"e_6","part":"s1v1","offsets":[{"start":6296,"text":"womit ein Irrtum eingetreten ist"}],"coordinates":[],"confidence":{"state":"pre-added","who":["user:FabianBrese"],"prob":1},"fields":{},"normalizations":{}},{"classId":"e_1","part":"s1v1","offsets":[{"start":6360,"text":"K müsste gerade aufgrund des Irrtums seine WE abgegeben haben"}],"coordinates":[],"confidence":{"state":"pre-added","who":["user:FabianBrese"],"prob":1},"fields":{},"normalizations":{}},{"classId":"e_5","part":"s1v1","offsets":[{"start":6423,"text":"Hätte K gewusst das der Wagen ein Unfallwagen ist, hätte sie den Kaufvertrag nicht abgeschlossen."}],"coordinates":[],"confidence":{"state":"pre-added","who":["user:FabianBrese"],"prob":1},"fields":{},"normalizations":{}},{"classId":"e_2","part":"s1v1","offsets":[{"start":6521,"text":"Die WE beruht somit auf der Täuschung"}],"coordinates":[],"confidence":{"state":"pre-added","who":["user:FabianBrese"],"prob":1},"fields":{},"normalizations":{}},{"classId":"e_1","part":"s1v1","offsets":[{"start":6578,"text":"Fraglich ist, ob A arglistig gehandelt hat"}],"coordinates":[],"confidence":{"state":"pre-added","who":["user:FabianBrese"],"prob":1},"fields":{},"normalizations":{}},{"classId":"e_4","part":"s1v1","offsets":[{"start":6622,"text":"Arglistig ist gleichzusetzen mit Vorsatz"}],"coordinates":[],"confidence":{"state":"pre-added","who":["user:FabianBrese"],"prob":1},"fields":{},"normalizations":{}},{"classId":"e_5","part":"s1v1","offsets":[{"start":6664,"text":"A wusste zwar nicht, dass der Wagen ein Unfallwagen war aber sie hat zumindest billigend in Kauf genommen um damit den Kaufvertrag nicht zu gefährden."}],"coordinates":[],"confidence":{"state":"pre-added","who":["user:FabianBrese"],"prob":1},"fields":{},"normalizations":{}},{"classId":"e_7","part":"s1v1","offsets":[{"start":6664,"text":"A wusste zwar nicht, dass der Wagen ein Unfallwagen war aber sie hat zumindest billigend in Kauf genommen"}],"coordinates":[],"confidence":{"state":"pre-added","who":["user:FabianBrese"],"prob":1},"fields":{},"normalizations":{}},{"classId":"e_6","part":"s1v1","offsets":[{"start":6770,"text":"um damit den Kaufvertrag nicht zu gefährden"}],"coordinates":[],"confidence":{"state":"pre-added","who":["user:FabianBrese"],"prob":1},"fields":{},"normalizations":{}},{"classId":"e_2","part":"s1v1","offsets":[{"start":6825,"text":"K kann den Kaufvertrag mit V somit wegen arglistiger Täuschung durch A gemäß §123 Abs. 1 Alt 1 i.V.m §166 Abs.1 BGB anfechten"}],"coordinates":[],"confidence":{"state":"pre-added","who":["user:FabianBrese"],"prob":1},"fields":{},"normalizations":{}},{"classId":"e_5","part":"s1v1","offsets":[{"start":6973,"text":"K hat den Kaufvertrag mit V unmittelbar nach Entdeckung der Täuschung durch A angefochten und damit die Anfechtungsfrist gemäß §124 BGB gewahrt."}],"coordinates":[],"confidence":{"state":"pre-added","who":["user:FabianBrese"],"prob":1},"fields":{},"normalizations":{}},{"classId":"e_7","part":"s1v1","offsets":[{"start":6973,"text":"K hat den Kaufvertrag mit V unmittelbar nach Entdeckung der Täuschung durch A angefochten"}],"coordinates":[],"confidence":{"state":"pre-added","who":["user:FabianBrese"],"prob":1},"fields":{},"normalizations":{}},{"classId":"e_6","part":"s1v1","offsets":[{"start":7063,"text":"und damit die Anfechtungsfrist gemäß §124 BGB gewahrt"}],"coordinates":[],"confidence":{"state":"pre-added","who":["user:FabianBrese"],"prob":1},"fields":{},"normalizations":{}},{"classId":"e_2","part":"s1v1","offsets":[{"start":7136,"text":"K hat den Kaufvertrag mit V wirksam angefochten mit der Folge, dass dieser gemäß §142 Abs. 1 BGB als von Anfang an unwirksam gilt"}],"coordinates":[],"confidence":{"state":"pre-added","who":["user:FabianBrese"],"prob":1},"fields":{},"normalizations":{}},{"classId":"e_2","part":"s1v1","offsets":[{"start":7277,"text":"V hat gegen K keinen Anspruch auf Zahlung von 27000euro aus §433 Abs. 2 BGB"}],"coordinates":[],"confidence":{"state":"pre-added","who":["user:FabianBrese"],"prob":1},"fields":{},"normalizations":{}}],"relations":[{"classId":"r_3","type":"linked","directed":false,"entities":["s1v1|e_1|953,992","s1v1|e_2|995,1072"],"confidence":{"state":"pre-added","who":["user:FabianBrese"],"prob":1}},{"classId":"r_3","type":"linked","directed":false,"entities":["s1v1|e_2|1968,2015","s1v1|e_1|1840,1917"],"confidence":{"state":"pre-added","who":["user:FabianBrese"],"prob":1}},{"classId":"r_3","type":"linked","directed":false,"entities":["s1v1|e_2|2794,2830","s1v1|e_1|2040,2092"],"confidence":{"state":"pre-added","who":["user:FabianBrese"],"prob":1}},{"classId":"r_3","type":"linked","directed":false,"entities":["s1v1|e_2|2936,2980","s1v1|e_1|644,741"],"confidence":{"state":"pre-added","who":["user:FabianBrese"],"prob":1}},{"classId":"r_3","type":"linked","directed":false,"entities":["s1v1|e_2|3641,3667","s1v1|e_1|3306,3342"],"confidence":{"state":"pre-added","who":["user:FabianBrese"],"prob":1}},{"classId":"r_3","type":"linked","directed":false,"entities":["s1v1|e_2|4100,4131","s1v1|e_1|3681,3715"],"confidence":{"state":"pre-added","who":["user:FabianBrese"],"prob":1}},{"classId":"r_3","type":"linked","directed":false,"entities":["s1v1|e_2|4149,4174","s1v1|e_1|2995,3040"],"confidence":{"state":"pre-added","who":["user:FabianBrese"],"prob":1}},{"classId":"r_3","type":"linked","directed":false,"entities":["s1v1|e_2|5885,5923","s1v1|e_1|5632,5665"],"confidence":{"state":"pre-added","who":["user:FabianBrese"],"prob":1}},{"classId":"r_3","type":"linked","directed":false,"entities":["s1v1|e_2|6521,6557","s1v1|e_1|6360,6420"],"confidence":{"state":"pre-added","who":["user:FabianBrese"],"prob":1}},{"classId":"r_3","type":"linked","directed":false,"entities":["s1v1|e_2|7136,7264","s1v1|e_1|4611,4722"],"confidence":{"state":"pre-added","who":["user:FabianBrese"],"prob":1}},{"classId":"r_8","type":"linked","directed":false,"entities":["s1v1|e_7|1482,1514","s1v1|e_6|1517,1566"],"confidence":{"state":"pre-added","who":["user:FabianBrese"],"prob":1}},{"classId":"r_8","type":"linked","directed":false,"entities":["s1v1|e_7|2637,2755","s1v1|e_6|2758,2791"],"confidence":{"state":"pre-added","who":["user:FabianBrese"],"prob":1}},{"classId":"r_8","type":"linked","directed":false,"entities":["s1v1|e_7|3950,4054","s1v1|e_6|4057,4096"],"confidence":{"state":"pre-added","who":["user:FabianBrese"],"prob":1}},{"classId":"r_8","type":"linked","directed":false,"entities":["s1v1|e_7|6163,6293","s1v1|e_6|6296,6327"],"confidence":{"state":"pre-added","who":["user:FabianBrese"],"prob":1}},{"classId":"r_8","type":"linked","directed":false,"entities":["s1v1|e_7|6664,6768","s1v1|e_6|6770,6812"],"confidence":{"state":"pre-added","who":["user:FabianBrese"],"prob":1}},{"classId":"r_8","type":"linked","directed":false,"entities":["s1v1|e_7|6973,7061","s1v1|e_6|7063,7115"],"confidence":{"state":"pre-added","who":["user:FabianBrese"],"prob":1}}]}