{"annotatable":{"parts":["s1v1"]},"anncomplete":true,"sources":[],"metas":{},"entities":[{"classId":"e_1","part":"s1v1","offsets":[{"start":22,"text":"H könnte gem. § 433 Abs. 2 BGB Anspruch auf Zahlung des Kaufpreises für den Luftreiniger gegen R haben"}],"coordinates":[],"confidence":{"state":"pre-added","who":["user:FabianBrese"],"prob":1},"fields":{},"normalizations":{}},{"classId":"e_1","part":"s1v1","offsets":[{"start":129,"text":"Voraussetzung dafür ist das Vorliegen eines Kaufvertrages zwischen H und R"}],"coordinates":[],"confidence":{"state":"pre-added","who":["user:FabianBrese"],"prob":1},"fields":{},"normalizations":{}},{"classId":"e_4","part":"s1v1","offsets":[{"start":205,"text":"Ein Vertrag kommt zustande durch zwei in Bezug aufeinander abgegebene, inhaltlich übereinstimmende Willenserklärungen (Angebot und Annahme)"}],"coordinates":[],"confidence":{"state":"pre-added","who":["user:FabianBrese"],"prob":1},"fields":{},"normalizations":{}},{"classId":"e_1","part":"s1v1","offsets":[{"start":358,"text":"Fraglich ist, ob ein Angebot durch R vorliegt"}],"coordinates":[],"confidence":{"state":"pre-added","who":["user:FabianBrese"],"prob":1},"fields":{},"normalizations":{}},{"classId":"e_4","part":"s1v1","offsets":[{"start":405,"text":"Ein Angebot ist eine empfangsbedürftige Willenserklärung, durch die einem anderen der Vertragsschluss unter Festlegung der wesentlichen Vertragsbestandteile (Kaufpreis, Kaufsache, Vertragsparteien) so angetragen wird, dass das Zustandekommen des Vertrages nur von dessen Zustimmung abhängt"}],"coordinates":[],"confidence":{"state":"pre-added","who":["user:FabianBrese"],"prob":1},"fields":{},"normalizations":{}},{"classId":"e_5","part":"s1v1","offsets":[{"start":696,"text":"R erklärt, dass sie das Produkt „Leitz Z-1000“ zu den üblichen Konditionen bei H kaufen möchte. Dadurch sind die Vertragsparteien, R und H, sowie die Kaufsache, „Leitz Z-1000“, nicht jedoch der Kaufpreis benannt."}],"coordinates":[],"confidence":{"state":"pre-added","who":["user:FabianBrese"],"prob":1},"fields":{},"normalizations":{}},{"classId":"e_7","part":"s1v1","offsets":[{"start":696,"text":"R erklärt, dass sie das Produkt „Leitz Z-1000“ zu den üblichen Konditionen bei H kaufen möchte"}],"coordinates":[],"confidence":{"state":"pre-added","who":["user:FabianBrese"],"prob":1},"fields":{},"normalizations":{}},{"classId":"e_6","part":"s1v1","offsets":[{"start":792,"text":"Dadurch sind die Vertragsparteien, R und H, sowie die Kaufsache, „Leitz Z-1000“, nicht jedoch der Kaufpreis benannt"}],"coordinates":[],"confidence":{"state":"pre-added","who":["user:FabianBrese"],"prob":1},"fields":{},"normalizations":{}},{"classId":"e_2","part":"s1v1","offsets":[{"start":909,"text":"Es handelt sich somit nicht um ein Angebot durch R"}],"coordinates":[],"confidence":{"state":"pre-added","who":["user:FabianBrese"],"prob":1},"fields":{},"normalizations":{}},{"classId":"e_1","part":"s1v1","offsets":[{"start":973,"text":"Fraglich ist, ob H das Angebot angenommen hat"}],"coordinates":[],"confidence":{"state":"pre-added","who":["user:FabianBrese"],"prob":1},"fields":{},"normalizations":{}},{"classId":"e_4","part":"s1v1","offsets":[{"start":1020,"text":"Eine Annahme ist die in Bezug auf ein Angebot abgegebene bedingungslos zustimmende Willenserklärung"}],"coordinates":[],"confidence":{"state":"pre-added","who":["user:FabianBrese"],"prob":1},"fields":{},"normalizations":{}},{"classId":"e_5","part":"s1v1","offsets":[{"start":1121,"text":"H hat, das seiner Meinung nach gewünschte Produkt besorgt, jedoch ohne die Kenntnis des Kaufpreises und persönlich an R geliefert."}],"coordinates":[],"confidence":{"state":"pre-added","who":["user:FabianBrese"],"prob":1},"fields":{},"normalizations":{}},{"classId":"e_7","part":"s1v1","offsets":[{"start":1121,"text":"H hat, das seiner Meinung nach gewünschte Produkt besorgt"}],"coordinates":[],"confidence":{"state":"pre-added","who":["user:FabianBrese"],"prob":1},"fields":{},"normalizations":{}},{"classId":"e_6","part":"s1v1","offsets":[{"start":1180,"text":"jedoch ohne die Kenntnis des Kaufpreises und persönlich an R geliefert"}],"coordinates":[],"confidence":{"state":"pre-added","who":["user:FabianBrese"],"prob":1},"fields":{},"normalizations":{}},{"classId":"e_2","part":"s1v1","offsets":[{"start":1252,"text":"H hat somit eine Annahme erklärt"}],"coordinates":[],"confidence":{"state":"pre-added","who":["user:FabianBrese"],"prob":1},"fields":{},"normalizations":{}},{"classId":"e_2","part":"s1v1","offsets":[{"start":1290,"text":"Da kein korrektes Angebot vorliegt, liegt auch kein Kaufvertrag vor"}],"coordinates":[],"confidence":{"state":"pre-added","who":["user:FabianBrese"],"prob":1},"fields":{},"normalizations":{}},{"classId":"e_1","part":"s1v1","offsets":[{"start":1485,"text":"Fraglich ist, ob R den Kaufvertrag anfechten kann"}],"coordinates":[],"confidence":{"state":"pre-added","who":["user:FabianBrese"],"prob":1},"fields":{},"normalizations":{}},{"classId":"e_4","part":"s1v1","offsets":[{"start":1536,"text":"Laut §119 BGB kann man eine Willenserklärung anfechten, wenn man bei der Abgabe über deren Inhalt im Irrtum war"}],"coordinates":[],"confidence":{"state":"pre-added","who":["user:FabianBrese"],"prob":1},"fields":{},"normalizations":{}},{"classId":"e_5","part":"s1v1","offsets":[{"start":1649,"text":"R wollte ein anderes Produkt bestellen und bestellte unbewusst ein falsches Produkt bei H. Es handelt sich somit um den Fall der Anfechtbarkeit wegen Irrtums, da R nicht bewusst dieses Produkt bei H bestellt hat, was letztlich geliefert wurde."}],"coordinates":[],"confidence":{"state":"pre-added","who":["user:FabianBrese"],"prob":1},"fields":{},"normalizations":{}},{"classId":"e_7","part":"s1v1","offsets":[{"start":1649,"text":"R wollte ein anderes Produkt bestellen und bestellte unbewusst ein falsches Produkt bei H"}],"coordinates":[],"confidence":{"state":"pre-added","who":["user:FabianBrese"],"prob":1},"fields":{},"normalizations":{}},{"classId":"e_6","part":"s1v1","offsets":[{"start":1740,"text":"Es handelt sich somit um den Fall der Anfechtbarkeit wegen Irrtums, da R nicht bewusst dieses Produkt bei H bestellt hat, was letztlich geliefert wurde"}],"coordinates":[],"confidence":{"state":"pre-added","who":["user:FabianBrese"],"prob":1},"fields":{},"normalizations":{}},{"classId":"e_2","part":"s1v1","offsets":[{"start":1897,"text":"H hat somit keinen Anspruch auf Zahlung des Kaufpreises für den Luftreiniger gegen R, weil H zunächst den Kaufpreis mit R hätte festlegen müssen"}],"coordinates":[],"confidence":{"state":"pre-added","who":["user:FabianBrese"],"prob":1},"fields":{},"normalizations":{}}],"relations":[{"classId":"r_3","type":"linked","directed":false,"entities":["s1v1|e_2|909,958","s1v1|e_1|358,402"],"confidence":{"state":"pre-added","who":["user:FabianBrese"],"prob":1}},{"classId":"r_3","type":"linked","directed":false,"entities":["s1v1|e_2|1252,1283","s1v1|e_1|973,1017"],"confidence":{"state":"pre-added","who":["user:FabianBrese"],"prob":1}},{"classId":"r_3","type":"linked","directed":false,"entities":["s1v1|e_2|1290,1356","s1v1|e_1|129,202"],"confidence":{"state":"pre-added","who":["user:FabianBrese"],"prob":1}},{"classId":"r_3","type":"linked","directed":false,"entities":["s1v1|e_2|1897,2040","s1v1|e_1|22,123"],"confidence":{"state":"pre-added","who":["user:FabianBrese"],"prob":1}},{"classId":"r_8","type":"linked","directed":false,"entities":["s1v1|e_7|696,789","s1v1|e_6|792,906"],"confidence":{"state":"pre-added","who":["user:FabianBrese"],"prob":1}},{"classId":"r_8","type":"linked","directed":false,"entities":["s1v1|e_7|1121,1177","s1v1|e_6|1180,1249"],"confidence":{"state":"pre-added","who":["user:FabianBrese"],"prob":1}},{"classId":"r_8","type":"linked","directed":false,"entities":["s1v1|e_7|1649,1737","s1v1|e_6|1740,1890"],"confidence":{"state":"pre-added","who":["user:FabianBrese"],"prob":1}}]}