{"annotatable":{"parts":["s1v1"]},"anncomplete":true,"sources":[],"metas":{},"entities":[{"classId":"e_1","part":"s1v1","offsets":[{"start":16,"text":"Könnte K gegen V einen Anspruch auf Übergabe und Übereinigung der Maschine gem. § 433 Abs. 1 Satz 1 BGB haben"}],"coordinates":[],"confidence":{"state":"pre-added","who":["user:FabianBrese"],"prob":1},"fields":{},"normalizations":{}},{"classId":"e_1","part":"s1v1","offsets":[{"start":150,"text":"Fraglich ist ob ein Kaufvertrag zwischen K und V zustande gekommen ist"}],"coordinates":[],"confidence":{"state":"pre-added","who":["user:FabianBrese"],"prob":1},"fields":{},"normalizations":{}},{"classId":"e_1","part":"s1v1","offsets":[{"start":375,"text":"Es könnte ein Angebot von V an K vorliegen"}],"coordinates":[],"confidence":{"state":"pre-added","who":["user:FabianBrese"],"prob":1},"fields":{},"normalizations":{}},{"classId":"e_4","part":"s1v1","offsets":[{"start":420,"text":"Ein Angebot ist eine empfangsbedürftige WE, die alle grundlegenden Bestandteile des Vertrags enthält, sodass der Abnehmende es mit einem einfachen „ja“ annehmen kann"}],"coordinates":[],"confidence":{"state":"pre-added","who":["user:FabianBrese"],"prob":1},"fields":{},"normalizations":{}},{"classId":"e_4","part":"s1v1","offsets":[{"start":587,"text":"Es muss also die Parteien, den Vertragsgegenstand und ggf. die Gegenleistung erkennen lassen"}],"coordinates":[],"confidence":{"state":"pre-added","who":["user:FabianBrese"],"prob":1},"fields":{},"normalizations":{}},{"classId":"e_5","part":"s1v1","offsets":[{"start":682,"text":"V hat selbst kein Angebot abgegeben an K. Möglicherweise könnte aber das Angebot der A, die Maschine für 1.000.000 € zu verkaufen gem. § 164 Abs. 1 BGB unmittelbar für und gegen V wirken, wenn dies wirksam von A vertreten wurde."}],"coordinates":[],"confidence":{"state":"pre-added","who":["user:FabianBrese"],"prob":1},"fields":{},"normalizations":{}},{"classId":"e_7","part":"s1v1","offsets":[{"start":682,"text":"V hat selbst kein Angebot abgegeben an K"}],"coordinates":[],"confidence":{"state":"pre-added","who":["user:FabianBrese"],"prob":1},"fields":{},"normalizations":{}},{"classId":"e_6","part":"s1v1","offsets":[{"start":724,"text":"Möglicherweise könnte aber das Angebot der A, die Maschine für 1.000.000 € zu verkaufen gem. § 164 Abs. 1 BGB unmittelbar für und gegen V wirken, wenn dies wirksam von A vertreten wurde"}],"coordinates":[],"confidence":{"state":"pre-added","who":["user:FabianBrese"],"prob":1},"fields":{},"normalizations":{}},{"classId":"e_1","part":"s1v1","offsets":[{"start":1191,"text":"A müsste eine eigene WE. als Stellvertretet abgegeben haben"}],"coordinates":[],"confidence":{"state":"pre-added","who":["user:FabianBrese"],"prob":1},"fields":{},"normalizations":{}},{"classId":"e_5","part":"s1v1","offsets":[{"start":1253,"text":"A hat eigenverantwortlich verhandelt und nach Auslegung des objektiven Empfängerhorizonts gem. §§ 133, 157 BGB, gab A aus objektiver Sicht, K ein Angebot ab."}],"coordinates":[],"confidence":{"state":"pre-added","who":["user:FabianBrese"],"prob":1},"fields":{},"normalizations":{}},{"classId":"e_7","part":"s1v1","offsets":[{"start":1253,"text":"A hat eigenverantwortlich verhandelt"}],"coordinates":[],"confidence":{"state":"pre-added","who":["user:FabianBrese"],"prob":1},"fields":{},"normalizations":{}},{"classId":"e_6","part":"s1v1","offsets":[{"start":1290,"text":"und nach Auslegung des objektiven Empfängerhorizonts gem. §§ 133, 157 BGB, gab A aus objektiver Sicht, K ein Angebot ab"}],"coordinates":[],"confidence":{"state":"pre-added","who":["user:FabianBrese"],"prob":1},"fields":{},"normalizations":{}},{"classId":"e_2","part":"s1v1","offsets":[{"start":1411,"text":"Folglich hat A eine eigene WE. abgebeben"}],"coordinates":[],"confidence":{"state":"pre-added","who":["user:FabianBrese"],"prob":1},"fields":{},"normalizations":{}},{"classId":"e_1","part":"s1v1","offsets":[{"start":1476,"text":"A müsste im Namen von K gehandelt haben"}],"coordinates":[],"confidence":{"state":"pre-added","who":["user:FabianBrese"],"prob":1},"fields":{},"normalizations":{}},{"classId":"e_5","part":"s1v1","offsets":[{"start":1762,"text":"Im Verhandlungsaustausch zwischen K und A war klar ersichtlich, dass die Maschine auf Wunsch von V verkauft werden sollte."}],"coordinates":[],"confidence":{"state":"pre-added","who":["user:FabianBrese"],"prob":1},"fields":{},"normalizations":{}},{"classId":"e_2","part":"s1v1","offsets":[{"start":1885,"text":"Somit hat A im Namen von V, das Angebot abgegeben"}],"coordinates":[],"confidence":{"state":"pre-added","who":["user:FabianBrese"],"prob":1},"fields":{},"normalizations":{}},{"classId":"e_2","part":"s1v1","offsets":[{"start":1960,"text":"A hat im Auftrag von V, wirksam ein Angebot zum Verkauf der Maschine an K gem. § 164 Abs. 1 BGB abgegeben"}],"coordinates":[],"confidence":{"state":"pre-added","who":["user:FabianBrese"],"prob":1},"fields":{},"normalizations":{}},{"classId":"e_1","part":"s1v1","offsets":[{"start":2080,"text":"K müsste das Angebot von A für V bis zum 10.3 angenommen haben"}],"coordinates":[],"confidence":{"state":"pre-added","who":["user:FabianBrese"],"prob":1},"fields":{},"normalizations":{}},{"classId":"e_4","part":"s1v1","offsets":[{"start":2144,"text":"Eine Annahme ist eine empfangsbedürftige WE., durch die der Antragsempfänger sein Einverständnis, mit dem angebotenen Vertragsabschluss akzeptieren muss"}],"coordinates":[],"confidence":{"state":"pre-added","who":["user:FabianBrese"],"prob":1},"fields":{},"normalizations":{}},{"classId":"e_4","part":"s1v1","offsets":[{"start":2299,"text":"Liegt in dem vorliegenden Angebot eine Frist vor, dann kann nach § 148 BGB, die Annahme nur innerhalb der Frist erfolgen"}],"coordinates":[],"confidence":{"state":"pre-added","who":["user:FabianBrese"],"prob":1},"fields":{},"normalizations":{}},{"classId":"e_4","part":"s1v1","offsets":[{"start":2421,"text":"Die Annahmeerklärung wird unter Abwesenden nach § 130 Abs. 1 Satz 1 BGB mit Zugang wirksam"}],"coordinates":[],"confidence":{"state":"pre-added","who":["user:FabianBrese"],"prob":1},"fields":{},"normalizations":{}},{"classId":"e_4","part":"s1v1","offsets":[{"start":2513,"text":"Zugang liegt vor, wenn nach verkehrsüblicher Weise dem Empfänger, die tatsächliche Verfügungsgewalt vorliegt"}],"coordinates":[],"confidence":{"state":"pre-added","who":["user:FabianBrese"],"prob":1},"fields":{},"normalizations":{}},{"classId":"e_5","part":"s1v1","offsets":[{"start":2624,"text":"K hat fristgerecht die Annahme des Angebot gegenüber A erklärt. Da unglücklicherweise die E-Mail in den Spam Ordner von A gelangt ist und A somit die E-Mail nicht gelesen hat. Kann man trotzdem davon ausgehen, dass K keine Schuld trifft und Fristkorrekt gehandelt hat, weil man zumindest am Stichtag des Ablaufes der Frist ordnungsgemäß sein komplettes E-Mail-Fach (Postfach, Spam-Ordner) überprüfen sollte."}],"coordinates":[],"confidence":{"state":"pre-added","who":["user:FabianBrese"],"prob":1},"fields":{},"normalizations":{}},{"classId":"e_6","part":"s1v1","offsets":[{"start":2624,"text":"K hat fristgerecht die Annahme des Angebot gegenüber A erklärt"}],"coordinates":[],"confidence":{"state":"pre-added","who":["user:FabianBrese"],"prob":1},"fields":{},"normalizations":{}},{"classId":"e_7","part":"s1v1","offsets":[{"start":2688,"text":"Da unglücklicherweise die E-Mail in den Spam Ordner von A gelangt ist und A somit die E-Mail nicht gelesen hat. Kann man trotzdem davon ausgehen, dass K keine Schuld trifft und Fristkorrekt gehandelt hat"}],"coordinates":[],"confidence":{"state":"pre-added","who":["user:FabianBrese"],"prob":1},"fields":{},"normalizations":{}},{"classId":"e_6","part":"s1v1","offsets":[{"start":2893,"text":"weil man zumindest am Stichtag des Ablaufes der Frist ordnungsgemäß sein komplettes E-Mail-Fach (Postfach, Spam-Ordner) überprüfen sollte"}],"coordinates":[],"confidence":{"state":"pre-added","who":["user:FabianBrese"],"prob":1},"fields":{},"normalizations":{}},{"classId":"e_2","part":"s1v1","offsets":[{"start":3033,"text":"Das Angebot von A für V, wurde rechtzeitig bis Fristende wirksam von K angenommen"}],"coordinates":[],"confidence":{"state":"pre-added","who":["user:FabianBrese"],"prob":1},"fields":{},"normalizations":{}},{"classId":"e_2","part":"s1v1","offsets":[{"start":3140,"text":"Es ist ein Kaufvertrag zwischen K und V zustande gekommen"}],"coordinates":[],"confidence":{"state":"pre-added","who":["user:FabianBrese"],"prob":1},"fields":{},"normalizations":{}},{"classId":"e_1","part":"s1v1","offsets":[{"start":3216,"text":"Der Kaufvertrag könnte aber nach § 142 Abs. 1 BGB von Anfang an unwirksam sein, wenn V den Kaufvertrag wirksam angefochten hat"}],"coordinates":[],"confidence":{"state":"pre-added","who":["user:FabianBrese"],"prob":1},"fields":{},"normalizations":{}},{"classId":"e_1","part":"s1v1","offsets":[{"start":3368,"text":"Fraglich ist ob der vertretenden A § 164 Abs. 1 BGB, ein Fehler unterlaufen ist"}],"coordinates":[],"confidence":{"state":"pre-added","who":["user:FabianBrese"],"prob":1},"fields":{},"normalizations":{}},{"classId":"e_4","part":"s1v1","offsets":[{"start":3611,"text":"Unter verkehrswesentlichen Eigenschaften eines Gegenstands versteht man seine natürliche Beschaffenheit sowie tatsächliche und rechtliche Verhältnisse, die nach der Verkehrsanschauung von Einfluss auf seine Wertschätzung sind"}],"coordinates":[],"confidence":{"state":"pre-added","who":["user:FabianBrese"],"prob":1},"fields":{},"normalizations":{}},{"classId":"e_4","part":"s1v1","offsets":[{"start":3838,"text":"Bei diesen wertbildenden Faktoren muss es sich stattdessen um Umstände handeln, die außerhalb des Gegenstands selbst liegen und lediglich seine Beziehungen zur Umwelt betreffen"}],"coordinates":[],"confidence":{"state":"pre-added","who":["user:FabianBrese"],"prob":1},"fields":{},"normalizations":{}},{"classId":"e_5","part":"s1v1","offsets":[{"start":4016,"text":"Der wirtschaftliche Wert, wie der Markpreis ist keine Eigenschaft im Sinne von § 119 Abs. 2 BGB."}],"coordinates":[],"confidence":{"state":"pre-added","who":["user:FabianBrese"],"prob":1},"fields":{},"normalizations":{}},{"classId":"e_5","part":"s1v1","offsets":[{"start":4114,"text":"Über die Beschaffenheit der Maschine selbst oder ihr unmittelbar anhaftende wertbildende Faktoren hat sich A nicht geirrt. A hat sich infolge über das Marktpreispotential geirrt und so dessen eine falsche Marktpreis Einschätzung abgegeben. Der Marktpreis ist aber keine Eigenschaft der Maschine gem. § 119 Abs. 2 BGB."}],"coordinates":[],"confidence":{"state":"pre-added","who":["user:FabianBrese"],"prob":1},"fields":{},"normalizations":{}},{"classId":"e_7","part":"s1v1","offsets":[{"start":4114,"text":"Über die Beschaffenheit der Maschine selbst oder ihr unmittelbar anhaftende wertbildende Faktoren hat sich A nicht geirrt"}],"coordinates":[],"confidence":{"state":"pre-added","who":["user:FabianBrese"],"prob":1},"fields":{},"normalizations":{}},{"classId":"e_7","part":"s1v1","offsets":[{"start":4237,"text":"A hat sich infolge über das Marktpreispotential geirrt und so dessen eine falsche Marktpreis Einschätzung abgegeben"}],"coordinates":[],"confidence":{"state":"pre-added","who":["user:FabianBrese"],"prob":1},"fields":{},"normalizations":{}},{"classId":"e_6","part":"s1v1","offsets":[{"start":4354,"text":"Der Marktpreis ist aber keine Eigenschaft der Maschine gem. § 119 Abs. 2 BGB"}],"coordinates":[],"confidence":{"state":"pre-added","who":["user:FabianBrese"],"prob":1},"fields":{},"normalizations":{}},{"classId":"e_2","part":"s1v1","offsets":[{"start":4433,"text":"V kann nicht den Kaufvertrag wegen Eigenschaftsirrtum anfechten lassen"}],"coordinates":[],"confidence":{"state":"pre-added","who":["user:FabianBrese"],"prob":1},"fields":{},"normalizations":{}},{"classId":"e_2","part":"s1v1","offsets":[{"start":4529,"text":"V hat den Kaufvertrag mit K nicht wirksam angefochten"}],"coordinates":[],"confidence":{"state":"pre-added","who":["user:FabianBrese"],"prob":1},"fields":{},"normalizations":{}},{"classId":"e_2","part":"s1v1","offsets":[{"start":4599,"text":"K hat Anspruch auf den wirksamen Kaufvertrag nach § 433 Abs. 1 Satz 1 BGB, dass V die Maschine übertragen und übergeben muss an K"}],"coordinates":[],"confidence":{"state":"pre-added","who":["user:FabianBrese"],"prob":1},"fields":{},"normalizations":{}}],"relations":[{"classId":"r_3","type":"linked","directed":false,"entities":["s1v1|e_2|1411,1450","s1v1|e_1|1191,1249"],"confidence":{"state":"pre-added","who":["user:FabianBrese"],"prob":1}},{"classId":"r_3","type":"linked","directed":false,"entities":["s1v1|e_2|1885,1933","s1v1|e_1|1476,1514"],"confidence":{"state":"pre-added","who":["user:FabianBrese"],"prob":1}},{"classId":"r_3","type":"linked","directed":false,"entities":["s1v1|e_2|3033,3113","s1v1|e_1|2080,2141"],"confidence":{"state":"pre-added","who":["user:FabianBrese"],"prob":1}},{"classId":"r_3","type":"linked","directed":false,"entities":["s1v1|e_2|3140,3196","s1v1|e_1|150,219"],"confidence":{"state":"pre-added","who":["user:FabianBrese"],"prob":1}},{"classId":"r_3","type":"linked","directed":false,"entities":["s1v1|e_2|4433,4502","s1v1|e_1|3368,3446"],"confidence":{"state":"pre-added","who":["user:FabianBrese"],"prob":1}},{"classId":"r_3","type":"linked","directed":false,"entities":["s1v1|e_2|4529,4581","s1v1|e_1|3216,3341"],"confidence":{"state":"pre-added","who":["user:FabianBrese"],"prob":1}},{"classId":"r_3","type":"linked","directed":false,"entities":["s1v1|e_2|4599,4727","s1v1|e_1|16,124"],"confidence":{"state":"pre-added","who":["user:FabianBrese"],"prob":1}},{"classId":"r_8","type":"linked","directed":false,"entities":["s1v1|e_7|1253,1288","s1v1|e_6|1290,1408"],"confidence":{"state":"pre-added","who":["user:FabianBrese"],"prob":1}},{"classId":"r_8","type":"linked","directed":false,"entities":["s1v1|e_7|2688,2890","s1v1|e_6|2893,3029"],"confidence":{"state":"pre-added","who":["user:FabianBrese"],"prob":1}},{"classId":"r_8","type":"linked","directed":false,"entities":["s1v1|e_7|4237,4351","s1v1|e_6|4354,4429"],"confidence":{"state":"pre-added","who":["user:FabianBrese"],"prob":1}}]}