{"annotatable":{"parts":["s1v1"]},"anncomplete":true,"sources":[],"metas":{},"entities":[{"classId":"e_1","part":"s1v1","offsets":[{"start":293,"text":"H könnte gegen K einen Anspruch auf Zahlung von 125€ nach §433 II BGB haben"}],"coordinates":[],"confidence":{"state":"pre-added","who":["user:Frederike"],"prob":1},"fields":{},"normalizations":{}},{"classId":"e_1","part":"s1v1","offsets":[{"start":370,"text":"Dazu müsste ein Kaufvertrag vorliegen"}],"coordinates":[],"confidence":{"state":"pre-added","who":["user:Frederike"],"prob":1},"fields":{},"normalizations":{}},{"classId":"e_4","part":"s1v1","offsets":[{"start":409,"text":"Ein Kaufvertrag liegt vor, wenn es zwei übereinstimmende Willenserklärungen (ein Angebot und eine Annahme dessen) gibt"}],"coordinates":[],"confidence":{"state":"pre-added","who":["user:Frederike"],"prob":1},"fields":{},"normalizations":{}},{"classId":"e_1","part":"s1v1","offsets":[{"start":529,"text":"R müsste ein Angebot zum Kauf des Produktes abgegeben haben"}],"coordinates":[],"confidence":{"state":"pre-added","who":["user:Frederike"],"prob":1},"fields":{},"normalizations":{}},{"classId":"e_4","part":"s1v1","offsets":[{"start":590,"text":"Ein Angebot ist nach § 145ff. BGB eine empfangsbedürftige Willenserklärung, dessen Vertragsschluss nur noch ein Einverständnis des anderen braucht"}],"coordinates":[],"confidence":{"state":"pre-added","who":["user:Frederike"],"prob":1},"fields":{},"normalizations":{}},{"classId":"e_5","part":"s1v1","offsets":[{"start":738,"text":"In diesem Fall hat die Rechtsanwältin dem Elektrohändler ein Angebot per E-Mail zum Kauf der Ware mit der Bezeichnung Z-1000 gemacht. H muss das Angebot zum Kauf nur noch annehmen damit ein Vertragsschluss zustande kommt."}],"coordinates":[],"confidence":{"state":"pre-added","who":["user:Frederike"],"prob":1},"fields":{},"normalizations":{}},{"classId":"e_7","part":"s1v1","offsets":[{"start":738,"text":"In diesem Fall hat die Rechtsanwältin dem Elektrohändler ein Angebot per E-Mail zum Kauf der Ware mit der Bezeichnung Z-1000 gemacht"}],"coordinates":[],"confidence":{"state":"pre-added","who":["user:Frederike"],"prob":1},"fields":{},"normalizations":{}},{"classId":"e_7","part":"s1v1","offsets":[{"start":872,"text":"H muss das Angebot zum Kauf nur noch annehmen damit ein Vertragsschluss zustande kommt"}],"coordinates":[],"confidence":{"state":"pre-added","who":["user:Frederike"],"prob":1},"fields":{},"normalizations":{}},{"classId":"e_2","part":"s1v1","offsets":[{"start":960,"text":"R hat somit ein Angebot abgegeben"}],"coordinates":[],"confidence":{"state":"pre-added","who":["user:Frederike"],"prob":1},"fields":{},"normalizations":{}},{"classId":"e_1","part":"s1v1","offsets":[{"start":995,"text":"H müsste das Angebot angenommen haben"}],"coordinates":[],"confidence":{"state":"pre-added","who":["user:Frederike"],"prob":1},"fields":{},"normalizations":{}},{"classId":"e_4","part":"s1v1","offsets":[{"start":1034,"text":"Die Annahme ist nach 145ff. BGB eine empfangsbedürftige Willenserklärung, durch die dem Angebot uneingeschränkt zugestimmt wird"}],"coordinates":[],"confidence":{"state":"pre-added","who":["user:Frederike"],"prob":1},"fields":{},"normalizations":{}},{"classId":"e_5","part":"s1v1","offsets":[{"start":1163,"text":"H hat dem Angebot (die E-Mail der R) zugestimmt und die Ware der R persönlich, nach dem er es bei einem Großhändler besorgt hat, geliefert."}],"coordinates":[],"confidence":{"state":"pre-added","who":["user:Frederike"],"prob":1},"fields":{},"normalizations":{}},{"classId":"e_7","part":"s1v1","offsets":[{"start":1163,"text":"H hat dem Angebot (die E-Mail der R) zugestimmt und die Ware der R persönlich, nach dem er es bei einem Großhändler besorgt hat, geliefert"}],"coordinates":[],"confidence":{"state":"pre-added","who":["user:Frederike"],"prob":1},"fields":{},"normalizations":{}},{"classId":"e_2","part":"s1v1","offsets":[{"start":1303,"text":"H hat das Angebot daher angenommen, folglich kam es zu einem Vertragsschluss zwischen R und H"}],"coordinates":[],"confidence":{"state":"pre-added","who":["user:Frederike"],"prob":1},"fields":{},"normalizations":{}},{"classId":"e_2","part":"s1v1","offsets":[{"start":1398,"text":"Die Voraussetzungen für das Zustandekommen eins Kaufvertrages nach §433 liegen somit vor"}],"coordinates":[],"confidence":{"state":"pre-added","who":["user:Frederike"],"prob":1},"fields":{},"normalizations":{}},{"classId":"e_2","part":"s1v1","offsets":[{"start":1489,"text":"H hat somit Anspruch auf die Zahlung des Kaufpreises über 125€ für das gelieferte Produkt"}],"coordinates":[],"confidence":{"state":"pre-added","who":["user:Frederike"],"prob":1},"fields":{},"normalizations":{}}],"relations":[{"classId":"r_3","type":"linked","directed":false,"entities":["s1v1|e_1|529,587","s1v1|e_2|960,992"],"confidence":{"state":"pre-added","who":["user:Frederike"],"prob":1}},{"classId":"r_3","type":"linked","directed":false,"entities":["s1v1|e_1|995,1031","s1v1|e_2|1303,1395"],"confidence":{"state":"pre-added","who":["user:Frederike"],"prob":1}},{"classId":"r_3","type":"linked","directed":false,"entities":["s1v1|e_2|1489,1577","s1v1|e_1|293,367"],"confidence":{"state":"pre-added","who":["user:Frederike"],"prob":1}}]}