{"annotatable":{"parts":["s1v1"]},"anncomplete":false,"sources":[],"metas":{},"entities":[{"classId":"e_1","part":"s1v1","offsets":[{"start":16,"text":"A könnte Anspruch auf Übergabe und Übereignung des hochwertigen Stahls von C nach § 433 Abs. 1 BGB haben"}],"coordinates":[],"confidence":{"state":"pre-added","who":["user:FabianBrese"],"prob":1},"fields":{},"normalizations":{}},{"classId":"e_1","part":"s1v1","offsets":[{"start":123,"text":"Hierfür müsste ein Kaufvertrag zustande gekommen sein"}],"coordinates":[],"confidence":{"state":"pre-added","who":["user:FabianBrese"],"prob":1},"fields":{},"normalizations":{}},{"classId":"e_4","part":"s1v1","offsets":[{"start":178,"text":"Ein Kaufvertrag kommt durch zwei inhaltlich deckende Willenserklärungen (Angebot und Annahme) §§ 145 ff. BGB zustande"}],"coordinates":[],"confidence":{"state":"pre-added","who":["user:FabianBrese"],"prob":1},"fields":{},"normalizations":{}},{"classId":"e_5","part":"s1v1","offsets":[{"start":310,"text":"Aus dem Sachverhalt geht hervor, dass C zwei Angebot von Stahl mittlerer und hoher Qualität zum Gesamtpreis von 235.000 EUR, beziehungsweise in Höhe von 265.000 EUR für den hochwertigen Stahl vorlegt."}],"coordinates":[],"confidence":{"state":"pre-added","who":["user:FabianBrese"],"prob":1},"fields":{},"normalizations":{}},{"classId":"e_2","part":"s1v1","offsets":[{"start":511,"text":"Ein Angebot liegt vor"}],"coordinates":[],"confidence":{"state":"pre-added","who":["user:FabianBrese"],"prob":1},"fields":{},"normalizations":{}},{"classId":"e_1","part":"s1v1","offsets":[{"start":547,"text":"A könnte das Angebot angenommen haben"}],"coordinates":[],"confidence":{"state":"pre-added","who":["user:FabianBrese"],"prob":1},"fields":{},"normalizations":{}},{"classId":"e_5","part":"s1v1","offsets":[{"start":586,"text":"Das Angebot wurde der A nicht angetragen. A konnte das Angebot nicht persönlich annehmen."}],"coordinates":[],"confidence":{"state":"pre-added","who":["user:FabianBrese"],"prob":1},"fields":{},"normalizations":{}},{"classId":"e_2","part":"s1v1","offsets":[{"start":676,"text":"Eine Annahme durch die A liegt nicht vor"}],"coordinates":[],"confidence":{"state":"pre-added","who":["user:FabianBrese"],"prob":1},"fields":{},"normalizations":{}},{"classId":"e_1","part":"s1v1","offsets":[{"start":719,"text":"B könnte das Angebot angenommen haben"}],"coordinates":[],"confidence":{"state":"pre-added","who":["user:FabianBrese"],"prob":1},"fields":{},"normalizations":{}},{"classId":"e_1","part":"s1v1","offsets":[{"start":758,"text":"Hierfür müsste B berechtigt gewesen sein das Angebot anzunehmen"}],"coordinates":[],"confidence":{"state":"pre-added","who":["user:FabianBrese"],"prob":1},"fields":{},"normalizations":{}},{"classId":"e_1","part":"s1v1","offsets":[{"start":861,"text":"Die Stellvertretung der A durch B müsste zulässig sein"}],"coordinates":[],"confidence":{"state":"pre-added","who":["user:FabianBrese"],"prob":1},"fields":{},"normalizations":{}},{"classId":"e_5","part":"s1v1","offsets":[{"start":917,"text":"Aus dem Sachverhalt geht keine Unzulässigkeit heraus."}],"coordinates":[],"confidence":{"state":"pre-added","who":["user:FabianBrese"],"prob":1},"fields":{},"normalizations":{}},{"classId":"e_2","part":"s1v1","offsets":[{"start":971,"text":"Die Stellvertretung der A durch B ist zulässig"}],"coordinates":[],"confidence":{"state":"pre-added","who":["user:FabianBrese"],"prob":1},"fields":{},"normalizations":{}},{"classId":"e_1","part":"s1v1","offsets":[{"start":1063,"text":"B müsste eine eigene Willenserklärung äußern können"}],"coordinates":[],"confidence":{"state":"pre-added","who":["user:FabianBrese"],"prob":1},"fields":{},"normalizations":{}},{"classId":"e_5","part":"s1v1","offsets":[{"start":1116,"text":"B kann über die Einzelheiten des Stahlkaufs entscheiden."}],"coordinates":[],"confidence":{"state":"pre-added","who":["user:FabianBrese"],"prob":1},"fields":{},"normalizations":{}},{"classId":"e_2","part":"s1v1","offsets":[{"start":1173,"text":"B kann eine eigene Willenserklärung äußern"}],"coordinates":[],"confidence":{"state":"pre-added","who":["user:FabianBrese"],"prob":1},"fields":{},"normalizations":{}},{"classId":"e_1","part":"s1v1","offsets":[{"start":1265,"text":"C hätten wissen müssen, dass die B die A vertritt"}],"coordinates":[],"confidence":{"state":"pre-added","who":["user:FabianBrese"],"prob":1},"fields":{},"normalizations":{}},{"classId":"e_5","part":"s1v1","offsets":[{"start":1316,"text":"A hat der C in einem Schreiben mitgeteilt, dass die A 500 Tonnen Stahl benötigt und die B sich um die Einzelheiten für die Beschaffung kümmern solle."}],"coordinates":[],"confidence":{"state":"pre-added","who":["user:FabianBrese"],"prob":1},"fields":{},"normalizations":{}},{"classId":"e_7","part":"s1v1","offsets":[{"start":1316,"text":"A hat der C in einem Schreiben mitgeteilt, dass die A 500 Tonnen Stahl benötigt und die B sich um die Einzelheiten für die Beschaffung kümmern solle"}],"coordinates":[],"confidence":{"state":"pre-added","who":["user:FabianBrese"],"prob":1},"fields":{},"normalizations":{}},{"classId":"e_2","part":"s1v1","offsets":[{"start":1466,"text":"B vertritt im Namen der A"}],"coordinates":[],"confidence":{"state":"pre-added","who":["user:FabianBrese"],"prob":1},"fields":{},"normalizations":{}},{"classId":"e_1","part":"s1v1","offsets":[{"start":1531,"text":"Es muss eine Vertretung der A von B nach § 164 Abs. 1 BGB zustande gekommen sein"}],"coordinates":[],"confidence":{"state":"pre-added","who":["user:FabianBrese"],"prob":1},"fields":{},"normalizations":{}},{"classId":"e_5","part":"s1v1","offsets":[{"start":1613,"text":"A hat B eine rechtsvertragliche Außenvollmacht nach § 167 Abs. 1 Alt. 2 BGB erteilt, um Stahl zu kaufen."}],"coordinates":[],"confidence":{"state":"pre-added","who":["user:FabianBrese"],"prob":1},"fields":{},"normalizations":{}},{"classId":"e_2","part":"s1v1","offsets":[{"start":1718,"text":"Es liegt eine Stellvertretung vor"}],"coordinates":[],"confidence":{"state":"pre-added","who":["user:FabianBrese"],"prob":1},"fields":{},"normalizations":{}},{"classId":"e_1","part":"s1v1","offsets":[{"start":1776,"text":"B müsste im Vertretungsrahmen handeln"}],"coordinates":[],"confidence":{"state":"pre-added","who":["user:FabianBrese"],"prob":1},"fields":{},"normalizations":{}},{"classId":"e_5","part":"s1v1","offsets":[{"start":1815,"text":"Da die B sich um alle Einzelheiten kümmern soll und ihr nur mitgeteilt wurde, dass sie Stahl besorgen soll, beläuft sich der Vertretungsrahmen ausschließlich auf die Beschaffung, nicht jedoch beispielsweise auf den Preis."}],"coordinates":[],"confidence":{"state":"pre-added","who":["user:FabianBrese"],"prob":1},"fields":{},"normalizations":{}},{"classId":"e_7","part":"s1v1","offsets":[{"start":1815,"text":"Da die B sich um alle Einzelheiten kümmern soll und ihr nur mitgeteilt wurde, dass sie Stahl besorgen soll, beläuft sich der Vertretungsrahmen ausschließlich auf die Beschaffung"}],"coordinates":[],"confidence":{"state":"pre-added","who":["user:FabianBrese"],"prob":1},"fields":{},"normalizations":{}},{"classId":"e_6","part":"s1v1","offsets":[{"start":1994,"text":"nicht jedoch beispielsweise auf den Preis"}],"coordinates":[],"confidence":{"state":"pre-added","who":["user:FabianBrese"],"prob":1},"fields":{},"normalizations":{}},{"classId":"e_2","part":"s1v1","offsets":[{"start":2037,"text":"B handelt im Vertretungsrahmen"}],"coordinates":[],"confidence":{"state":"pre-added","who":["user:FabianBrese"],"prob":1},"fields":{},"normalizations":{}},{"classId":"e_2","part":"s1v1","offsets":[{"start":2070,"text":"Eine wirksame Stellvertretung liegt vor"}],"coordinates":[],"confidence":{"state":"pre-added","who":["user:FabianBrese"],"prob":1},"fields":{},"normalizations":{}},{"classId":"e_2","part":"s1v1","offsets":[{"start":2124,"text":"Eine Annahme durch die B liegt vor"}],"coordinates":[],"confidence":{"state":"pre-added","who":["user:FabianBrese"],"prob":1},"fields":{},"normalizations":{}},{"classId":"e_2","part":"s1v1","offsets":[{"start":2179,"text":"Es besteht ein wirksamer Kaufvertrag zwischen A und C"}],"coordinates":[],"confidence":{"state":"pre-added","who":["user:FabianBrese"],"prob":1},"fields":{},"normalizations":{}},{"classId":"e_1","part":"s1v1","offsets":[{"start":2266,"text":"Der Kaufvertrag könnte gemäß § 138 BGB ex tunc nichtig sein, wenn dieser sittenwidrig geschlossen wurde"}],"coordinates":[],"confidence":{"state":"pre-added","who":["user:FabianBrese"],"prob":1},"fields":{},"normalizations":{}},{"classId":"e_4","part":"s1v1","offsets":[{"start":2371,"text":"Als Sittenwidrigkeit wird der Verstoß gegen moralische Maßstäbe, die nicht in Verbotsgesetzen positiviert sind, bezeichnet"}],"coordinates":[],"confidence":{"state":"pre-added","who":["user:FabianBrese"],"prob":1},"fields":{},"normalizations":{}},{"classId":"e_5","part":"s1v1","offsets":[{"start":2495,"text":"B und C verabreden den Kauf des hochwertigen Stahls, da dieser teurer ist. B erhält im Gegenzug eine schwer erhältliche Playstation 5, um diesen Kaufvertrag so zu erwirken. Der hochwertige Stahl wurde für das ursprüngliche Vorhaben der A nicht benötigt, was B auch wusste."}],"coordinates":[],"confidence":{"state":"pre-added","who":["user:FabianBrese"],"prob":1},"fields":{},"normalizations":{}},{"classId":"e_7","part":"s1v1","offsets":[{"start":2495,"text":"B und C verabreden den Kauf des hochwertigen Stahls, da dieser teurer ist"}],"coordinates":[],"confidence":{"state":"pre-added","who":["user:FabianBrese"],"prob":1},"fields":{},"normalizations":{}},{"classId":"e_7","part":"s1v1","offsets":[{"start":2570,"text":"B erhält im Gegenzug eine schwer erhältliche Playstation 5"}],"coordinates":[],"confidence":{"state":"pre-added","who":["user:FabianBrese"],"prob":1},"fields":{},"normalizations":{}},{"classId":"e_6","part":"s1v1","offsets":[{"start":2630,"text":"um diesen Kaufvertrag so zu erwirken"}],"coordinates":[],"confidence":{"state":"pre-added","who":["user:FabianBrese"],"prob":1},"fields":{},"normalizations":{}},{"classId":"e_7","part":"s1v1","offsets":[{"start":2668,"text":"Der hochwertige Stahl wurde für das ursprüngliche Vorhaben der A nicht benötigt"}],"coordinates":[],"confidence":{"state":"pre-added","who":["user:FabianBrese"],"prob":1},"fields":{},"normalizations":{}},{"classId":"e_6","part":"s1v1","offsets":[{"start":2749,"text":"was B auch wusste"}],"coordinates":[],"confidence":{"state":"pre-added","who":["user:FabianBrese"],"prob":1},"fields":{},"normalizations":{}},{"classId":"e_2","part":"s1v1","offsets":[{"start":2768,"text":"Der Vertrag wurde sittenwidrig geschlossen und ist ex tunc nichtig"}],"coordinates":[],"confidence":{"state":"pre-added","who":["user:FabianBrese"],"prob":1},"fields":{},"normalizations":{}},{"classId":"e_2","part":"s1v1","offsets":[{"start":2853,"text":"Es ist kein gültiger Kaufvertrag zustande gekommen"}],"coordinates":[],"confidence":{"state":"pre-added","who":["user:FabianBrese"],"prob":1},"fields":{},"normalizations":{}},{"classId":"e_2","part":"s1v1","offsets":[{"start":2906,"text":"A hat keinen Anspruch auf Übergabe und Übereignung des Stahls nach § 433 Abs. 1 BGB gegenüber C"}],"coordinates":[],"confidence":{"state":"pre-added","who":["user:FabianBrese"],"prob":1},"fields":{},"normalizations":{}}],"relations":[{"classId":"r_3","type":"linked","directed":false,"entities":["s1v1|e_2|676,715","s1v1|e_1|547,583"],"confidence":{"state":"pre-added","who":["user:FabianBrese"],"prob":1}},{"classId":"r_3","type":"linked","directed":false,"entities":["s1v1|e_2|971,1016","s1v1|e_1|861,914"],"confidence":{"state":"pre-added","who":["user:FabianBrese"],"prob":1}},{"classId":"r_3","type":"linked","directed":false,"entities":["s1v1|e_2|1173,1214","s1v1|e_1|1063,1113"],"confidence":{"state":"pre-added","who":["user:FabianBrese"],"prob":1}},{"classId":"r_3","type":"linked","directed":false,"entities":["s1v1|e_2|1466,1490","s1v1|e_1|1265,1313"],"confidence":{"state":"pre-added","who":["user:FabianBrese"],"prob":1}},{"classId":"r_3","type":"linked","directed":false,"entities":["s1v1|e_2|1718,1750","s1v1|e_1|1531,1610"],"confidence":{"state":"pre-added","who":["user:FabianBrese"],"prob":1}},{"classId":"r_3","type":"linked","directed":false,"entities":["s1v1|e_2|2037,2066","s1v1|e_1|1776,1812"],"confidence":{"state":"pre-added","who":["user:FabianBrese"],"prob":1}},{"classId":"r_3","type":"linked","directed":false,"entities":["s1v1|e_2|2768,2833","s1v1|e_1|2266,2368"],"confidence":{"state":"pre-added","who":["user:FabianBrese"],"prob":1}},{"classId":"r_3","type":"linked","directed":false,"entities":["s1v1|e_2|2906,3000","s1v1|e_1|16,119"],"confidence":{"state":"pre-added","who":["user:FabianBrese"],"prob":1}},{"classId":"r_8","type":"linked","directed":false,"entities":["s1v1|e_7|2570,2627","s1v1|e_6|2630,2665"],"confidence":{"state":"pre-added","who":["user:FabianBrese"],"prob":1}},{"classId":"r_8","type":"linked","directed":false,"entities":["s1v1|e_7|2668,2746","s1v1|e_6|2749,2765"],"confidence":{"state":"pre-added","who":["user:FabianBrese"],"prob":1}}]}