{"annotatable":{"parts":["s1v1"]},"anncomplete":true,"sources":[],"metas":{},"entities":[{"classId":"e_1","part":"s1v1","offsets":[{"start":10,"text":"K könnte einen Anspruch in Höhe von 27.000€ gegenüber V gem. § 433 Abs. 2 BGB haben"}],"coordinates":[],"confidence":{"state":"pre-added","who":["user:FabianBrese"],"prob":1},"fields":{},"normalizations":{}},{"classId":"e_4","part":"s1v1","offsets":[{"start":172,"text":"Ein Angebot ist eine empfangsbedürftige Willenserklärung, die alle wesentlichen Vertragsbestandteile wie Vertragsgegenstand, Kaufpreis und Vertragspartner beinhalten muss"}],"coordinates":[],"confidence":{"state":"pre-added","who":["user:FabianBrese"],"prob":1},"fields":{},"normalizations":{}},{"classId":"e_5","part":"s1v1","offsets":[{"start":344,"text":"Selbst hat V kein Angebot abgegeben, doch A hat stellvertretend gem. § 164 Abs. 1 BGB einen Verkauf des Kraftfahrzeugs in Höhe von nicht weniger als 25.000€ an K weitergegeben."}],"coordinates":[],"confidence":{"state":"pre-added","who":["user:FabianBrese"],"prob":1},"fields":{},"normalizations":{}},{"classId":"e_7","part":"s1v1","offsets":[{"start":344,"text":"Selbst hat V kein Angebot abgegeben"}],"coordinates":[],"confidence":{"state":"pre-added","who":["user:FabianBrese"],"prob":1},"fields":{},"normalizations":{}},{"classId":"e_6","part":"s1v1","offsets":[{"start":381,"text":"doch A hat stellvertretend gem. § 164 Abs. 1 BGB einen Verkauf des Kraftfahrzeugs in Höhe von nicht weniger als 25.000€ an K weitergegeben"}],"coordinates":[],"confidence":{"state":"pre-added","who":["user:FabianBrese"],"prob":1},"fields":{},"normalizations":{}},{"classId":"e_1","part":"s1v1","offsets":[{"start":521,"text":"Hierfür müsste die Vertretung rechtskräftig sein und A muss eine eigenständige Willenserklärung im Namen von V abgegeben haben"}],"coordinates":[],"confidence":{"state":"pre-added","who":["user:FabianBrese"],"prob":1},"fields":{},"normalizations":{}},{"classId":"e_2","part":"s1v1","offsets":[{"start":687,"text":"Laut § 164 ff. BGB ist die Stellvertretung in Rechtsgeschäften und Kaufverträgen gültig"}],"coordinates":[],"confidence":{"state":"pre-added","who":["user:FabianBrese"],"prob":1},"fields":{},"normalizations":{}},{"classId":"e_5","part":"s1v1","offsets":[{"start":776,"text":"§165 unterstützt weiterhin die Aussage, dass A in diesem Falle eine zulässige Stellvertretung darstellt."}],"coordinates":[],"confidence":{"state":"pre-added","who":["user:FabianBrese"],"prob":1},"fields":{},"normalizations":{}},{"classId":"e_4","part":"s1v1","offsets":[{"start":920,"text":"Als Willenserklärung wird eine Willensäußerung verstanden, die darauf zielt, dass ein bestimmter rechtlicher Erfolg eintreten soll"}],"coordinates":[],"confidence":{"state":"pre-added","who":["user:FabianBrese"],"prob":1},"fields":{},"normalizations":{}},{"classId":"e_4","part":"s1v1","offsets":[{"start":1055,"text":"Die Willenserklärung kann ausdrücklich oder stillschweigend (schlüssig, durch konkludente Handlungen) abgegeben werden"}],"coordinates":[],"confidence":{"state":"pre-added","who":["user:FabianBrese"],"prob":1},"fields":{},"normalizations":{}},{"classId":"e_5","part":"s1v1","offsets":[{"start":1175,"text":"V überlässt A eine Aufgabe. Sie soll das Auto im Rahmen eines gewissen Betrages verkaufen (25.000€). A hält diese Bedingungen ein, indem sie ein eigenes Angebot in Höhe von 27.000€ schafft und somit hat sie bei dem Verkauf eine eigene Willenserklärung abgegeben."}],"coordinates":[],"confidence":{"state":"pre-added","who":["user:FabianBrese"],"prob":1},"fields":{},"normalizations":{}},{"classId":"e_7","part":"s1v1","offsets":[{"start":1612,"text":"A arbeitet als auszubildende bei V"}],"coordinates":[],"confidence":{"state":"pre-added","who":["user:FabianBrese"],"prob":1},"fields":{},"normalizations":{}},{"classId":"e_5","part":"s1v1","offsets":[{"start":1612,"text":"A arbeitet als auszubildende bei V und somit hat K gemerkt, dass A eine angestellte von V ist."}],"coordinates":[],"confidence":{"state":"pre-added","who":["user:FabianBrese"],"prob":1},"fields":{},"normalizations":{}},{"classId":"e_6","part":"s1v1","offsets":[{"start":1647,"text":"und somit hat K gemerkt, dass A eine angestellte von V ist"}],"coordinates":[],"confidence":{"state":"pre-added","who":["user:FabianBrese"],"prob":1},"fields":{},"normalizations":{}},{"classId":"e_2","part":"s1v1","offsets":[{"start":1707,"text":"Demnach hat A das Angebot im Namen von V abgegeben"}],"coordinates":[],"confidence":{"state":"pre-added","who":["user:FabianBrese"],"prob":1},"fields":{},"normalizations":{}},{"classId":"e_2","part":"s1v1","offsets":[{"start":1769,"text":"A hat ein wirksames Angebot stellvertretend für V. § 164 Abs. 1 BGB an K gemacht"}],"coordinates":[],"confidence":{"state":"pre-added","who":["user:FabianBrese"],"prob":1},"fields":{},"normalizations":{}},{"classId":"e_5","part":"s1v1","offsets":[{"start":1851,"text":"Das Angebot beinhaltet ein Auto in Höhe von 27.000€."}],"coordinates":[],"confidence":{"state":"pre-added","who":["user:FabianBrese"],"prob":1},"fields":{},"normalizations":{}},{"classId":"e_7","part":"s1v1","offsets":[{"start":1851,"text":"Das Angebot beinhaltet ein Auto in Höhe von 27.000€"}],"coordinates":[],"confidence":{"state":"pre-added","who":["user:FabianBrese"],"prob":1},"fields":{},"normalizations":{}},{"classId":"e_1","part":"s1v1","offsets":[{"start":1914,"text":"K müsste das Angebot von A zeitgerecht vor dem 25.02 angenommen haben"}],"coordinates":[],"confidence":{"state":"pre-added","who":["user:FabianBrese"],"prob":1},"fields":{},"normalizations":{}},{"classId":"e_4","part":"s1v1","offsets":[{"start":1985,"text":"Eine Annahme ist die in Bezug auf ein Angebot abgegebene, empfangsbedürftige Willenserklärung, durch die ein Kaufvertrag zustande kommt"}],"coordinates":[],"confidence":{"state":"pre-added","who":["user:FabianBrese"],"prob":1},"fields":{},"normalizations":{}},{"classId":"e_4","part":"s1v1","offsets":[{"start":2122,"text":"Hat der Antragende für die Annahme des Antrags eine Frist bestimmt, so kann die Annahme nur innerhalb der Frist erfolgen, § 148 BGB"}],"coordinates":[],"confidence":{"state":"pre-added","who":["user:FabianBrese"],"prob":1},"fields":{},"normalizations":{}},{"classId":"e_5","part":"s1v1","offsets":[{"start":2255,"text":"K sendete fristgerecht eine Willenserklärung per Email. A hat somit die Willenserklärung fristgerecht bekommen."}],"coordinates":[],"confidence":{"state":"pre-added","who":["user:FabianBrese"],"prob":1},"fields":{},"normalizations":{}},{"classId":"e_7","part":"s1v1","offsets":[{"start":2255,"text":"K sendete fristgerecht eine Willenserklärung per Email"}],"coordinates":[],"confidence":{"state":"pre-added","who":["user:FabianBrese"],"prob":1},"fields":{},"normalizations":{}},{"classId":"e_6","part":"s1v1","offsets":[{"start":2311,"text":"A hat somit die Willenserklärung fristgerecht bekommen"}],"coordinates":[],"confidence":{"state":"pre-added","who":["user:FabianBrese"],"prob":1},"fields":{},"normalizations":{}},{"classId":"e_2","part":"s1v1","offsets":[{"start":2367,"text":"Somit wurde das Angebot von A erfolgreich angenommen"}],"coordinates":[],"confidence":{"state":"pre-added","who":["user:FabianBrese"],"prob":1},"fields":{},"normalizations":{}},{"classId":"e_2","part":"s1v1","offsets":[{"start":2440,"text":"Zwischen A und K kam ein wirksamer Kaufvertrag zustande"}],"coordinates":[],"confidence":{"state":"pre-added","who":["user:FabianBrese"],"prob":1},"fields":{},"normalizations":{}},{"classId":"e_5","part":"s1v1","offsets":[{"start":2588,"text":"K sprach zu V, dass A sie nicht darauf hingewiesen habe, dass es kein Unfallwagen ist und somit möchte sie diesen zurückgeben."}],"coordinates":[],"confidence":{"state":"pre-added","who":["user:FabianBrese"],"prob":1},"fields":{},"normalizations":{}},{"classId":"e_7","part":"s1v1","offsets":[{"start":2588,"text":"K sprach zu V, dass A sie nicht darauf hingewiesen habe, dass es kein Unfallwagen ist"}],"coordinates":[],"confidence":{"state":"pre-added","who":["user:FabianBrese"],"prob":1},"fields":{},"normalizations":{}},{"classId":"e_6","part":"s1v1","offsets":[{"start":2674,"text":"und somit möchte sie diesen zurückgeben"}],"coordinates":[],"confidence":{"state":"pre-added","who":["user:FabianBrese"],"prob":1},"fields":{},"normalizations":{}},{"classId":"e_2","part":"s1v1","offsets":[{"start":2715,"text":"Somit ist eine Anfechtserklärung abgegeben worden"}],"coordinates":[],"confidence":{"state":"pre-added","who":["user:FabianBrese"],"prob":1},"fields":{},"normalizations":{}},{"classId":"e_1","part":"s1v1","offsets":[{"start":2781,"text":"K muss einen Anfechtsgrund gem. §§ 119 ff. BGB vorlegen"}],"coordinates":[],"confidence":{"state":"pre-added","who":["user:FabianBrese"],"prob":1},"fields":{},"normalizations":{}},{"classId":"e_5","part":"s1v1","offsets":[{"start":2905,"text":"A beneinte die Aussage, dass das Fahrzeug in einem Unfall verwickelt war. Jedoch wusste A selbst nicht, dass es ein Unfallwagen war, demnach handelt es sich um eine arglistische Täuschung."}],"coordinates":[],"confidence":{"state":"pre-added","who":["user:FabianBrese"],"prob":1},"fields":{},"normalizations":{}},{"classId":"e_7","part":"s1v1","offsets":[{"start":2905,"text":"A beneinte die Aussage, dass das Fahrzeug in einem Unfall verwickelt war"}],"coordinates":[],"confidence":{"state":"pre-added","who":["user:FabianBrese"],"prob":1},"fields":{},"normalizations":{}},{"classId":"e_6","part":"s1v1","offsets":[{"start":2980,"text":"edoch wusste A selbst nicht, dass es ein Unfallwagen war, demnach handelt es sich um eine arglistische Täuschung"}],"coordinates":[],"confidence":{"state":"pre-added","who":["user:FabianBrese"],"prob":1},"fields":{},"normalizations":{}},{"classId":"e_5","part":"s1v1","offsets":[{"start":3094,"text":"K kann nun den Kaufvertrag gegenüber V anfechten, denn es handelt sich hierbei nach § 119 BGB um eine arglistische Täuschung."}],"coordinates":[],"confidence":{"state":"pre-added","who":["user:FabianBrese"],"prob":1},"fields":{},"normalizations":{}},{"classId":"e_6","part":"s1v1","offsets":[{"start":3094,"text":"K kann nun den Kaufvertrag gegenüber V anfechten"}],"coordinates":[],"confidence":{"state":"pre-added","who":["user:FabianBrese"],"prob":1},"fields":{},"normalizations":{}},{"classId":"e_7","part":"s1v1","offsets":[{"start":3144,"text":"denn es handelt sich hierbei nach § 119 BGB um eine arglistische Täuschung"}],"coordinates":[],"confidence":{"state":"pre-added","who":["user:FabianBrese"],"prob":1},"fields":{},"normalizations":{}},{"classId":"e_2","part":"s1v1","offsets":[{"start":3231,"text":"K kann den Kaufvertrag wirksam anfechten"}],"coordinates":[],"confidence":{"state":"pre-added","who":["user:FabianBrese"],"prob":1},"fields":{},"normalizations":{}},{"classId":"e_2","part":"s1v1","offsets":[{"start":3302,"text":"K hat einen Anspruch gegenüber V in Höhe von 27.000€"}],"coordinates":[],"confidence":{"state":"pre-added","who":["user:FabianBrese"],"prob":1},"fields":{},"normalizations":{}}],"relations":[{"classId":"r_3","type":"linked","directed":false,"entities":["s1v1|e_2|2367,2418","s1v1|e_1|1914,1982"],"confidence":{"state":"pre-added","who":["user:FabianBrese"],"prob":1}},{"classId":"r_3","type":"linked","directed":false,"entities":["s1v1|e_2|3302,3353","s1v1|e_1|10,92"],"confidence":{"state":"pre-added","who":["user:FabianBrese"],"prob":1}},{"classId":"r_8","type":"linked","directed":false,"entities":["s1v1|e_7|344,378","s1v1|e_6|381,518"],"confidence":{"state":"pre-added","who":["user:FabianBrese"],"prob":1}},{"classId":"r_8","type":"linked","directed":false,"entities":["s1v1|e_7|2255,2308","s1v1|e_6|2311,2364"],"confidence":{"state":"pre-added","who":["user:FabianBrese"],"prob":1}},{"classId":"r_8","type":"linked","directed":false,"entities":["s1v1|e_7|2588,2672","s1v1|e_6|2674,2712"],"confidence":{"state":"pre-added","who":["user:FabianBrese"],"prob":1}},{"classId":"r_8","type":"linked","directed":false,"entities":["s1v1|e_7|2905,2976","s1v1|e_6|2980,3091"],"confidence":{"state":"pre-added","who":["user:FabianBrese"],"prob":1}},{"classId":"r_8","type":"linked","directed":false,"entities":["s1v1|e_7|3144,3217","s1v1|e_6|3094,3141"],"confidence":{"state":"pre-added","who":["user:FabianBrese"],"prob":1}}]}