{"annotatable":{"parts":["s1v1"]},"anncomplete":true,"sources":[],"metas":{},"entities":[{"classId":"e_1","part":"s1v1","offsets":[{"start":24,"text":"Fraglich ist, ob K gegenüber V einen Anspruch auf Übergabe der Maschine hat nach § 433 (1) S.1 BGB"}],"coordinates":[],"confidence":{"state":"pre-added","who":["user:FabianBrese"],"prob":1},"fields":{},"normalizations":{}},{"classId":"e_1","part":"s1v1","offsets":[{"start":140,"text":"Voraussetzung dafür ist, dass ein Kaufvertrag geschlossen wurde"}],"coordinates":[],"confidence":{"state":"pre-added","who":["user:FabianBrese"],"prob":1},"fields":{},"normalizations":{}},{"classId":"e_4","part":"s1v1","offsets":[{"start":205,"text":"Ein Kaufvertrag kommt durch zwei übereinstimmende Willenserklärungen, dem Angebot und der Annahme, zustande"}],"coordinates":[],"confidence":{"state":"pre-added","who":["user:FabianBrese"],"prob":1},"fields":{},"normalizations":{}},{"classId":"e_1","part":"s1v1","offsets":[{"start":329,"text":"Fraglich ist, ob V ein Angebot unterbreitet hat"}],"coordinates":[],"confidence":{"state":"pre-added","who":["user:FabianBrese"],"prob":1},"fields":{},"normalizations":{}},{"classId":"e_4","part":"s1v1","offsets":[{"start":378,"text":"Ein Angebot ist eine empfangsbedürftige Willenserklärung, die alle wesentlichen Vertragsbestand- teile beinhaltet und derartig an den Empfänger gerichtet wird, dass dieser durch bloßes Bejahen das Angebot annehmen kann"}],"coordinates":[],"confidence":{"state":"pre-added","who":["user:FabianBrese"],"prob":1},"fields":{},"normalizations":{}},{"classId":"e_5","part":"s1v1","offsets":[{"start":598,"text":"In der E-Mail der A sind mit dem Vertragsgegenstand, dem Vertragsparteien und der Gegenleis- tung alle wesentlichen Vertragsinhalte enthalten und sie ist derartig abgeschickt, dass K diesem Vertrag nur zustimmen müsste."}],"coordinates":[],"confidence":{"state":"pre-added","who":["user:FabianBrese"],"prob":1},"fields":{},"normalizations":{}},{"classId":"e_7","part":"s1v1","offsets":[{"start":598,"text":"In der E-Mail der A sind mit dem Vertragsgegenstand, dem Vertragsparteien und der Gegenleis- tung alle wesentlichen Vertragsinhalte enthalten und sie ist derartig abgeschickt"}],"coordinates":[],"confidence":{"state":"pre-added","who":["user:FabianBrese"],"prob":1},"fields":{},"normalizations":{}},{"classId":"e_6","part":"s1v1","offsets":[{"start":774,"text":"dass K diesem Vertrag nur zustimmen müsste"}],"coordinates":[],"confidence":{"state":"pre-added","who":["user:FabianBrese"],"prob":1},"fields":{},"normalizations":{}},{"classId":"e_1","part":"s1v1","offsets":[{"start":818,"text":"Fraglich ist aber, ob ein wirksames Angebot vorliegt, da V gar nicht selbst gehandelt hat"}],"coordinates":[],"confidence":{"state":"pre-added","who":["user:FabianBrese"],"prob":1},"fields":{},"normalizations":{}},{"classId":"e_1","part":"s1v1","offsets":[{"start":909,"text":"Dafür müsste A eine wirksame Stellvertretung nach § 164 (1) BGB besitzen"}],"coordinates":[],"confidence":{"state":"pre-added","who":["user:FabianBrese"],"prob":1},"fields":{},"normalizations":{}},{"classId":"e_1","part":"s1v1","offsets":[{"start":983,"text":"Dafür müsste eine zulässige Vertretung und eine eigene Willenserklärung, die im fremden Namen im Rahmen einer Vertretungsmacht geäußert wurde, vorliegen"}],"coordinates":[],"confidence":{"state":"pre-added","who":["user:FabianBrese"],"prob":1},"fields":{},"normalizations":{}},{"classId":"e_2","part":"s1v1","offsets":[{"start":1256,"text":"Bei einem Kaufvertrag liegt kein höchstpersönliches Rechtsgeschäft vor und die Vertretung ist zu- lässig"}],"coordinates":[],"confidence":{"state":"pre-added","who":["user:FabianBrese"],"prob":1},"fields":{},"normalizations":{}},{"classId":"e_1","part":"s1v1","offsets":[{"start":1393,"text":"Der Vertreter müsste nach § 164 (1) S.1 BGB eine eigenen Willenserklärung abgeben"}],"coordinates":[],"confidence":{"state":"pre-added","who":["user:FabianBrese"],"prob":1},"fields":{},"normalizations":{}},{"classId":"e_2","part":"s1v1","offsets":[{"start":1476,"text":"Da A die Verhandlung mit K selbstständig führt, liegt eine eigene Willenserklärung vor"}],"coordinates":[],"confidence":{"state":"pre-added","who":["user:FabianBrese"],"prob":1},"fields":{},"normalizations":{}},{"classId":"e_1","part":"s1v1","offsets":[{"start":1585,"text":"Der Vertreter müsste nach § 164 (1) S.1 BGB im Namen des Vertretenen handeln"}],"coordinates":[],"confidence":{"state":"pre-added","who":["user:FabianBrese"],"prob":1},"fields":{},"normalizations":{}},{"classId":"e_1","part":"s1v1","offsets":[{"start":1815,"text":"Der Vertreter müsste nach § 164 (1) S.1 BGB vom Vertretenen die Vertretungsmacht erhalten ha- ben"}],"coordinates":[],"confidence":{"state":"pre-added","who":["user:FabianBrese"],"prob":1},"fields":{},"normalizations":{}},{"classId":"e_2","part":"s1v1","offsets":[{"start":1914,"text":"Da V selbst Mitarbeiterin A zur Verhandlung beauftragt hat, besaß A eine Vertretungsmacht"}],"coordinates":[],"confidence":{"state":"pre-added","who":["user:FabianBrese"],"prob":1},"fields":{},"normalizations":{}},{"classId":"e_2","part":"s1v1","offsets":[{"start":2029,"text":"Es liegt eine wirksame Vertretung vor"}],"coordinates":[],"confidence":{"state":"pre-added","who":["user:FabianBrese"],"prob":1},"fields":{},"normalizations":{}},{"classId":"e_2","part":"s1v1","offsets":[{"start":2092,"text":"Es liegt ein wirksames Angebot vor"}],"coordinates":[],"confidence":{"state":"pre-added","who":["user:FabianBrese"],"prob":1},"fields":{},"normalizations":{}},{"classId":"e_1","part":"s1v1","offsets":[{"start":2143,"text":"K könnte das von V unterbreitete Angebot wirksam angenommen haben"}],"coordinates":[],"confidence":{"state":"pre-added","who":["user:FabianBrese"],"prob":1},"fields":{},"normalizations":{}},{"classId":"e_4","part":"s1v1","offsets":[{"start":2210,"text":"Ein Annahme ist eine empfangsbedürftige Willenserklärung, die das Einverständnis mit dem Ange- bot zum Ausdruck bringt"}],"coordinates":[],"confidence":{"state":"pre-added","who":["user:FabianBrese"],"prob":1},"fields":{},"normalizations":{}},{"classId":"e_1","part":"s1v1","offsets":[{"start":2330,"text":"Fraglich ist, ob die Annahme wirksam abgegeben wurde"}],"coordinates":[],"confidence":{"state":"pre-added","who":["user:FabianBrese"],"prob":1},"fields":{},"normalizations":{}},{"classId":"e_1","part":"s1v1","offsets":[{"start":2384,"text":"Dafür müsste die Erklärung abgegeben worden sein und der Empfänger müsste sie innerhalb der Annahmefrist zugegangen sein"}],"coordinates":[],"confidence":{"state":"pre-added","who":["user:FabianBrese"],"prob":1},"fields":{},"normalizations":{}},{"classId":"e_4","part":"s1v1","offsets":[{"start":2520,"text":"Eine Abgabe liegt vor, wenn die Erklärung willentlich geäußert wurde und der Erklärende mit dem Zugang beim Empfänger rechnen konnte"}],"coordinates":[],"confidence":{"state":"pre-added","who":["user:FabianBrese"],"prob":1},"fields":{},"normalizations":{}},{"classId":"e_5","part":"s1v1","offsets":[{"start":2654,"text":"Hier hat K bewusst eine E-Mail an die E-Mail-Adresse von V mit der Annahme des Angebots ge- schickt."}],"coordinates":[],"confidence":{"state":"pre-added","who":["user:FabianBrese"],"prob":1},"fields":{},"normalizations":{}},{"classId":"e_7","part":"s1v1","offsets":[{"start":2654,"text":"Hier hat K bewusst eine E-Mail an die E-Mail-Adresse von V mit der Annahme des Angebots ge- schickt"}],"coordinates":[],"confidence":{"state":"pre-added","who":["user:FabianBrese"],"prob":1},"fields":{},"normalizations":{}},{"classId":"e_2","part":"s1v1","offsets":[{"start":2755,"text":"Eine Abgabe ist daher zu bejahen"}],"coordinates":[],"confidence":{"state":"pre-added","who":["user:FabianBrese"],"prob":1},"fields":{},"normalizations":{}},{"classId":"e_4","part":"s1v1","offsets":[{"start":2803,"text":"Ein Zugang i.S.d. § 130 (1) S.1 BGB liegt vor, wenn die Erklärung in den Herrschaftsbereich des V gelangt und dieser unter normalen Umständen davon Kenntnis erlangt"}],"coordinates":[],"confidence":{"state":"pre-added","who":["user:FabianBrese"],"prob":1},"fields":{},"normalizations":{}},{"classId":"e_5","part":"s1v1","offsets":[{"start":2969,"text":"Die E-Mail des K kommt bei der E-Mail-Adresse des V an. Somit gelangt die in dessen Herr- schaftsbereich."}],"coordinates":[],"confidence":{"state":"pre-added","who":["user:FabianBrese"],"prob":1},"fields":{},"normalizations":{}},{"classId":"e_7","part":"s1v1","offsets":[{"start":2969,"text":"Die E-Mail des K kommt bei der E-Mail-Adresse des V an"}],"coordinates":[],"confidence":{"state":"pre-added","who":["user:FabianBrese"],"prob":1},"fields":{},"normalizations":{}},{"classId":"e_6","part":"s1v1","offsets":[{"start":3025,"text":"Somit gelangt die in dessen Herr- schaftsbereich"}],"coordinates":[],"confidence":{"state":"pre-added","who":["user:FabianBrese"],"prob":1},"fields":{},"normalizations":{}},{"classId":"e_1","part":"s1v1","offsets":[{"start":3075,"text":"Fraglich ist jedoch, ob man mit einer Kenntnisnahme rechnen kann"}],"coordinates":[],"confidence":{"state":"pre-added","who":["user:FabianBrese"],"prob":1},"fields":{},"normalizations":{}},{"classId":"e_5","part":"s1v1","offsets":[{"start":3141,"text":"Die E-Mail landet im Spam-Ordner, der dem Zweck erfüllt, ungewünschte Mails aus allen Mails zu filtern. Je- doch landen dort auch häufig E-Mails, die keine Spam-Mails sind, sondern im Zusammenhang mit dem Unternehmen stehen."}],"coordinates":[],"confidence":{"state":"pre-added","who":["user:FabianBrese"],"prob":1},"fields":{},"normalizations":{}},{"classId":"e_2","part":"s1v1","offsets":[{"start":3366,"text":"Daher kann man vom Geschäftsmann V erwarten, dass dieser auch regelmäßig seinen Spam-Ordner kontrolliert"}],"coordinates":[],"confidence":{"state":"pre-added","who":["user:FabianBrese"],"prob":1},"fields":{},"normalizations":{}},{"classId":"e_2","part":"s1v1","offsets":[{"start":3472,"text":"Ein Zugang liegt somit vor"}],"coordinates":[],"confidence":{"state":"pre-added","who":["user:FabianBrese"],"prob":1},"fields":{},"normalizations":{}},{"classId":"e_4","part":"s1v1","offsets":[{"start":3529,"text":"Der Zugang tritt erst ein, wenn man unter normalen Umständen davon ausgehen kann, dass der Empfänger von der Erklärung Kenntnis erlangt"}],"coordinates":[],"confidence":{"state":"pre-added","who":["user:FabianBrese"],"prob":1},"fields":{},"normalizations":{}},{"classId":"e_5","part":"s1v1","offsets":[{"start":3666,"text":"Im vorliegenden Fall liest V die E-Mail erst nach dem 10.03, dem Ende der Annahmefrist. Jedoch hätte man von V erwarten müssen, dass er auch am 10.03 seine E-Mails kontrolliert. Insbesondere vor dem Hintergrund, dass er dem K das Angebot mit der Frist bis zum 10.03 angetragen hat, müsste V auf jeden Fall an diesem Tag nachschauen, ob das Angebot angenommen wurde."}],"coordinates":[],"confidence":{"state":"pre-added","who":["user:FabianBrese"],"prob":1},"fields":{},"normalizations":{}},{"classId":"e_7","part":"s1v1","offsets":[{"start":3666,"text":"Im vorliegenden Fall liest V die E-Mail erst nach dem 10.03, dem Ende der Annahmefrist"}],"coordinates":[],"confidence":{"state":"pre-added","who":["user:FabianBrese"],"prob":1},"fields":{},"normalizations":{}},{"classId":"e_6","part":"s1v1","offsets":[{"start":3754,"text":"Jedoch hätte man von V erwarten müssen, dass er auch am 10.03 seine E-Mails kontrolliert"}],"coordinates":[],"confidence":{"state":"pre-added","who":["user:FabianBrese"],"prob":1},"fields":{},"normalizations":{}},{"classId":"e_2","part":"s1v1","offsets":[{"start":4032,"text":"Folglich ist der Zugang der Annahme in der Frist erfolgt"}],"coordinates":[],"confidence":{"state":"pre-added","who":["user:FabianBrese"],"prob":1},"fields":{},"normalizations":{}},{"classId":"e_2","part":"s1v1","offsets":[{"start":4114,"text":"Es liegt eine wirksame Annahme vor"}],"coordinates":[],"confidence":{"state":"pre-added","who":["user:FabianBrese"],"prob":1},"fields":{},"normalizations":{}},{"classId":"e_2","part":"s1v1","offsets":[{"start":4174,"text":"Es ist ein wirksamer Kaufvertrag zwischen K und V zustande gekommen"}],"coordinates":[],"confidence":{"state":"pre-added","who":["user:FabianBrese"],"prob":1},"fields":{},"normalizations":{}},{"classId":"e_1","part":"s1v1","offsets":[{"start":4262,"text":"Möglicherweise hat V den Kaufvertrag angefochten"}],"coordinates":[],"confidence":{"state":"pre-added","who":["user:FabianBrese"],"prob":1},"fields":{},"normalizations":{}},{"classId":"e_4","part":"s1v1","offsets":[{"start":4312,"text":"Voraussetzung ist, dass ein Anfechtungsgrund vorliegt und eine Anfechtungserklärung innerhalb der Anfechtungsfrist abgegeben wurde"}],"coordinates":[],"confidence":{"state":"pre-added","who":["user:FabianBrese"],"prob":1},"fields":{},"normalizations":{}},{"classId":"e_1","part":"s1v1","offsets":[{"start":4468,"text":"V könnte ein Irrtum über verkehrswesentliche Eigenschaften der Maschine i.S.d. § 119 (2) BGB unterlaufen sein"}],"coordinates":[],"confidence":{"state":"pre-added","who":["user:FabianBrese"],"prob":1},"fields":{},"normalizations":{}},{"classId":"e_1","part":"s1v1","offsets":[{"start":4579,"text":"Dafür müsste ein Irrtum über die Beschaffenheit der Maschine und anderen wertbildenden Fak- toren geirrt haben"}],"coordinates":[],"confidence":{"state":"pre-added","who":["user:FabianBrese"],"prob":1},"fields":{},"normalizations":{}},{"classId":"e_5","part":"s1v1","offsets":[{"start":4691,"text":"Im vorliegenden Fall waren V alle Eigenschaften der Maschinen der bekannt. Er hat lediglich nicht vorausgesehen, dass er die Maschine in Zukunft für einen viel höheren Preis hätte veräußern kön- nen."}],"coordinates":[],"confidence":{"state":"pre-added","who":["user:FabianBrese"],"prob":1},"fields":{},"normalizations":{}},{"classId":"e_7","part":"s1v1","offsets":[{"start":4691,"text":"Im vorliegenden Fall waren V alle Eigenschaften der Maschinen der bekannt"}],"coordinates":[],"confidence":{"state":"pre-added","who":["user:FabianBrese"],"prob":1},"fields":{},"normalizations":{}},{"classId":"e_6","part":"s1v1","offsets":[{"start":4766,"text":"Er hat lediglich nicht vorausgesehen, dass er die Maschine in Zukunft für einen viel höheren Preis hätte veräußern kön- nen"}],"coordinates":[],"confidence":{"state":"pre-added","who":["user:FabianBrese"],"prob":1},"fields":{},"normalizations":{}},{"classId":"e_2","part":"s1v1","offsets":[{"start":4891,"text":"Somit liegt kein Anfechtungsgrund vor"}],"coordinates":[],"confidence":{"state":"pre-added","who":["user:FabianBrese"],"prob":1},"fields":{},"normalizations":{}},{"classId":"e_2","part":"s1v1","offsets":[{"start":4954,"text":"Da kein Anfechtungsgrund vorliegt, wurde der Kaufvertrag nicht wirksam angefochten"}],"coordinates":[],"confidence":{"state":"pre-added","who":["user:FabianBrese"],"prob":1},"fields":{},"normalizations":{}},{"classId":"e_2","part":"s1v1","offsets":[{"start":5059,"text":"K hat gegenüber V einen Anspruch auf Übergabe der Maschine nach § 433 (1) S.1 BGB"}],"coordinates":[],"confidence":{"state":"pre-added","who":["user:FabianBrese"],"prob":1},"fields":{},"normalizations":{}}],"relations":[{"classId":"r_3","type":"linked","directed":false,"entities":["s1v1|e_2|1476,1561","s1v1|e_1|1393,1473"],"confidence":{"state":"pre-added","who":["user:FabianBrese"],"prob":1}},{"classId":"r_3","type":"linked","directed":false,"entities":["s1v1|e_2|1914,2002","s1v1|e_1|1815,1911"],"confidence":{"state":"pre-added","who":["user:FabianBrese"],"prob":1}},{"classId":"r_3","type":"linked","directed":false,"entities":["s1v1|e_2|2029,2065","s1v1|e_1|983,1134"],"confidence":{"state":"pre-added","who":["user:FabianBrese"],"prob":1}},{"classId":"r_3","type":"linked","directed":false,"entities":["s1v1|e_2|2092,2125","s1v1|e_1|329,375"],"confidence":{"state":"pre-added","who":["user:FabianBrese"],"prob":1}},{"classId":"r_3","type":"linked","directed":false,"entities":["s1v1|e_2|4032,4087","s1v1|e_1|2384,2503"],"confidence":{"state":"pre-added","who":["user:FabianBrese"],"prob":1}},{"classId":"r_3","type":"linked","directed":false,"entities":["s1v1|e_2|4114,4147","s1v1|e_1|2143,2207"],"confidence":{"state":"pre-added","who":["user:FabianBrese"],"prob":1}},{"classId":"r_3","type":"linked","directed":false,"entities":["s1v1|e_2|4174,4240","s1v1|e_1|140,202"],"confidence":{"state":"pre-added","who":["user:FabianBrese"],"prob":1}},{"classId":"r_3","type":"linked","directed":false,"entities":["s1v1|e_2|4891,4927","s1v1|e_1|4468,4576"],"confidence":{"state":"pre-added","who":["user:FabianBrese"],"prob":1}},{"classId":"r_3","type":"linked","directed":false,"entities":["s1v1|e_2|4954,5035","s1v1|e_1|4262,4309"],"confidence":{"state":"pre-added","who":["user:FabianBrese"],"prob":1}},{"classId":"r_3","type":"linked","directed":false,"entities":["s1v1|e_2|5059,5139","s1v1|e_1|24,121"],"confidence":{"state":"pre-added","who":["user:FabianBrese"],"prob":1}},{"classId":"r_8","type":"linked","directed":false,"entities":["s1v1|e_7|598,771","s1v1|e_6|774,815"],"confidence":{"state":"pre-added","who":["user:FabianBrese"],"prob":1}},{"classId":"r_8","type":"linked","directed":false,"entities":["s1v1|e_7|2969,3022","s1v1|e_6|3025,3072"],"confidence":{"state":"pre-added","who":["user:FabianBrese"],"prob":1}},{"classId":"r_8","type":"linked","directed":false,"entities":["s1v1|e_7|3666,3751","s1v1|e_6|3754,3841"],"confidence":{"state":"pre-added","who":["user:FabianBrese"],"prob":1}},{"classId":"r_8","type":"linked","directed":false,"entities":["s1v1|e_7|4691,4763","s1v1|e_6|4766,4888"],"confidence":{"state":"pre-added","who":["user:FabianBrese"],"prob":1}}]}