{"annotatable":{"parts":["s1v1"]},"anncomplete":true,"sources":[],"metas":{},"entities":[{"classId":"e_1","part":"s1v1","offsets":[{"start":26,"text":"H könnte einen Anspruch auf Zahlung des Kaufpreises für den Luftreiniger gegen R aus § 433 Abs. 2 haben"}],"coordinates":[],"confidence":{"state":"pre-added","who":["user:Frederike"],"prob":1},"fields":{},"normalizations":{}},{"classId":"e_4","part":"s1v1","offsets":[{"start":146,"text":"Ein Anspruch auf Zahlung eines Kaufpreises setzt voraus, dass zwischen H und R ein Kaufvertrag zustande gekommen ist, Ein Kaufvertrag ist gemäß §433 BGB ein Vertrag über den Erwerb einer Sache gegen Zahlung eines Kaufpreises"}],"coordinates":[],"confidence":{"state":"pre-added","who":["user:Frederike"],"prob":1},"fields":{},"normalizations":{}},{"classId":"e_1","part":"s1v1","offsets":[{"start":373,"text":"Es ist nun zu prüfen, ob ein rechtskräftiger Kaufvertrag zustande gekommen ist"}],"coordinates":[],"confidence":{"state":"pre-added","who":["user:Frederike"],"prob":1},"fields":{},"normalizations":{}},{"classId":"e_5","part":"s1v1","offsets":[{"start":470,"text":"Laut Sachverhalt hat die R dem H einen Antrag gem. §145 BGB über den Erwerb eines Leitz Z-1000 gemacht. Dieser wurde von H gem. §147 Abs. 1 S. 2 BGB angenommen."}],"coordinates":[],"confidence":{"state":"pre-added","who":["user:Frederike"],"prob":1},"fields":{},"normalizations":{}},{"classId":"e_7","part":"s1v1","offsets":[{"start":470,"text":"Laut Sachverhalt hat die R dem H einen Antrag gem. §145 BGB über den Erwerb eines Leitz Z-1000 gemacht"}],"coordinates":[],"confidence":{"state":"pre-added","who":["user:Frederike"],"prob":1},"fields":{},"normalizations":{}},{"classId":"e_7","part":"s1v1","offsets":[{"start":574,"text":"Dieser wurde von H gem. §147 Abs. 1 S. 2 BGB angenommen"}],"coordinates":[],"confidence":{"state":"pre-added","who":["user:Frederike"],"prob":1},"fields":{},"normalizations":{}},{"classId":"e_2","part":"s1v1","offsets":[{"start":631,"text":"Somit liegen Willenserklärungen der Käuferin R und des Verkäufers H über den Erwerb einer Sache vor"}],"coordinates":[],"confidence":{"state":"pre-added","who":["user:Frederike"],"prob":1},"fields":{},"normalizations":{}},{"classId":"e_2","part":"s1v1","offsets":[{"start":733,"text":"Jedoch liegt ein Irrtum der R beim Empfänger des Antrags vor"}],"coordinates":[],"confidence":{"state":"pre-added","who":["user:Frederike"],"prob":1},"fields":{},"normalizations":{}},{"classId":"e_4","part":"s1v1","offsets":[{"start":795,"text":"Gem. § 119 Abs 1 BGB kann eine Person die abgegebene Willenserklärung anfechten, wenn er oder sie bei Abgabe über den Inhalt der Erklärung im Irrtum war und anzunehmen ist, dass die erklärende Person bei Kenntnis der Sachlage die Willenserklärung nicht abgegeben haben würde"}],"coordinates":[],"confidence":{"state":"pre-added","who":["user:Frederike"],"prob":1},"fields":{},"normalizations":{}},{"classId":"e_4","part":"s1v1","offsets":[{"start":1071,"text":"Nach §119 Abs. II gilt als Irrtum über den Inhalt der Erklärung auch der Irrtum über Eigenschaften der Person, die im Rechtsgeschäft als wesentlich gelten"}],"coordinates":[],"confidence":{"state":"pre-added","who":["user:Frederike"],"prob":1},"fields":{},"normalizations":{}},{"classId":"e_5","part":"s1v1","offsets":[{"start":1227,"text":"Da H als Verkäufer eine wesentliche Rolle im Kaufvertrag innehat und R im Irrtum über den Empfänger ihrer Willenserklärung war, ist die Willenserklärung der R anfechtbar."}],"coordinates":[],"confidence":{"state":"pre-added","who":["user:Frederike"],"prob":1},"fields":{},"normalizations":{}},{"classId":"e_7","part":"s1v1","offsets":[{"start":1227,"text":"Da H als Verkäufer eine wesentliche Rolle im Kaufvertrag innehat und R im Irrtum über den Empfänger ihrer Willenserklärung war"}],"coordinates":[],"confidence":{"state":"pre-added","who":["user:Frederike"],"prob":1},"fields":{},"normalizations":{}},{"classId":"e_6","part":"s1v1","offsets":[{"start":1355,"text":"ist die Willenserklärung der R anfechtbar"}],"coordinates":[],"confidence":{"state":"pre-added","who":["user:Frederike"],"prob":1},"fields":{},"normalizations":{}},{"classId":"e_2","part":"s1v1","offsets":[{"start":1399,"text":"R kann somit ihre Willenserklärung und den daraus resultierenden Kaufvertrag anfechten"}],"coordinates":[],"confidence":{"state":"pre-added","who":["user:Frederike"],"prob":1},"fields":{},"normalizations":{}},{"classId":"e_2","part":"s1v1","offsets":[{"start":1487,"text":"Die Anfechtung führt zur Nichtigkeit der Willenserklärung und damit zur Nichtigkeit des damit verbundenen Rechtsgeschäfts"}],"coordinates":[],"confidence":{"state":"pre-added","who":["user:Frederike"],"prob":1},"fields":{},"normalizations":{}},{"classId":"e_2","part":"s1v1","offsets":[{"start":1611,"text":"H hat damit keinen Anspruch auf Zahlung des Kaufpreises aus §433 BGB"}],"coordinates":[],"confidence":{"state":"pre-added","who":["user:Frederike"],"prob":1},"fields":{},"normalizations":{}}],"relations":[{"classId":"r_3","type":"linked","directed":false,"entities":["s1v1|e_1|26,128","s1v1|e_2|1611,1678"],"confidence":{"state":"pre-added","who":["user:Frederike"],"prob":1}},{"classId":"r_8","type":"linked","directed":false,"entities":["s1v1|e_7|1227,1352","s1v1|e_6|1355,1395"],"confidence":{"state":"pre-added","who":["user:Frederike"],"prob":1}}]}