{"annotatable":{"parts":["s1v1"]},"anncomplete":true,"sources":[],"metas":{},"entities":[{"classId":"e_4","part":"s1v1","offsets":[{"start":161,"text":"Durch den Kaufvertrag wird der Verkäufer einer Sache verpflichtet, dem Käufer die Sache zu übergeben und das Eigentum an der Sache zu verschaffen"}],"coordinates":[],"confidence":{"state":"pre-added","who":["user:Frederike"],"prob":1},"fields":{},"normalizations":{}},{"classId":"e_4","part":"s1v1","offsets":[{"start":307,"text":"Der Verkäufer hat dem Käufer die Sache frei von Rechts- und Sachmängeln zu verschaffen"}],"coordinates":[],"confidence":{"state":"pre-added","who":["user:Frederike"],"prob":1},"fields":{},"normalizations":{}},{"classId":"e_4","part":"s1v1","offsets":[{"start":398,"text":"Der Käufer ist verpflichtendem Käufer den vereinbarten Kaufpreis zu zahlen und die gekaufte Sache abzunehmen"}],"coordinates":[],"confidence":{"state":"pre-added","who":["user:Frederike"],"prob":1},"fields":{},"normalizations":{}},{"classId":"e_1","part":"s1v1","offsets":[{"start":510,"text":"H könnte einen Anspruch auf Zahlung des Kaufpreises des Luftreinigers gemäß §433 BGB gegen R haben"}],"coordinates":[],"confidence":{"state":"pre-added","who":["user:Frederike"],"prob":1},"fields":{},"normalizations":{}},{"classId":"e_4","part":"s1v1","offsets":[{"start":696,"text":"Ein Kaufvertrag kommt durch zwei übereinstimmende Willenserklärungen, nämlich Angebot und Annahme zustande"}],"coordinates":[],"confidence":{"state":"pre-added","who":["user:Frederike"],"prob":1},"fields":{},"normalizations":{}},{"classId":"e_4","part":"s1v1","offsets":[{"start":806,"text":"Eine Willenserklärung ist die Äußerung eines Rechtsfolgewillens, also die nach außen hin wahrnehmbare Kundgabe des Willens einer Person, die einen Rechtserfolg beabsichtigt"}],"coordinates":[],"confidence":{"state":"pre-added","who":["user:Frederike"],"prob":1},"fields":{},"normalizations":{}},{"classId":"e_1","part":"s1v1","offsets":[{"start":1081,"text":"Hierfür müssten zwei übereinstimmende Willenserklärungen, nämlich Angebot und Annahme, zustande kommen"}],"coordinates":[],"confidence":{"state":"pre-added","who":["user:Frederike"],"prob":1},"fields":{},"normalizations":{}},{"classId":"e_1","part":"s1v1","offsets":[{"start":1196,"text":"Voraussetzung für den Anspruch wäre ein Angebot"}],"coordinates":[],"confidence":{"state":"pre-added","who":["user:Frederike"],"prob":1},"fields":{},"normalizations":{}},{"classId":"e_4","part":"s1v1","offsets":[{"start":1247,"text":"Ein Angebot ist eine empfangsbedürftige Willenserklärung, die auf den Abschluss eines schuldrechtlichen Vertrags gerichtet ist"}],"coordinates":[],"confidence":{"state":"pre-added","who":["user:Frederike"],"prob":1},"fields":{},"normalizations":{}},{"classId":"e_5","part":"s1v1","offsets":[{"start":1405,"text":"Laut Sachverhalt wollte R einen speziellen Aktenordner (Z-1000) bei A bestellen, bestellt aber einen Luftreiniger (Z-1000) bei H."}],"coordinates":[],"confidence":{"state":"pre-added","who":["user:Frederike"],"prob":1},"fields":{},"normalizations":{}},{"classId":"e_7","part":"s1v1","offsets":[{"start":1405,"text":"Laut Sachverhalt wollte R einen speziellen Aktenordner (Z-1000) bei A bestellen, bestellt aber einen Luftreiniger (Z-1000) bei H"}],"coordinates":[],"confidence":{"state":"pre-added","who":["user:Frederike"],"prob":1},"fields":{},"normalizations":{}},{"classId":"e_2","part":"s1v1","offsets":[{"start":1537,"text":"Ein Angebot kommt zustande"}],"coordinates":[],"confidence":{"state":"pre-added","who":["user:Frederike"],"prob":1},"fields":{},"normalizations":{}},{"classId":"e_1","part":"s1v1","offsets":[{"start":1576,"text":"Eine weitere Voraussetzung für den Anspruch wäre eine Annahme"}],"coordinates":[],"confidence":{"state":"pre-added","who":["user:Frederike"],"prob":1},"fields":{},"normalizations":{}},{"classId":"e_4","part":"s1v1","offsets":[{"start":1641,"text":"Eine Annahme ist eine Erklärung, mit der eine Person ihr Einverständnis mit einem Angebot ausdrückt"}],"coordinates":[],"confidence":{"state":"pre-added","who":["user:Frederike"],"prob":1},"fields":{},"normalizations":{}},{"classId":"e_5","part":"s1v1","offsets":[{"start":1744,"text":"Laut Sachverhalt liefert H einen Luftreiniger (Z-1000) persönlich aus."}],"coordinates":[],"confidence":{"state":"pre-added","who":["user:Frederike"],"prob":1},"fields":{},"normalizations":{}},{"classId":"e_7","part":"s1v1","offsets":[{"start":1744,"text":"Laut Sachverhalt liefert H einen Luftreiniger (Z-1000) persönlich aus"}],"coordinates":[],"confidence":{"state":"pre-added","who":["user:Frederike"],"prob":1},"fields":{},"normalizations":{}},{"classId":"e_2","part":"s1v1","offsets":[{"start":1817,"text":"Es kommt eine Annahme zustande"}],"coordinates":[],"confidence":{"state":"pre-added","who":["user:Frederike"],"prob":1},"fields":{},"normalizations":{}},{"classId":"e_2","part":"s1v1","offsets":[{"start":1851,"text":"Es kommen zwei übereinstimmende Willenserklärungen zustande"}],"coordinates":[],"confidence":{"state":"pre-added","who":["user:Frederike"],"prob":1},"fields":{},"normalizations":{}},{"classId":"e_5","part":"s1v1","offsets":[{"start":1912,"text":"Allerdings möchte R den Luftreinier nicht annehmen."}],"coordinates":[],"confidence":{"state":"pre-added","who":["user:Frederike"],"prob":1},"fields":{},"normalizations":{}},{"classId":"e_7","part":"s1v1","offsets":[{"start":1912,"text":"Allerdings möchte R den Luftreinier nicht annehmen"}],"coordinates":[],"confidence":{"state":"pre-added","who":["user:Frederike"],"prob":1},"fields":{},"normalizations":{}},{"classId":"e_2","part":"s1v1","offsets":[{"start":1966,"text":"H hat gegenüber R keinen Anspruch auf Zahlung des Kaufpreises"}],"coordinates":[],"confidence":{"state":"pre-added","who":["user:Frederike"],"prob":1},"fields":{},"normalizations":{}}],"relations":[{"classId":"r_3","type":"linked","directed":false,"entities":["s1v1|e_1|1081,1182","s1v1|e_2|1851,1909"],"confidence":{"state":"pre-added","who":["user:Frederike"],"prob":1}},{"classId":"r_3","type":"linked","directed":false,"entities":["s1v1|e_2|1537,1562","s1v1|e_1|1196,1242"],"confidence":{"state":"pre-added","who":["user:Frederike"],"prob":1}},{"classId":"r_3","type":"linked","directed":false,"entities":["s1v1|e_1|1576,1636","s1v1|e_2|1817,1846"],"confidence":{"state":"pre-added","who":["user:Frederike"],"prob":1}},{"classId":"r_3","type":"linked","directed":false,"entities":["s1v1|e_2|1966,2026","s1v1|e_1|510,607"],"confidence":{"state":"pre-added","who":["user:Frederike"],"prob":1}}]}