{"annotatable":{"parts":["s1v1"]},"anncomplete":true,"sources":[],"metas":{},"entities":[{"classId":"e_1","part":"s1v1","offsets":[{"start":0,"text":"K könnte gegen V einen Anspruch auf Übergabe und Übereignung der Maschine nach §433 Abs.1 Satz 1BGB haben"}],"coordinates":[],"confidence":{"state":"pre-added","who":["user:Frederike"],"prob":1},"fields":{},"normalizations":{}},{"classId":"e_4","part":"s1v1","offsets":[{"start":198,"text":"Ein Kaufvertrag besteht aus zwei inhaltlich übereinstimmenden, mit Bezug aufeinander abgegebenen Willenserklärungen (Angebot und Annahme, §§145 ff. BGB)"}],"coordinates":[],"confidence":{"state":"pre-added","who":["user:Frederike"],"prob":1},"fields":{},"normalizations":{}},{"classId":"e_4","part":"s1v1","offsets":[{"start":369,"text":"Ein Angebot ist eine empfangsbedürftige Willenserklärung, welche auf den Abschluss eines Vertrags gerichtet und inhaltlich so formuliert ist, dass der Erklärungsempfänger diese mit einem bloßem ,,Ja“ beantworten kann"}],"coordinates":[],"confidence":{"state":"pre-added","who":["user:Frederike"],"prob":1},"fields":{},"normalizations":{}},{"classId":"e_5","part":"s1v1","offsets":[{"start":587,"text":"Die A hat im Auftrag der V dem K per E-Mail ein zeitlich begrenztes Angebot mit sämtlichen essentialia negotii gemacht."}],"coordinates":[],"confidence":{"state":"pre-added","who":["user:Frederike"],"prob":1},"fields":{},"normalizations":{}},{"classId":"e_7","part":"s1v1","offsets":[{"start":587,"text":"Die A hat im Auftrag der V dem K per E-Mail ein zeitlich begrenztes Angebot mit sämtlichen essentialia negotii gemacht"}],"coordinates":[],"confidence":{"state":"pre-added","who":["user:Frederike"],"prob":1},"fields":{},"normalizations":{}},{"classId":"e_1","part":"s1v1","offsets":[{"start":707,"text":"Da V das Angebot nicht persönlich abgegeben hat ist fraglich, ob das Angebot der A ihrer Chefin der V nach §164 Abs.1 BGB zugerechnet werden kann"}],"coordinates":[],"confidence":{"state":"pre-added","who":["user:Frederike"],"prob":1},"fields":{},"normalizations":{}},{"classId":"e_1","part":"s1v1","offsets":[{"start":854,"text":"Hierfür müssten die Voraussetzungen einer rechtmäßigen Stellvertretung gegeben sein"}],"coordinates":[],"confidence":{"state":"pre-added","who":["user:Frederike"],"prob":1},"fields":{},"normalizations":{}},{"classId":"e_5","part":"s1v1","offsets":[{"start":972,"text":"Bei dem Abschluss des Kaufvertrages handelt es sich um kein höchstpersönliches Rechtsgeschäft,"}],"coordinates":[],"confidence":{"state":"pre-added","who":["user:Frederike"],"prob":1},"fields":{},"normalizations":{}},{"classId":"e_7","part":"s1v1","offsets":[{"start":972,"text":"Bei dem Abschluss des Kaufvertrages handelt es sich um kein höchstpersönliches Rechtsgeschäft"}],"coordinates":[],"confidence":{"state":"pre-added","who":["user:Frederike"],"prob":1},"fields":{},"normalizations":{}},{"classId":"e_2","part":"s1v1","offsets":[{"start":1067,"text":"Die Stellvertretung ist deshalb zulässig"}],"coordinates":[],"confidence":{"state":"pre-added","who":["user:Frederike"],"prob":1},"fields":{},"normalizations":{}},{"classId":"e_5","part":"s1v1","offsets":[{"start":1308,"text":"Aus dem Sachverhalt ergibt sich, dass die A von der V beauftragt wurde den Vertrag eigenverantwortlich auszuhandeln, somit liegt im Angebot der A eine eigene Willenserklärung vor."}],"coordinates":[],"confidence":{"state":"pre-added","who":["user:Frederike"],"prob":1},"fields":{},"normalizations":{}},{"classId":"e_7","part":"s1v1","offsets":[{"start":1308,"text":"Aus dem Sachverhalt ergibt sich, dass die A von der V beauftragt wurde den Vertrag eigenverantwortlich auszuhandeln"}],"coordinates":[],"confidence":{"state":"pre-added","who":["user:Frederike"],"prob":1},"fields":{},"normalizations":{}},{"classId":"e_6","part":"s1v1","offsets":[{"start":1425,"text":"somit liegt im Angebot der A eine eigene Willenserklärung vor"}],"coordinates":[],"confidence":{"state":"pre-added","who":["user:Frederike"],"prob":1},"fields":{},"normalizations":{}},{"classId":"e_5","part":"s1v1","offsets":[{"start":1512,"text":"Da K, nachdem es zu Problemen kam, direkt die V angerufen hat und nicht die A ist davon auszugehen, dass aus den Umständen erkennbar war, dass eine Erklärung im fremden Namen nach §164 Abs.1 S.2 durch die A erfolgt ist."}],"coordinates":[],"confidence":{"state":"pre-added","who":["user:Frederike"],"prob":1},"fields":{},"normalizations":{}},{"classId":"e_7","part":"s1v1","offsets":[{"start":1512,"text":"Da K, nachdem es zu Problemen kam, direkt die V angerufen hat und nicht die A"}],"coordinates":[],"confidence":{"state":"pre-added","who":["user:Frederike"],"prob":1},"fields":{},"normalizations":{}},{"classId":"e_6","part":"s1v1","offsets":[{"start":1590,"text":"ist davon auszugehen, dass aus den Umständen erkennbar war, dass eine Erklärung im fremden Namen nach §164 Abs.1 S.2 durch die A erfolgt ist"}],"coordinates":[],"confidence":{"state":"pre-added","who":["user:Frederike"],"prob":1},"fields":{},"normalizations":{}},{"classId":"e_1","part":"s1v1","offsets":[{"start":1770,"text":"A müsste durch die V wirksam Vertretungsmacht eingeräumt worden sein und im Rahmen dieser gehandelt haben"}],"coordinates":[],"confidence":{"state":"pre-added","who":["user:Frederike"],"prob":1},"fields":{},"normalizations":{}},{"classId":"e_5","part":"s1v1","offsets":[{"start":1999,"text":"Aus dem Sachverhalt ergibt sich, dass die V der A eine Spezialvollmacht nach §167 Abs.1 BGB zur Abschließung des Kaufvertrages erteilt hat."}],"coordinates":[],"confidence":{"state":"pre-added","who":["user:Frederike"],"prob":1},"fields":{},"normalizations":{}},{"classId":"e_7","part":"s1v1","offsets":[{"start":1999,"text":"Aus dem Sachverhalt ergibt sich, dass die V der A eine Spezialvollmacht nach §167 Abs.1 BGB zur Abschließung des Kaufvertrages erteilt hat"}],"coordinates":[],"confidence":{"state":"pre-added","who":["user:Frederike"],"prob":1},"fields":{},"normalizations":{}},{"classId":"e_2","part":"s1v1","offsets":[{"start":2173,"text":"Da alle Kriterien für eine Stellvertretung erfüllt sind liegt eine wirksame Erklärung der A im Namen der V nach §164 Abs.1 S.1 BGB vor"}],"coordinates":[],"confidence":{"state":"pre-added","who":["user:Frederike"],"prob":1},"fields":{},"normalizations":{}},{"classId":"e_1","part":"s1v1","offsets":[{"start":2318,"text":"Fraglich ist, ob K das Angebot angenommen hat"}],"coordinates":[],"confidence":{"state":"pre-added","who":["user:Frederike"],"prob":1},"fields":{},"normalizations":{}},{"classId":"e_4","part":"s1v1","offsets":[{"start":2383,"text":"Die Annahme ist eine empfangsbedürftige WE, durch die der Erklärende zu verstehen gibt, dass er mit dem Angebot einverstanden ist und die sich inhaltlich mit dem Angebot decken muss"}],"coordinates":[],"confidence":{"state":"pre-added","who":["user:Frederike"],"prob":1},"fields":{},"normalizations":{}},{"classId":"e_5","part":"s1v1","offsets":[{"start":2566,"text":"Hinsichtlich der essentialia negotii decken sich beide Willenserklärungen im vorliegenden Fall."}],"coordinates":[],"confidence":{"state":"pre-added","who":["user:Frederike"],"prob":1},"fields":{},"normalizations":{}},{"classId":"e_7","part":"s1v1","offsets":[{"start":2566,"text":"Hinsichtlich der essentialia negotii decken sich beide Willenserklärungen im vorliegenden Fall"}],"coordinates":[],"confidence":{"state":"pre-added","who":["user:Frederike"],"prob":1},"fields":{},"normalizations":{}},{"classId":"e_5","part":"s1v1","offsets":[{"start":2813,"text":"Bezüglich der Abgabe der Willenserklärung des K in den Rechtsverkehr, bestehen aufgrund der Absendung der E-Mail keinerlei Probleme."}],"coordinates":[],"confidence":{"state":"pre-added","who":["user:Frederike"],"prob":1},"fields":{},"normalizations":{}},{"classId":"e_7","part":"s1v1","offsets":[{"start":2813,"text":"Bezüglich der Abgabe der Willenserklärung des K in den Rechtsverkehr, bestehen aufgrund der Absendung der E-Mail keinerlei Probleme"}],"coordinates":[],"confidence":{"state":"pre-added","who":["user:Frederike"],"prob":1},"fields":{},"normalizations":{}},{"classId":"e_1","part":"s1v1","offsets":[{"start":2954,"text":"Fraglich ist, ob die Annahme auch zugegangen ist"}],"coordinates":[],"confidence":{"state":"pre-added","who":["user:Frederike"],"prob":1},"fields":{},"normalizations":{}},{"classId":"e_4","part":"s1v1","offsets":[{"start":3004,"text":"Eine empfangsbedürftige Willenserklärung ist zugegangen, wenn sie so in den Herrschaftsbereich des Empfängers gelangt ist, dass dieser unter normalen Umständen von ihr Kenntnis erlangen kann und dies nach den Gepflogenheiten des Verkehrs von ihm erwartet werden kann"}],"coordinates":[],"confidence":{"state":"pre-added","who":["user:Frederike"],"prob":1},"fields":{},"normalizations":{}},{"classId":"e_5","part":"s1v1","offsets":[{"start":3272,"text":"In diesen Fall hat K die Annahme per E-Mail an V versendet. Sowohl der Posteingang der E-Mails, als auch der Spamordner gehören beide zum Herrschaftsbereich der V, bei geschäftlich genutzten E- Mail-Adressen ist davon auszugehen, das sowohl der reguläre Eingang, als auch der Spamordner mehrmals täglich kotrolliert werden."}],"coordinates":[],"confidence":{"state":"pre-added","who":["user:Frederike"],"prob":1},"fields":{},"normalizations":{}},{"classId":"e_7","part":"s1v1","offsets":[{"start":3272,"text":"In diesen Fall hat K die Annahme per E-Mail an V versendet"}],"coordinates":[],"confidence":{"state":"pre-added","who":["user:Frederike"],"prob":1},"fields":{},"normalizations":{}},{"classId":"e_7","part":"s1v1","offsets":[{"start":3332,"text":"Sowohl der Posteingang der E-Mails, als auch der Spamordner gehören beide zum Herrschaftsbereich der V"}],"coordinates":[],"confidence":{"state":"pre-added","who":["user:Frederike"],"prob":1},"fields":{},"normalizations":{}},{"classId":"e_6","part":"s1v1","offsets":[{"start":3436,"text":"bei geschäftlich genutzten E- Mail-Adressen ist davon auszugehen, das sowohl der reguläre Eingang, als auch der Spamordner mehrmals täglich kotrolliert werden"}],"coordinates":[],"confidence":{"state":"pre-added","who":["user:Frederike"],"prob":1},"fields":{},"normalizations":{}},{"classId":"e_2","part":"s1v1","offsets":[{"start":3596,"text":"Die Annahme ist deshalb als zugegangen zu betrachten"}],"coordinates":[],"confidence":{"state":"pre-added","who":["user:Frederike"],"prob":1},"fields":{},"normalizations":{}},{"classId":"e_1","part":"s1v1","offsets":[{"start":3750,"text":"Fraglich ist dementsprechend, ob die Annahme des K bei V fristgerecht zugegangen ist"}],"coordinates":[],"confidence":{"state":"pre-added","who":["user:Frederike"],"prob":1},"fields":{},"normalizations":{}},{"classId":"e_4","part":"s1v1","offsets":[{"start":3909,"text":"Der Zugang einer Willenserklärung tritt erst dann ein, wenn der Erklärende unter normalen Umständen mit der Möglichkeit der Kenntnisnahme rechnen darf"}],"coordinates":[],"confidence":{"state":"pre-added","who":["user:Frederike"],"prob":1},"fields":{},"normalizations":{}},{"classId":"e_5","part":"s1v1","offsets":[{"start":4061,"text":"Bei einer geschäftlich genutzten Email- Adresse kann damit gerechnet werden, dass sowohl der Email-Eingang, als auch der zugehörige Spamordner während den Geschäftszeiten mehrmals täglich überprüft wird. Aus dem Sachverhalt ergibt sich, dass K die Annahme am Morgen des 10.03 per E-Mail versendet hat, weshalb mit einem Zugang am selben Tag, während der Öffnungszeiten zu rechnen ist. V hatte im vorliegenden Fall K eine Frist bis zum 10.03 gesetzt."}],"coordinates":[],"confidence":{"state":"pre-added","who":["user:Frederike"],"prob":1},"fields":{},"normalizations":{}},{"classId":"e_6","part":"s1v1","offsets":[{"start":4061,"text":"Bei einer geschäftlich genutzten Email- Adresse kann damit gerechnet werden, dass sowohl der Email-Eingang, als auch der zugehörige Spamordner während den Geschäftszeiten mehrmals täglich überprüft wird"}],"coordinates":[],"confidence":{"state":"pre-added","who":["user:Frederike"],"prob":1},"fields":{},"normalizations":{}},{"classId":"e_7","part":"s1v1","offsets":[{"start":4265,"text":"Aus dem Sachverhalt ergibt sich, dass K die Annahme am Morgen des 10.03 per E-Mail versendet hat"}],"coordinates":[],"confidence":{"state":"pre-added","who":["user:Frederike"],"prob":1},"fields":{},"normalizations":{}},{"classId":"e_6","part":"s1v1","offsets":[{"start":4363,"text":"weshalb mit einem Zugang am selben Tag, während der Öffnungszeiten zu rechnen ist"}],"coordinates":[],"confidence":{"state":"pre-added","who":["user:Frederike"],"prob":1},"fields":{},"normalizations":{}},{"classId":"e_7","part":"s1v1","offsets":[{"start":4446,"text":"V hatte im vorliegenden Fall K eine Frist bis zum 10.03 gesetzt"}],"coordinates":[],"confidence":{"state":"pre-added","who":["user:Frederike"],"prob":1},"fields":{},"normalizations":{}},{"classId":"e_1","part":"s1v1","offsets":[{"start":4511,"text":"Fraglich ist wann diese Frist geendet hat"}],"coordinates":[],"confidence":{"state":"pre-added","who":["user:Frederike"],"prob":1},"fields":{},"normalizations":{}},{"classId":"e_5","part":"s1v1","offsets":[{"start":4640,"text":"In diesem Fall liegt eine Ereignisfrist gem. §187 Abs.1 BGB vor, der Fristbeginn war der Zeitpunkt, zudem das befristete Angebot K zugegangen ist. Das Fristende einer Ereignisfrist, die nach Tagen berechnet wird ergibt sich aus § 188 Abs. 1 BGB, weshalb als Ende der Frist der Ablauf des 10.03 zu betrachten ist. Der Zugang der Annahme passierte am Morgen des 10.03 und war daher rechtzeitig."}],"coordinates":[],"confidence":{"state":"pre-added","who":["user:Frederike"],"prob":1},"fields":{},"normalizations":{}},{"classId":"e_7","part":"s1v1","offsets":[{"start":4787,"text":"Das Fristende einer Ereignisfrist, die nach Tagen berechnet wird ergibt sich aus § 188 Abs. 1 BGB"}],"coordinates":[],"confidence":{"state":"pre-added","who":["user:Frederike"],"prob":1},"fields":{},"normalizations":{}},{"classId":"e_6","part":"s1v1","offsets":[{"start":4886,"text":"weshalb als Ende der Frist der Ablauf des 10.03 zu betrachten ist"}],"coordinates":[],"confidence":{"state":"pre-added","who":["user:Frederike"],"prob":1},"fields":{},"normalizations":{}},{"classId":"e_7","part":"s1v1","offsets":[{"start":4953,"text":"Der Zugang der Annahme passierte am Morgen des 10.03"}],"coordinates":[],"confidence":{"state":"pre-added","who":["user:Frederike"],"prob":1},"fields":{},"normalizations":{}},{"classId":"e_6","part":"s1v1","offsets":[{"start":5006,"text":"und war daher rechtzeitig"}],"coordinates":[],"confidence":{"state":"pre-added","who":["user:Frederike"],"prob":1},"fields":{},"normalizations":{}},{"classId":"e_2","part":"s1v1","offsets":[{"start":5050,"text":"Es liegt eine gültige Annahme innerhalb der Frist vor (§148 BGB)"}],"coordinates":[],"confidence":{"state":"pre-added","who":["user:Frederike"],"prob":1},"fields":{},"normalizations":{}},{"classId":"e_2","part":"s1v1","offsets":[{"start":5134,"text":"Es kam zum Schluss eines Kaufvertrages zwischen K und V"}],"coordinates":[],"confidence":{"state":"pre-added","who":["user:Frederike"],"prob":1},"fields":{},"normalizations":{}},{"classId":"e_2","part":"s1v1","offsets":[{"start":5200,"text":"K hat gem. § 433 Abs.1 S. 1 Anspruch auf Übergabe und Übereignung der Maschine"}],"coordinates":[],"confidence":{"state":"pre-added","who":["user:Frederike"],"prob":1},"fields":{},"normalizations":{}},{"classId":"e_1","part":"s1v1","offsets":[{"start":5311,"text":"V könnte den Kaufvertrag nach §119 Abs.1 BGB anfechten"}],"coordinates":[],"confidence":{"state":"pre-added","who":["user:Frederike"],"prob":1},"fields":{},"normalizations":{}},{"classId":"e_5","part":"s1v1","offsets":[{"start":5575,"text":"Der Sachverhalt bietet keinerlei Anhaltspunkte an denen zu erkennen ist, dass sich die A zum Zeitpunkt der Erklärung nicht über die Sachlage im Klaren war. Die Wertsteigerung der Maschine infolge der Covid-19 Pandemie geschah erst, nachdem A ihre Erklärung abgegeben hat. Somit ist nicht davon auszugehen, dass die A zum Zeitpunkt der Abgabe nicht die genaue Sachlage gekannt hat."}],"coordinates":[],"confidence":{"state":"pre-added","who":["user:Frederike"],"prob":1},"fields":{},"normalizations":{}},{"classId":"e_6","part":"s1v1","offsets":[{"start":5575,"text":"Der Sachverhalt bietet keinerlei Anhaltspunkte an denen zu erkennen ist, dass sich die A zum Zeitpunkt der Erklärung nicht über die Sachlage im Klaren war"}],"coordinates":[],"confidence":{"state":"pre-added","who":["user:Frederike"],"prob":1},"fields":{},"normalizations":{}},{"classId":"e_7","part":"s1v1","offsets":[{"start":5731,"text":"Die Wertsteigerung der Maschine infolge der Covid-19 Pandemie geschah erst, nachdem A ihre Erklärung abgegeben hat"}],"coordinates":[],"confidence":{"state":"pre-added","who":["user:Frederike"],"prob":1},"fields":{},"normalizations":{}},{"classId":"e_6","part":"s1v1","offsets":[{"start":5847,"text":"Somit ist nicht davon auszugehen, dass die A zum Zeitpunkt der Abgabe nicht die genaue Sachlage gekannt hat"}],"coordinates":[],"confidence":{"state":"pre-added","who":["user:Frederike"],"prob":1},"fields":{},"normalizations":{}},{"classId":"e_2","part":"s1v1","offsets":[{"start":5966,"text":"Es liegt keine Anfechtungsgrundlage gem. § 119 Abs.1 BGB vor"}],"coordinates":[],"confidence":{"state":"pre-added","who":["user:Frederike"],"prob":1},"fields":{},"normalizations":{}}],"relations":[{"classId":"r_3","type":"linked","directed":false,"entities":["s1v1|e_1|707,851","s1v1|e_2|2173,2306"],"confidence":{"state":"pre-added","who":["user:Frederike"],"prob":1}},{"classId":"r_3","type":"linked","directed":false,"entities":["s1v1|e_2|3596,3647","s1v1|e_1|2954,3001"],"confidence":{"state":"pre-added","who":["user:Frederike"],"prob":1}},{"classId":"r_3","type":"linked","directed":false,"entities":["s1v1|e_1|3750,3833","s1v1|e_2|5050,5113"],"confidence":{"state":"pre-added","who":["user:Frederike"],"prob":1}},{"classId":"r_3","type":"linked","directed":false,"entities":["s1v1|e_2|5200,5277","s1v1|e_1|0,104"],"confidence":{"state":"pre-added","who":["user:Frederike"],"prob":1}},{"classId":"r_8","type":"linked","directed":false,"entities":["s1v1|e_7|1308,1422","s1v1|e_6|1425,1485"],"confidence":{"state":"pre-added","who":["user:Frederike"],"prob":1}},{"classId":"r_8","type":"linked","directed":false,"entities":["s1v1|e_7|1512,1588","s1v1|e_6|1590,1729"],"confidence":{"state":"pre-added","who":["user:Frederike"],"prob":1}},{"classId":"r_8","type":"linked","directed":false,"entities":["s1v1|e_7|3332,3433","s1v1|e_6|3436,3593"],"confidence":{"state":"pre-added","who":["user:Frederike"],"prob":1}},{"classId":"r_8","type":"linked","directed":false,"entities":["s1v1|e_7|4265,4360","s1v1|e_6|4363,4443"],"confidence":{"state":"pre-added","who":["user:Frederike"],"prob":1}},{"classId":"r_8","type":"linked","directed":false,"entities":["s1v1|e_7|4953,5004","s1v1|e_6|5006,5030"],"confidence":{"state":"pre-added","who":["user:Frederike"],"prob":1}},{"classId":"r_8","type":"linked","directed":false,"entities":["s1v1|e_6|5847,5953","s1v1|e_7|5731,5844"],"confidence":{"state":"pre-added","who":["user:Frederike"],"prob":1}}]}